Importing module 'gym_38' (/home/ubuntu/zskj/isaacgym/python/isaacgym/_bindings/linux-x86_64/gym_38.so)
Setting GYM_USD_PLUG_INFO_PATH to /home/ubuntu/zskj/isaacgym/python/isaacgym/_bindings/linux-x86_64/usd/plugInfo.json
PyTorch version 1.13.1
Device count 1
/home/ubuntu/zskj/isaacgym/python/isaacgym/_bindings/src/gymtorch
Using /home/ubuntu/.cache/torch_extensions/py38_cu117 as PyTorch extensions root...
Emitting ninja build file /home/ubuntu/.cache/torch_extensions/py38_cu117/gymtorch/build.ninja...
Building extension module gymtorch...
Allowing ninja to set a default number of workers... (overridable by setting the environment variable MAX_JOBS=N)
ninja: no work to do.
[Warning] [carb.gym.plugin] useGpuPipeline is set, forcing GPU PhysX
Not connected to PVD
+++ Using GPU PhysX
Physics Engine: PhysX
Physics Device: cuda:0
GPU Pipeline: enabled
Loading extension module gymtorch...
Gym has been unmaintained since 2022 and does not support NumPy 2.0 amongst other critical functionality.
Please upgrade to Gymnasium, the maintained drop-in replacement of Gym, or contact the authors of your software and request that they upgrade.
Users of this version of Gym should be able to simply replace 'import gym' with 'import gymnasium as gym' in the vast majority of cases.
See the migration guide at https://gymnasium.farama.org/introduction/migration_guide/ for additional information.
/home/ubuntu/zskj/learning-compliance/wbc_compliance_gym/terrains/tm_box_terrain.py:71: UserWarning: To copy construct from a tensor, it is recommended to use sourceTensor.clone().detach() or sourceTensor.clone().detach().requires_grad_(True), rather than torch.tensor(sourceTensor).
  self.height_samples = torch.tensor(self.terrain_cell_heights).view(self.env.cfg.terrain.num_rows,
/home/ubuntu/zskj/learning-compliance/wbc_compliance_gym/terrains/tm_box_terrain.py:258: UserWarning: To copy construct from a tensor, it is recommended to use sourceTensor.clone().detach() or sourceTensor.clone().detach().requires_grad_(True), rather than torch.tensor(sourceTensor).
  self.friction_samples = torch.tensor(self.terrain_cell_frictions).view(self.env.cfg.terrain.num_rows,
/home/ubuntu/zskj/learning-compliance/wbc_compliance_gym/terrains/tm_box_terrain.py:261: UserWarning: To copy construct from a tensor, it is recommended to use sourceTensor.clone().detach() or sourceTensor.clone().detach().requires_grad_(True), rather than torch.tensor(sourceTensor).
  self.roughness_samples = torch.tensor(self.terrain_cell_roughnesses).view(self.env.cfg.terrain.num_rows,
/home/ubuntu/zskj/learning-compliance/wbc_compliance_gym/terrains/tm_box_terrain.py:331: UserWarning: To copy construct from a tensor, it is recommended to use sourceTensor.clone().detach() or sourceTensor.clone().detach().requires_grad_(True), rather than torch.tensor(sourceTensor).
  self.friction_samples = torch.tensor(self.terrain_cell_frictions).view(self.env.cfg.terrain.num_rows,
/home/ubuntu/zskj/learning-compliance/wbc_compliance_gym/terrains/tm_box_terrain.py:334: UserWarning: To copy construct from a tensor, it is recommended to use sourceTensor.clone().detach() or sourceTensor.clone().detach().requires_grad_(True), rather than torch.tensor(sourceTensor).
  self.roughness_samples = torch.tensor(self.terrain_cell_roughnesses).view(self.env.cfg.terrain.num_rows,
/home/ubuntu/zskj/learning-compliance/wbc_compliance_gym/terrains/tm_box_terrain.py:337: UserWarning: To copy construct from a tensor, it is recommended to use sourceTensor.clone().detach() or sourceTensor.clone().detach().requires_grad_(True), rather than torch.tensor(sourceTensor).
  self.restitution_samples = torch.tensor(self.terrain_cell_restitutions).view(self.env.cfg.terrain.num_rows,
[cuda-debug] enabled device=cuda:0 num_envs=4000 dt=0.002 substeps=1 control_decimation=5 self_collisions=1 max_gpu_contact_pairs=16777216 default_buffer_size_multiplier=5 contact_collection=2 stats_interval=100 synchronize_cuda=True CUDA_LAUNCH_BLOCKING=1 gpu=NVIDIA GeForce RTX 4090 torch_cuda=11.7
[cuda-debug] tensors stage=clipped_actions step=0 actions[min=0,max=0,abs=0] memory_mib[allocated=923.8,reserved=954.0]
[cuda-debug] tensors stage=before_simulate step=0 substep=0 actions[min=0,max=0,abs=0] torques[min=-2.56,max=2.56,abs=2.56] joint_pos_target[min=-1.9797,max=1.28,abs=1.9797] forces[min=-70,max=70,abs=70] root_states[min=-1,max=68.5,abs=68.5] dof_pos[min=-1.9997,max=1.3,abs=1.9997] dof_vel[min=0,max=0,abs=0] memory_mib[allocated=924.6,reserved=956.0]
[cuda-debug] stage=dof_diagnostics step=0 substep=0 hard_limit_violation=[none] target_clamp=[env=3559,item=ROBOT_ARM_JOINT6,value=0.48964;env=1650,item=ROBOT_ARM_JOINT6,value=0.48914;env=3567,item=ROBOT_ARM_JOINT6,value=0.48898;env=3910,item=ROBOT_ARM_JOINT6,value=0.48894;env=1515,item=ROBOT_ARM_JOINT6,value=0.48868] velocity_excess=[none]
[cuda-debug] reached stage=before_simulate step=0 substep=0
[cuda-debug] reached stage=after_fetch_results step=0 substep=0
[cuda-debug] reached stage=after_refresh_tensors step=0 substep=0
[cuda-debug] tensors stage=after_refresh_tensors step=0 substep=0 root_states[min=-1.7304,max=68.5,abs=68.5] dof_pos[min=-1.9997,max=1.2999,abs=1.9997] dof_vel[min=-40.975,max=40.965,abs=40.975] rigid_body_state[min=-26.452,max=69.029,abs=69.029] contact_forces[min=-13760,max=18670,abs=18670] memory_mib[allocated=924.8,reserved=956.0]
[cuda-debug] stage=contact_diagnostics step=0 substep=0 top_contacts=[env=2630,item=RBL_KNEE_LINK,value=21723;env=19,item=RAR_FOOT_LINK,value=19897;env=3866,item=FBL_FOOT_LINK,value=19550;env=1618,item=FBL_KNEE_LINK,value=19004;env=3134,item=RBL_FOOT_LINK,value=18033]
[cuda-debug] reached stage=before_post_physics_step step=0
[cuda-debug] reached stage=after_post_physics_step step=0
[cuda-debug] tensors stage=step_outputs step=0 observations[min=-2.4462,max=2.5575,abs=2.5575] privileged_observations[min=-98.995,max=98.995,abs=98.995] rewards[min=0,max=0.039494,abs=0.039494] memory_mib[allocated=927.0,reserved=956.0]
Adaptation Module: Sequential(
  (0): Linear(in_features=960, out_features=256, bias=True)
  (1): ELU(alpha=1.0)
  (2): Linear(in_features=256, out_features=128, bias=True)
  (3): ELU(alpha=1.0)
  (4): Linear(in_features=128, out_features=16, bias=True)
)
Actor MLP: Sequential(
  (0): Linear(in_features=976, out_features=512, bias=True)
  (1): ELU(alpha=1.0)
  (2): Linear(in_features=512, out_features=256, bias=True)
  (3): ELU(alpha=1.0)
  (4): Linear(in_features=256, out_features=128, bias=True)
  (5): ELU(alpha=1.0)
  (6): Linear(in_features=128, out_features=22, bias=True)
)
Critic MLP: Sequential(
  (0): Linear(in_features=976, out_features=512, bias=True)
  (1): ELU(alpha=1.0)
  (2): Linear(in_features=512, out_features=256, bias=True)
  (3): ELU(alpha=1.0)
  (4): Linear(in_features=256, out_features=128, bias=True)
  (5): ELU(alpha=1.0)
  (6): Linear(in_features=128, out_features=1, bias=True)
)
Run directory: /home/ubuntu/zskj/learning-compliance/logs/zgwsarm_compliance/2026-08-18_16-29-32_zgwsarm_stability_fix
TensorBoard directory: /home/ubuntu/zskj/learning-compliance/logs/zgwsarm_compliance/2026-08-18_16-29-32_zgwsarm_stability_fix/tensorboard
Experiment logger: tensorboard

########################## Learning iteration 0/4999 ###########################
                       Computation: 21615 steps/s
                   Collection time: 8.187 s
                     Learning time: 0.696 s
               Value function loss: 0.0409
                    Surrogate loss: 0.0178
             Mean action noise std: 1.0014
                       Mean reward: 0.03
               Mean episode length: 24.92
--------------------------------------------------------------------------------
                   Total timesteps: 192000
                    Iteration time: 8.88 s
                        Total time: 8.88 s
                               ETA: 12:20:04
################################################################################
Saved checkpoint 0: /home/ubuntu/zskj/learning-compliance/logs/zgwsarm_compliance/2026-08-18_16-29-32_zgwsarm_stability_fix/checkpoints/model_000000.pt
Exported policy 0: /home/ubuntu/zskj/learning-compliance/logs/zgwsarm_compliance/2026-08-18_16-29-32_zgwsarm_stability_fix/exported/policies/policy_000000.pt

########################## Learning iteration 1/4999 ###########################
                       Computation: 21237 steps/s
                   Collection time: 8.373 s
                     Learning time: 0.667 s
               Value function loss: 0.0041
                    Surrogate loss: -0.0059
             Mean action noise std: 1.0017
                       Mean reward: 0.04
               Mean episode length: 88.88
--------------------------------------------------------------------------------
                   Total timesteps: 384000
                    Iteration time: 9.04 s
                        Total time: 17.92 s
                               ETA: 12:33:04
################################################################################
[cuda-debug] tensors stage=clipped_actions step=100 actions[min=-4.5088,max=3.9523,abs=4.5088] memory_mib[allocated=943.4,reserved=2980.0]
[cuda-debug] tensors stage=before_simulate step=100 substep=0 actions[min=-4.5088,max=3.9523,abs=4.5088] torques[min=-180,max=172.37,abs=180] joint_pos_target[min=-2.1491,max=2.1337,abs=2.1491] forces[min=-70,max=70,abs=70] root_states[min=-6.1271,max=68.956,abs=68.956] dof_pos[min=-6.283,max=6.2831,abs=6.2831] dof_vel[min=-110.14,max=110.05,abs=110.14] memory_mib[allocated=943.7,reserved=2980.0]
[cuda-debug] stage=dof_diagnostics step=100 substep=0 hard_limit_violation=[env=667,item=FAR_ABAD_JOINT,value=0.0011455;env=3846,item=RBL_ABAD_JOINT,value=0.00052392;env=3846,item=FBL_ABAD_JOINT,value=0.00017238;env=3952,item=RBL_ABAD_JOINT,value=0.00014639;env=1590,item=FAR_ABAD_JOINT,value=6.3956e-05] target_clamp=[env=3547,item=ROBOT_ARM_JOINT1,value=2.0662;env=3677,item=ROBOT_ARM_JOINT3,value=2.0415;env=3609,item=ROBOT_ARM_JOINT2,value=1.9727;env=3045,item=ROBOT_ARM_JOINT4,value=1.9532;env=2676,item=ROBOT_ARM_JOINT1,value=1.8776] velocity_excess=[env=3246,item=RAR_KNEE_JOINT,value=0.26855;env=257,item=RAR_FOOT_JOINT,value=0.13892;env=1443,item=RBL_KNEE_JOINT,value=0.1189;env=1669,item=ROBOT_ARM_JOINT1,value=0.11797;env=1051,item=RAR_FOOT_JOINT,value=0.10278]
[cuda-debug] reached stage=before_simulate step=100 substep=0
[cuda-debug] reached stage=after_fetch_results step=100 substep=0
[cuda-debug] reached stage=after_refresh_tensors step=100 substep=0
[cuda-debug] tensors stage=after_refresh_tensors step=100 substep=0 root_states[min=-5.883,max=68.958,abs=68.958] dof_pos[min=-6.2828,max=6.2821,abs=6.2828] dof_vel[min=-110.08,max=110.05,abs=110.08] rigid_body_state[min=-109.34,max=118.83,abs=118.83] contact_forces[min=-19425,max=13704,abs=19425] memory_mib[allocated=943.9,reserved=2980.0]
[cuda-debug] stage=contact_diagnostics step=100 substep=0 top_contacts=[env=3036,item=FBL_FOOT_LINK,value=23793;env=1175,item=RBL_FOOT_LINK,value=14181;env=2427,item=RAR_FOOT_LINK,value=14030;env=2569,item=RAR_FOOT_LINK,value=14016;env=1935,item=RBL_FOOT_LINK,value=13817]
[cuda-debug] reached stage=before_post_physics_step step=100
[cuda-debug] reached stage=after_post_physics_step step=100
[cuda-debug] tensors stage=step_outputs step=100 observations[min=-5.5555,max=7.8759,abs=7.8759] privileged_observations[min=-98.849,max=92.525,abs=98.849] rewards[min=0,max=0.029601,abs=0.029601] memory_mib[allocated=945.6,reserved=2980.0]

########################## Learning iteration 2/4999 ###########################
                       Computation: 20779 steps/s
                   Collection time: 8.560 s
                     Learning time: 0.680 s
               Value function loss: 0.0018
                    Surrogate loss: -0.0105
             Mean action noise std: 1.0036
                       Mean reward: 0.08
               Mean episode length: 138.99
--------------------------------------------------------------------------------
                   Total timesteps: 576000
                    Iteration time: 9.24 s
                        Total time: 27.16 s
                               ETA: 12:49:31
################################################################################

########################## Learning iteration 3/4999 ###########################
                       Computation: 20966 steps/s
                   Collection time: 8.494 s
                     Learning time: 0.663 s
               Value function loss: 0.0010
                    Surrogate loss: -0.0120
             Mean action noise std: 1.0059
                       Mean reward: 0.09
               Mean episode length: 167.38
--------------------------------------------------------------------------------
                   Total timesteps: 768000
                    Iteration time: 9.16 s
                        Total time: 36.32 s
                               ETA: 12:42:30
################################################################################
[cuda-debug] tensors stage=clipped_actions step=200 actions[min=-4.2876,max=4.3128,abs=4.3128] memory_mib[allocated=943.5,reserved=2982.0]
[cuda-debug] tensors stage=before_simulate step=200 substep=0 actions[min=-4.2876,max=4.3128,abs=4.3128] torques[min=-162.85,max=151.15,abs=162.85] joint_pos_target[min=-2.2033,max=1.9565,abs=2.2033] forces[min=-70,max=70,abs=70] root_states[min=-5.1532,max=70.098,abs=70.098] dof_pos[min=-6.2822,max=6.2824,abs=6.2824] dof_vel[min=-110.05,max=110.11,abs=110.11] memory_mib[allocated=943.8,reserved=2982.0]
[cuda-debug] stage=dof_diagnostics step=200 substep=0 hard_limit_violation=[env=243,item=FBL_ABAD_JOINT,value=0.0017067;env=3103,item=RAR_ABAD_JOINT,value=0.0016941;env=2031,item=RAR_ABAD_JOINT,value=0.0015946;env=814,item=FAR_ABAD_JOINT,value=0.00077325;env=2963,item=FAR_ABAD_JOINT,value=0.0007] target_clamp=[env=106,item=ROBOT_ARM_JOINT1,value=2.2964;env=2176,item=ROBOT_ARM_JOINT4,value=2.2063;env=1935,item=ROBOT_ARM_JOINT1,value=2.1597;env=2495,item=ROBOT_ARM_JOINT3,value=2.0884;env=212,item=ROBOT_ARM_JOINT1,value=1.9727] velocity_excess=[env=984,item=RBL_KNEE_JOINT,value=6.4697;env=2052,item=ROBOT_ARM_JOINT1,value=0.1817;env=3421,item=RAR_FOOT_JOINT,value=0.11194;env=2834,item=RBL_FOOT_JOINT,value=0.081352;env=3140,item=RBL_KNEE_JOINT,value=0.072832]
[cuda-debug] reached stage=before_simulate step=200 substep=0
[cuda-debug] reached stage=after_fetch_results step=200 substep=0
[cuda-debug] reached stage=after_refresh_tensors step=200 substep=0
[cuda-debug] tensors stage=after_refresh_tensors step=200 substep=0 root_states[min=-5.2837,max=70.1,abs=70.1] dof_pos[min=-6.2831,max=6.2821,abs=6.2831] dof_vel[min=-110.06,max=139.58,abs=139.58] rigid_body_state[min=-118.44,max=106.03,abs=118.44] contact_forces[min=-11208,max=11327,abs=11327] memory_mib[allocated=944.0,reserved=2982.0]
[cuda-debug] stage=contact_diagnostics step=200 substep=0 top_contacts=[env=2427,item=RAR_KNEE_LINK,value=12927;env=2288,item=RAR_FOOT_LINK,value=11432;env=1568,item=FBL_FOOT_LINK,value=11370;env=2613,item=RAR_FOOT_LINK,value=11344;env=1193,item=RAR_FOOT_LINK,value=11305]
[cuda-debug] reached stage=before_post_physics_step step=200
[cuda-debug] reached stage=after_post_physics_step step=200
[cuda-debug] tensors stage=step_outputs step=200 observations[min=-5.495,max=6.0354,abs=6.0354] privileged_observations[min=-98.994,max=98.806,abs=98.994] rewards[min=0,max=0.032264,abs=0.032264] memory_mib[allocated=945.7,reserved=2982.0]

########################## Learning iteration 4/4999 ###########################
                       Computation: 21405 steps/s
                   Collection time: 8.298 s
                     Learning time: 0.672 s
               Value function loss: 0.0006
                    Surrogate loss: -0.0098
             Mean action noise std: 1.0067
                       Mean reward: 0.13
               Mean episode length: 181.84
--------------------------------------------------------------------------------
                   Total timesteps: 960000
                    Iteration time: 8.97 s
                        Total time: 45.29 s
                               ETA: 12:26:43
################################################################################

########################## Learning iteration 5/4999 ###########################
                       Computation: 21604 steps/s
                   Collection time: 8.246 s
                     Learning time: 0.641 s
               Value function loss: 0.0010
                    Surrogate loss: -0.0115
             Mean action noise std: 1.0089
                       Mean reward: 0.13
               Mean episode length: 201.42
--------------------------------------------------------------------------------
                   Total timesteps: 1152000
                    Iteration time: 8.89 s
                        Total time: 54.18 s
                               ETA: 12:19:41
################################################################################
[cuda-debug] tensors stage=clipped_actions step=300 actions[min=-4.109,max=3.9415,abs=4.109] memory_mib[allocated=943.6,reserved=2982.0]
[cuda-debug] tensors stage=before_simulate step=300 substep=0 actions[min=-4.109,max=3.9415,abs=4.109] torques[min=-159.83,max=165.14,abs=165.14] joint_pos_target[min=-2.2255,max=2.1153,abs=2.2255] forces[min=-70,max=70,abs=70] root_states[min=-5.6882,max=69.925,abs=69.925] dof_pos[min=-6.2831,max=6.282,abs=6.2831] dof_vel[min=-110.11,max=110.06,abs=110.11] memory_mib[allocated=943.9,reserved=2982.0]
[cuda-debug] stage=dof_diagnostics step=300 substep=0 hard_limit_violation=[env=1855,item=FBL_ABAD_JOINT,value=0.0025209;env=1114,item=RBL_ABAD_JOINT,value=0.0012123;env=1130,item=RAR_ABAD_JOINT,value=0.0011098;env=3175,item=RBL_ABAD_JOINT,value=0.00079823;env=3993,item=RAR_ABAD_JOINT,value=0.00042349] target_clamp=[env=429,item=ROBOT_ARM_JOINT4,value=2.3768;env=3567,item=ROBOT_ARM_JOINT4,value=2.1361;env=3361,item=ROBOT_ARM_JOINT4,value=2.0162;env=3802,item=ROBOT_ARM_JOINT2,value=1.987;env=1441,item=ROBOT_ARM_JOINT5,value=1.9713] velocity_excess=[env=1599,item=RBL_KNEE_JOINT,value=3.0384;env=1855,item=ROBOT_ARM_JOINT5,value=0.25961;env=1119,item=FBL_FOOT_JOINT,value=0.1107;env=730,item=ROBOT_ARM_JOINT5,value=0.10226;env=601,item=RBL_KNEE_JOINT,value=0.081226]
[cuda-debug] reached stage=before_simulate step=300 substep=0
[cuda-debug] reached stage=after_fetch_results step=300 substep=0
[cuda-debug] reached stage=after_refresh_tensors step=300 substep=0
[cuda-debug] tensors stage=after_refresh_tensors step=300 substep=0 root_states[min=-5.8621,max=69.924,abs=69.924] dof_pos[min=-6.2814,max=6.2819,abs=6.2819] dof_vel[min=-110.11,max=200.65,abs=200.65] rigid_body_state[min=-185.31,max=109.27,abs=185.31] contact_forces[min=-21440,max=31140,abs=31140] memory_mib[allocated=944.1,reserved=2982.0]
[cuda-debug] stage=contact_diagnostics step=300 substep=0 top_contacts=[env=2888,item=RAR_HIP_LINK,value=31770;env=3687,item=FAR_FOOT_LINK,value=21992;env=839,item=FBL_KNEE_LINK,value=14059;env=3806,item=FBL_FOOT_LINK,value=13009;env=1917,item=RBL_FOOT_LINK,value=11783]
[cuda-debug] reached stage=before_post_physics_step step=300
[cuda-debug] reached stage=after_post_physics_step step=300
[cuda-debug] tensors stage=step_outputs step=300 observations[min=-5.5666,max=5.5351,abs=5.5666] privileged_observations[min=-98.907,max=98.831,abs=98.907] rewards[min=0,max=0.024444,abs=0.024444] memory_mib[allocated=945.8,reserved=2982.0]

########################## Learning iteration 6/4999 ###########################
                       Computation: 21050 steps/s
                   Collection time: 8.438 s
                     Learning time: 0.683 s
               Value function loss: 0.0004
                    Surrogate loss: -0.0071
             Mean action noise std: 1.0085
                       Mean reward: 0.13
               Mean episode length: 206.42
--------------------------------------------------------------------------------
                   Total timesteps: 1344000
                    Iteration time: 9.12 s
                        Total time: 63.30 s
                               ETA: 12:39:01
################################################################################

########################## Learning iteration 7/4999 ###########################
                       Computation: 21001 steps/s
                   Collection time: 8.468 s
                     Learning time: 0.675 s
               Value function loss: 0.0002
                    Surrogate loss: -0.0118
             Mean action noise std: 1.0082
                       Mean reward: 0.11
               Mean episode length: 210.21
--------------------------------------------------------------------------------
                   Total timesteps: 1536000
                    Iteration time: 9.14 s
                        Total time: 72.44 s
                               ETA: 12:40:38
################################################################################
[cuda-debug] tensors stage=clipped_actions step=400 actions[min=-4.4554,max=4.4113,abs=4.4554] memory_mib[allocated=943.7,reserved=2982.0]
[cuda-debug] tensors stage=before_simulate step=400 substep=0 actions[min=-4.4554,max=4.4113,abs=4.4554] torques[min=-160.39,max=178.14,abs=178.14] joint_pos_target[min=-2.2558,max=2.2066,abs=2.2558] forces[min=-70,max=70,abs=70] root_states[min=-6.8849,max=70.218,abs=70.218] dof_pos[min=-6.2829,max=6.2821,abs=6.2829] dof_vel[min=-110.04,max=110.02,abs=110.04] memory_mib[allocated=944.0,reserved=2982.0]
[cuda-debug] stage=dof_diagnostics step=400 substep=0 hard_limit_violation=[env=3296,item=RBL_ABAD_JOINT,value=0.0014225;env=1086,item=RBL_ABAD_JOINT,value=0.00047207;env=1214,item=RAR_ABAD_JOINT,value=0.0003249;env=210,item=FAR_ABAD_JOINT,value=0.00025338;env=2873,item=RAR_ABAD_JOINT,value=0.00017983] target_clamp=[env=3367,item=ROBOT_ARM_JOINT4,value=2.4908;env=3918,item=ROBOT_ARM_JOINT3,value=2.4605;env=2731,item=ROBOT_ARM_JOINT5,value=2.1077;env=310,item=ROBOT_ARM_JOINT1,value=2.0723;env=2646,item=ROBOT_ARM_JOINT6,value=2.0343] velocity_excess=[env=1202,item=ROBOT_ARM_JOINT6,value=3.3895;env=3023,item=RBL_KNEE_JOINT,value=1.9505;env=2618,item=RBL_KNEE_JOINT,value=1.2711;env=361,item=ROBOT_ARM_JOINT3,value=0.10394;env=3314,item=ROBOT_ARM_JOINT5,value=0.069298]
[cuda-debug] reached stage=before_simulate step=400 substep=0
[cuda-debug] reached stage=after_fetch_results step=400 substep=0
[cuda-debug] reached stage=after_refresh_tensors step=400 substep=0
[cuda-debug] tensors stage=after_refresh_tensors step=400 substep=0 root_states[min=-6.5695,max=70.219,abs=70.219] dof_pos[min=-6.283,max=6.2821,abs=6.283] dof_vel[min=-110.16,max=158.33,abs=158.33] rigid_body_state[min=-173.34,max=112.02,abs=173.34] contact_forces[min=-10184,max=16093,abs=16093] memory_mib[allocated=944.2,reserved=2982.0]
[cuda-debug] stage=contact_diagnostics step=400 substep=0 top_contacts=[env=1071,item=RBL_HIP_LINK,value=16966;env=2177,item=FBL_FOOT_LINK,value=13513;env=2936,item=RAR_FOOT_LINK,value=12096;env=207,item=RBL_FOOT_LINK,value=11501;env=3605,item=FBL_FOOT_LINK,value=11285]
[cuda-debug] reached stage=before_post_physics_step step=400
[cuda-debug] reached stage=after_post_physics_step step=400
[cuda-debug] tensors stage=step_outputs step=400 observations[min=-6.2506,max=6.1558,abs=6.2506] privileged_observations[min=-98.995,max=97.828,abs=98.995] rewards[min=0,max=0.026121,abs=0.026121] memory_mib[allocated=945.9,reserved=2982.0]

########################## Learning iteration 8/4999 ###########################
                       Computation: 20936 steps/s
                   Collection time: 8.493 s
                     Learning time: 0.677 s
               Value function loss: 0.0002
                    Surrogate loss: -0.0119
             Mean action noise std: 1.0068
                       Mean reward: 0.14
               Mean episode length: 223.60
--------------------------------------------------------------------------------
                   Total timesteps: 1728000
                    Iteration time: 9.17 s
                        Total time: 81.61 s
                               ETA: 12:42:51
################################################################################

########################## Learning iteration 9/4999 ###########################
                       Computation: 21203 steps/s
                   Collection time: 8.393 s
                     Learning time: 0.662 s
               Value function loss: 0.0002
                    Surrogate loss: -0.0131
             Mean action noise std: 1.0050
                       Mean reward: 0.13
               Mean episode length: 235.51
--------------------------------------------------------------------------------
                   Total timesteps: 1920000
                    Iteration time: 9.06 s
                        Total time: 90.67 s
                               ETA: 12:33:05
################################################################################
[cuda-debug] tensors stage=clipped_actions step=500 actions[min=-4.9018,max=4.4664,abs=4.9018] memory_mib[allocated=943.8,reserved=2982.0]
[cuda-debug] tensors stage=before_simulate step=500 substep=0 actions[min=-4.9018,max=4.4664,abs=4.9018] torques[min=-158.69,max=162.78,abs=162.78] joint_pos_target[min=-2.3198,max=2.027,abs=2.3198] forces[min=-70,max=70,abs=70] root_states[min=-5.648,max=70.486,abs=70.486] dof_pos[min=-6.2831,max=6.282,abs=6.2831] dof_vel[min=-135.67,max=110.51,abs=135.67] memory_mib[allocated=944.1,reserved=2982.0]
[cuda-debug] stage=dof_diagnostics step=500 substep=0 hard_limit_violation=[env=829,item=RBL_ABAD_JOINT,value=0.00073868;env=3958,item=RBL_ABAD_JOINT,value=0.0006904;env=3296,item=FBL_ABAD_JOINT,value=0.00062585;env=2514,item=FBL_ABAD_JOINT,value=0.00039244;env=3883,item=RBL_ABAD_JOINT,value=0.00017959] target_clamp=[env=2067,item=ROBOT_ARM_JOINT4,value=2.2648;env=3944,item=ROBOT_ARM_JOINT3,value=2.1796;env=470,item=ROBOT_ARM_JOINT6,value=2.0678;env=1843,item=ROBOT_ARM_JOINT6,value=2.0418;env=2815,item=ROBOT_ARM_JOINT2,value=2.018] velocity_excess=[env=3505,item=FBL_FOOT_JOINT,value=25.671;env=2443,item=RBL_KNEE_JOINT,value=4.1751;env=3552,item=RBL_KNEE_JOINT,value=1.9735;env=1379,item=FBL_FOOT_JOINT,value=0.51277;env=1656,item=FBL_KNEE_JOINT,value=0.27863]
[cuda-debug] reached stage=before_simulate step=500 substep=0
[cuda-debug] reached stage=after_fetch_results step=500 substep=0
[cuda-debug] reached stage=after_refresh_tensors step=500 substep=0
[cuda-debug] tensors stage=after_refresh_tensors step=500 substep=0 root_states[min=-5.5893,max=70.486,abs=70.486] dof_pos[min=-6.2805,max=6.2813,abs=6.2813] dof_vel[min=-110.04,max=110.06,abs=110.06] rigid_body_state[min=-107.8,max=104.87,abs=107.8] contact_forces[min=-9513.8,max=11098,abs=11098] memory_mib[allocated=944.4,reserved=2982.0]
[cuda-debug] stage=contact_diagnostics step=500 substep=0 top_contacts=[env=2584,item=RBL_FOOT_LINK,value=13438;env=2673,item=RAR_FOOT_LINK,value=11100;env=3116,item=FBL_FOOT_LINK,value=10338;env=3939,item=FAR_FOOT_LINK,value=10184;env=1211,item=RAR_FOOT_LINK,value=9972.8]
[cuda-debug] reached stage=before_post_physics_step step=500
[cuda-debug] reached stage=after_post_physics_step step=500
[cuda-debug] tensors stage=step_outputs step=500 observations[min=-5.5459,max=5.675,abs=5.675] privileged_observations[min=-98.873,max=98.991,abs=98.991] rewards[min=0,max=0.027213,abs=0.027213] memory_mib[allocated=946.0,reserved=2982.0]

########################## Learning iteration 10/4999 ##########################
                       Computation: 20976 steps/s
                   Collection time: 8.472 s
                     Learning time: 0.681 s
               Value function loss: 0.0002
                    Surrogate loss: -0.0131
             Mean action noise std: 1.0035
                       Mean reward: 0.11
               Mean episode length: 232.58
--------------------------------------------------------------------------------
                   Total timesteps: 2112000
                    Iteration time: 9.15 s
                        Total time: 99.82 s
                               ETA: 12:41:04
################################################################################

########################## Learning iteration 11/4999 ##########################
                       Computation: 21061 steps/s
                   Collection time: 8.443 s
                     Learning time: 0.673 s
               Value function loss: 0.0002
                    Surrogate loss: -0.0126
             Mean action noise std: 1.0004
                       Mean reward: 0.12
               Mean episode length: 258.48
--------------------------------------------------------------------------------
                   Total timesteps: 2304000
                    Iteration time: 9.12 s
                        Total time: 108.94 s
                               ETA: 12:37:51
################################################################################
[cuda-debug] tensors stage=clipped_actions step=600 actions[min=-4.0511,max=4.3994,abs=4.3994] memory_mib[allocated=943.9,reserved=2982.0]
[cuda-debug] tensors stage=before_simulate step=600 substep=0 actions[min=-4.0511,max=4.3994,abs=4.3994] torques[min=-171.77,max=153.01,abs=171.77] joint_pos_target[min=-2.3327,max=2.104,abs=2.3327] forces[min=-70,max=70,abs=70] root_states[min=-5.9966,max=70.091,abs=70.091] dof_pos[min=-6.2829,max=6.2828,abs=6.2829] dof_vel[min=-110.01,max=134.18,abs=134.18] memory_mib[allocated=944.2,reserved=2982.0]
[cuda-debug] stage=dof_diagnostics step=600 substep=0 hard_limit_violation=[env=3052,item=RBL_ABAD_JOINT,value=0.00041479;env=2556,item=RAR_ABAD_JOINT,value=0.00030369;env=3651,item=FBL_ABAD_JOINT,value=0.00028414;env=889,item=FAR_ABAD_JOINT,value=0.00018698;env=3340,item=RAR_ABAD_JOINT,value=9.6023e-05] target_clamp=[env=1775,item=ROBOT_ARM_JOINT5,value=2.2114;env=3527,item=ROBOT_ARM_JOINT4,value=2.1064;env=1658,item=ROBOT_ARM_JOINT5,value=2.0769;env=1316,item=ROBOT_ARM_JOINT4,value=2.0738;env=331,item=ROBOT_ARM_JOINT1,value=1.9933] velocity_excess=[env=3374,item=FBL_FOOT_JOINT,value=24.176;env=2233,item=ROBOT_ARM_JOINT5,value=0.1538;env=2695,item=FAR_KNEE_JOINT,value=0.061251;env=2796,item=RAR_KNEE_JOINT,value=0.060125;env=2664,item=ROBOT_ARM_JOINT4,value=0.055426]
[cuda-debug] reached stage=before_simulate step=600 substep=0
[cuda-debug] reached stage=after_fetch_results step=600 substep=0
[cuda-debug] reached stage=after_refresh_tensors step=600 substep=0
[cuda-debug] tensors stage=after_refresh_tensors step=600 substep=0 root_states[min=-6.3287,max=70.092,abs=70.092] dof_pos[min=-6.2831,max=6.283,abs=6.2831] dof_vel[min=-110.01,max=157.91,abs=157.91] rigid_body_state[min=-168.32,max=103.45,abs=168.32] contact_forces[min=-11975,max=13507,abs=13507] memory_mib[allocated=944.5,reserved=2982.0]
[cuda-debug] stage=contact_diagnostics step=600 substep=0 top_contacts=[env=85,item=FAR_FOOT_LINK,value=15570;env=2177,item=RBL_FOOT_LINK,value=13103;env=3906,item=RAR_FOOT_LINK,value=12732;env=3287,item=FBL_FOOT_LINK,value=10877;env=1587,item=RAR_FOOT_LINK,value=10617]
[cuda-debug] reached stage=before_post_physics_step step=600
[cuda-debug] reached stage=after_post_physics_step step=600
[cuda-debug] tensors stage=step_outputs step=600 observations[min=-5.5791,max=5.5638,abs=5.5791] privileged_observations[min=-98.995,max=97.021,abs=98.995] rewards[min=0,max=0.027463,abs=0.027463] memory_mib[allocated=946.1,reserved=2982.0]

########################## Learning iteration 12/4999 ##########################
                       Computation: 21078 steps/s
                   Collection time: 8.429 s
                     Learning time: 0.679 s
               Value function loss: 0.0002
                    Surrogate loss: -0.0136
             Mean action noise std: 0.9975
                       Mean reward: 0.13
               Mean episode length: 249.10
--------------------------------------------------------------------------------
                   Total timesteps: 2496000
                    Iteration time: 9.11 s
                        Total time: 118.04 s
                               ETA: 12:37:05
################################################################################

########################## Learning iteration 13/4999 ##########################
                       Computation: 21096 steps/s
                   Collection time: 8.429 s
                     Learning time: 0.673 s
               Value function loss: 0.0002
                    Surrogate loss: -0.0134
             Mean action noise std: 0.9949
                       Mean reward: 0.15
               Mean episode length: 263.95
--------------------------------------------------------------------------------
                   Total timesteps: 2688000
                    Iteration time: 9.10 s
                        Total time: 127.15 s
                               ETA: 12:36:18
################################################################################
[cuda-debug] tensors stage=clipped_actions step=700 actions[min=-4.772,max=4.1704,abs=4.772] memory_mib[allocated=944.0,reserved=2982.0]
[cuda-debug] tensors stage=before_simulate step=700 substep=0 actions[min=-4.772,max=4.1704,abs=4.772] torques[min=-151.46,max=152.78,abs=152.78] joint_pos_target[min=-2.2233,max=2.008,abs=2.2233] forces[min=-70,max=70,abs=70] root_states[min=-5.116,max=70.378,abs=70.378] dof_pos[min=-6.2825,max=6.2823,abs=6.2825] dof_vel[min=-110.01,max=157.17,abs=157.17] memory_mib[allocated=944.4,reserved=2982.0]
[cuda-debug] stage=dof_diagnostics step=700 substep=0 hard_limit_violation=[env=636,item=FAR_ABAD_JOINT,value=0.001788;env=2249,item=FAR_ABAD_JOINT,value=0.0011219;env=3246,item=FBL_ABAD_JOINT,value=0.00073171;env=1158,item=FAR_ABAD_JOINT,value=0.0006718;env=175,item=FAR_ABAD_JOINT,value=0.00016451] target_clamp=[env=379,item=ROBOT_ARM_JOINT3,value=2.3317;env=3254,item=ROBOT_ARM_JOINT2,value=2.2081;env=3639,item=ROBOT_ARM_JOINT2,value=2.207;env=3025,item=ROBOT_ARM_JOINT5,value=2.192;env=2091,item=ROBOT_ARM_JOINT6,value=2.116] velocity_excess=[env=1462,item=FAR_FOOT_JOINT,value=47.171;env=2187,item=RAR_KNEE_JOINT,value=2.7542;env=1462,item=FAR_KNEE_JOINT,value=2.6039;env=2904,item=FBL_KNEE_JOINT,value=1.4336;env=3598,item=ROBOT_ARM_JOINT5,value=0.13373]
[cuda-debug] reached stage=before_simulate step=700 substep=0
[cuda-debug] reached stage=after_fetch_results step=700 substep=0
[cuda-debug] reached stage=after_refresh_tensors step=700 substep=0
[cuda-debug] tensors stage=after_refresh_tensors step=700 substep=0 root_states[min=-5.085,max=70.379,abs=70.379] dof_pos[min=-6.2827,max=6.2826,abs=6.2827] dof_vel[min=-110.02,max=110.02,abs=110.02] rigid_body_state[min=-112.35,max=99.48,abs=112.35] contact_forces[min=-9100.2,max=13673,abs=13673] memory_mib[allocated=944.6,reserved=2982.0]
[cuda-debug] stage=contact_diagnostics step=700 substep=0 top_contacts=[env=1424,item=RBL_KNEE_LINK,value=17300;env=3718,item=RAR_KNEE_LINK,value=15488;env=2936,item=RAR_FOOT_LINK,value=13639;env=1045,item=FAR_FOOT_LINK,value=12986;env=3950,item=RBL_FOOT_LINK,value=11636]
[cuda-debug] reached stage=before_post_physics_step step=700
[cuda-debug] reached stage=after_post_physics_step step=700
[cuda-debug] tensors stage=step_outputs step=700 observations[min=-5.5024,max=5.5355,abs=5.5355] privileged_observations[min=-98.816,max=98.406,abs=98.816] rewards[min=0,max=0.027993,abs=0.027993] memory_mib[allocated=946.3,reserved=2982.0]

########################## Learning iteration 14/4999 ##########################
                       Computation: 21526 steps/s
                   Collection time: 8.236 s
                     Learning time: 0.683 s
               Value function loss: 0.0002
                    Surrogate loss: -0.0134
             Mean action noise std: 0.9923
                       Mean reward: 0.17
               Mean episode length: 255.29
--------------------------------------------------------------------------------
                   Total timesteps: 2880000
                    Iteration time: 8.92 s
                        Total time: 136.06 s
                               ETA: 12:21:01
################################################################################

########################## Learning iteration 15/4999 ##########################
                       Computation: 21185 steps/s
                   Collection time: 8.381 s
                     Learning time: 0.682 s
               Value function loss: 0.0002
                    Surrogate loss: -0.0138
             Mean action noise std: 0.9898
                       Mean reward: 0.16
               Mean episode length: 245.46
--------------------------------------------------------------------------------
                   Total timesteps: 3072000
                    Iteration time: 9.06 s
                        Total time: 145.13 s
                               ETA: 12:32:49
################################################################################
[cuda-debug] tensors stage=clipped_actions step=800 actions[min=-4.5812,max=4.5814,abs=4.5814] memory_mib[allocated=944.1,reserved=2982.0]
[cuda-debug] tensors stage=before_simulate step=800 substep=0 actions[min=-4.5812,max=4.5814,abs=4.5814] torques[min=-169.07,max=157.58,abs=169.07] joint_pos_target[min=-2.1514,max=2.0177,abs=2.1514] forces[min=-70,max=70,abs=70] root_states[min=-6.3876,max=70.767,abs=70.767] dof_pos[min=-6.2797,max=6.2816,abs=6.2816] dof_vel[min=-110,max=110.06,abs=110.06] memory_mib[allocated=944.5,reserved=2982.0]
[cuda-debug] stage=dof_diagnostics step=800 substep=0 hard_limit_violation=[env=2512,item=FAR_ABAD_JOINT,value=0.0022021;env=364,item=FBL_ABAD_JOINT,value=0.00088269;env=2726,item=FBL_ABAD_JOINT,value=0.00059134;env=429,item=FBL_ABAD_JOINT,value=0.00023282;env=1842,item=RAR_ABAD_JOINT,value=0.00011653] target_clamp=[env=1499,item=ROBOT_ARM_JOINT5,value=2.2568;env=3385,item=ROBOT_ARM_JOINT3,value=2.1376;env=178,item=ROBOT_ARM_JOINT2,value=2.0604;env=230,item=ROBOT_ARM_JOINT4,value=2.0152;env=940,item=ROBOT_ARM_JOINT5,value=2.013] velocity_excess=[env=1239,item=RBL_KNEE_JOINT,value=0.13563;env=2254,item=ROBOT_ARM_JOINT4,value=0.13363;env=16,item=ROBOT_ARM_JOINT1,value=0.099531;env=133,item=ROBOT_ARM_JOINT1,value=0.090494;env=1756,item=ROBOT_ARM_JOINT5,value=0.072865]
[cuda-debug] reached stage=before_simulate step=800 substep=0
[cuda-debug] reached stage=after_fetch_results step=800 substep=0
[cuda-debug] reached stage=after_refresh_tensors step=800 substep=0
[cuda-debug] tensors stage=after_refresh_tensors step=800 substep=0 root_states[min=-6.1203,max=70.768,abs=70.768] dof_pos[min=-6.2825,max=6.2831,abs=6.2831] dof_vel[min=-110.03,max=110.94,abs=110.94] rigid_body_state[min=-112.65,max=113.51,abs=113.51] contact_forces[min=-10540,max=11726,abs=11726] memory_mib[allocated=944.7,reserved=2982.0]
[cuda-debug] stage=contact_diagnostics step=800 substep=0 top_contacts=[env=1663,item=FBL_FOOT_LINK,value=12950;env=1838,item=FAR_FOOT_LINK,value=12564;env=2692,item=FBL_FOOT_LINK,value=12022;env=716,item=RAR_FOOT_LINK,value=11089;env=1461,item=RAR_FOOT_LINK,value=10870]
[cuda-debug] reached stage=before_post_physics_step step=800
[cuda-debug] reached stage=after_post_physics_step step=800
[cuda-debug] tensors stage=step_outputs step=800 observations[min=-6.6531,max=5.5335,abs=6.6531] privileged_observations[min=-98.956,max=98.992,abs=98.992] rewards[min=0,max=0.027142,abs=0.027142] memory_mib[allocated=946.4,reserved=2982.0]

########################## Learning iteration 16/4999 ##########################
                       Computation: 21387 steps/s
                   Collection time: 8.292 s
                     Learning time: 0.685 s
               Value function loss: 0.0002
                    Surrogate loss: -0.0142
             Mean action noise std: 0.9869
                       Mean reward: 0.13
               Mean episode length: 244.28
--------------------------------------------------------------------------------
                   Total timesteps: 3264000
                    Iteration time: 8.98 s
                        Total time: 154.10 s
                               ETA: 12:25:32
################################################################################

########################## Learning iteration 17/4999 ##########################
                       Computation: 21812 steps/s
                   Collection time: 8.127 s
                     Learning time: 0.675 s
               Value function loss: 0.0002
                    Surrogate loss: -0.0147
             Mean action noise std: 0.9836
                       Mean reward: 0.17
               Mean episode length: 246.96
--------------------------------------------------------------------------------
                   Total timesteps: 3456000
                    Iteration time: 8.80 s
                        Total time: 162.91 s
                               ETA: 12:10:52
################################################################################
[cuda-debug] tensors stage=clipped_actions step=900 actions[min=-4.2817,max=4.002,abs=4.2817] memory_mib[allocated=944.2,reserved=2982.0]
[cuda-debug] tensors stage=before_simulate step=900 substep=0 actions[min=-4.2817,max=4.002,abs=4.2817] torques[min=-180,max=155.76,abs=180] joint_pos_target[min=-2.6009,max=2.2508,abs=2.6009] forces[min=-70,max=70,abs=70] root_states[min=-5.6318,max=70.796,abs=70.796] dof_pos[min=-6.2812,max=6.2823,abs=6.2823] dof_vel[min=-108.08,max=108.45,abs=108.45] memory_mib[allocated=944.6,reserved=2982.0]
[cuda-debug] stage=dof_diagnostics step=900 substep=0 hard_limit_violation=[env=2047,item=FBL_ABAD_JOINT,value=0.0013401;env=3658,item=FAR_ABAD_JOINT,value=0.00020504;env=2253,item=RAR_ABAD_JOINT,value=0.00013101;env=2889,item=FAR_ABAD_JOINT,value=0.00012684;env=2556,item=RAR_ABAD_JOINT,value=6.64e-05] target_clamp=[env=2883,item=ROBOT_ARM_JOINT1,value=2.3436;env=1472,item=ROBOT_ARM_JOINT1,value=2.189;env=3741,item=ROBOT_ARM_JOINT6,value=2.1199;env=1701,item=ROBOT_ARM_JOINT3,value=2.1036;env=3438,item=ROBOT_ARM_JOINT4,value=2.0069] velocity_excess=[env=1018,item=ROBOT_ARM_JOINT5,value=0.11885;env=2482,item=ROBOT_ARM_JOINT3,value=0.10595;env=3079,item=ROBOT_ARM_JOINT4,value=0.075689;env=3856,item=ROBOT_ARM_JOINT1,value=0.051182;env=1231,item=ROBOT_ARM_JOINT3,value=0.044929]
[cuda-debug] reached stage=before_simulate step=900 substep=0
[cuda-debug] reached stage=after_fetch_results step=900 substep=0
[cuda-debug] reached stage=after_refresh_tensors step=900 substep=0
[cuda-debug] tensors stage=after_refresh_tensors step=900 substep=0 root_states[min=-5.7882,max=70.796,abs=70.796] dof_pos[min=-6.2827,max=6.2807,abs=6.2827] dof_vel[min=-106.81,max=110.03,abs=110.03] rigid_body_state[min=-102.37,max=110.91,abs=110.91] contact_forces[min=-12008,max=14243,abs=14243] memory_mib[allocated=944.8,reserved=2982.0]
[cuda-debug] stage=contact_diagnostics step=900 substep=0 top_contacts=[env=385,item=FBL_FOOT_LINK,value=17072;env=1688,item=FBL_FOOT_LINK,value=14500;env=1033,item=FBL_FOOT_LINK,value=14436;env=1663,item=FBL_FOOT_LINK,value=13663;env=1997,item=FAR_FOOT_LINK,value=13648]
[cuda-debug] reached stage=before_post_physics_step step=900
[cuda-debug] reached stage=after_post_physics_step step=900
[cuda-debug] tensors stage=step_outputs step=900 observations[min=-5.4043,max=5.532,abs=5.532] privileged_observations[min=-98.981,max=98.826,abs=98.981] rewards[min=0,max=0.027227,abs=0.027227] memory_mib[allocated=946.5,reserved=2982.0]

########################## Learning iteration 18/4999 ##########################
                       Computation: 21227 steps/s
                   Collection time: 8.368 s
                     Learning time: 0.677 s
               Value function loss: 0.0002
                    Surrogate loss: -0.0145
             Mean action noise std: 0.9804
                       Mean reward: 0.16
               Mean episode length: 324.87
--------------------------------------------------------------------------------
                   Total timesteps: 3648000
                    Iteration time: 9.04 s
                        Total time: 171.95 s
                               ETA: 12:30:52
################################################################################

########################## Learning iteration 19/4999 ##########################
                       Computation: 21543 steps/s
                   Collection time: 8.252 s
                     Learning time: 0.660 s
               Value function loss: 0.0003
                    Surrogate loss: -0.0148
             Mean action noise std: 0.9771
                       Mean reward: 0.16
               Mean episode length: 312.32
--------------------------------------------------------------------------------
                   Total timesteps: 3840000
                    Iteration time: 8.91 s
                        Total time: 180.86 s
                               ETA: 12:19:42
################################################################################
[cuda-debug] tensors stage=clipped_actions step=1000 actions[min=-4.3775,max=4.3992,abs=4.3992] memory_mib[allocated=944.3,reserved=2982.0]
[cuda-debug] tensors stage=before_simulate step=1000 substep=0 actions[min=-4.3775,max=4.3992,abs=4.3992] torques[min=-150.58,max=146.62,abs=150.58] joint_pos_target[min=-2.2252,max=1.9799,abs=2.2252] forces[min=-70,max=70,abs=70] root_states[min=-6.1126,max=70.978,abs=70.978] dof_pos[min=-6.2818,max=6.2831,abs=6.2831] dof_vel[min=-107.88,max=117.1,abs=117.1] memory_mib[allocated=944.7,reserved=2982.0]
[cuda-debug] stage=dof_diagnostics step=1000 substep=0 hard_limit_violation=[env=3228,item=RAR_ABAD_JOINT,value=0.00083596;env=3145,item=RAR_ABAD_JOINT,value=0.00024235;env=1772,item=FBL_ABAD_JOINT,value=0.00018299;env=1539,item=RBL_ABAD_JOINT,value=0.00010568;env=3341,item=FBL_ABAD_JOINT,value=0.00010234] target_clamp=[env=3113,item=ROBOT_ARM_JOINT1,value=2.2011;env=98,item=ROBOT_ARM_JOINT6,value=2.1807;env=1363,item=ROBOT_ARM_JOINT5,value=2.1662;env=3578,item=ROBOT_ARM_JOINT2,value=2.164;env=2009,item=ROBOT_ARM_JOINT4,value=2.0646] velocity_excess=[env=2288,item=FAR_FOOT_JOINT,value=7.0986;env=2288,item=FAR_KNEE_JOINT,value=3.7019;env=521,item=RAR_FOOT_JOINT,value=3.229;env=2519,item=RBL_KNEE_JOINT,value=1.1514;env=728,item=FAR_ABAD_JOINT,value=0.26133]
[cuda-debug] reached stage=before_simulate step=1000 substep=0
[cuda-debug] reached stage=after_fetch_results step=1000 substep=0
[cuda-debug] reached stage=after_refresh_tensors step=1000 substep=0
[cuda-debug] tensors stage=after_refresh_tensors step=1000 substep=0 root_states[min=-6.1758,max=70.98,abs=70.98] dof_pos[min=-6.2819,max=6.2802,abs=6.2819] dof_vel[min=-110.02,max=110.09,abs=110.09] rigid_body_state[min=-104.21,max=103.68,abs=104.21] contact_forces[min=-19028,max=12127,abs=19028] memory_mib[allocated=944.9,reserved=2982.0]
[cuda-debug] stage=contact_diagnostics step=1000 substep=0 top_contacts=[env=3679,item=RAR_FOOT_LINK,value=19813;env=1997,item=RBL_FOOT_LINK,value=13235;env=717,item=RBL_FOOT_LINK,value=12960;env=3343,item=FAR_FOOT_LINK,value=12911;env=2936,item=RAR_FOOT_LINK,value=12359]
[cuda-debug] reached stage=before_post_physics_step step=1000
[cuda-debug] reached stage=after_post_physics_step step=1000
[cuda-debug] tensors stage=step_outputs step=1000 observations[min=-5.025,max=5.4296,abs=5.4296] privileged_observations[min=-98.954,max=98.147,abs=98.954] rewards[min=0,max=0.027147,abs=0.027147] memory_mib[allocated=946.6,reserved=2982.0]

########################## Learning iteration 20/4999 ##########################
                       Computation: 21617 steps/s
                   Collection time: 8.201 s
                     Learning time: 0.681 s
               Value function loss: 0.0005
                    Surrogate loss: -0.0150
             Mean action noise std: 0.9733
                       Mean reward: 0.25
               Mean episode length: 328.31
--------------------------------------------------------------------------------
                   Total timesteps: 4032000
                    Iteration time: 8.88 s
                        Total time: 189.75 s
                               ETA: 12:17:02
################################################################################

########################## Learning iteration 21/4999 ##########################
                       Computation: 22052 steps/s
                   Collection time: 8.044 s
                     Learning time: 0.662 s
               Value function loss: 0.0003
                    Surrogate loss: -0.0144
             Mean action noise std: 0.9708
                       Mean reward: 0.22
               Mean episode length: 298.75
--------------------------------------------------------------------------------
                   Total timesteps: 4224000
                    Iteration time: 8.71 s
                        Total time: 198.45 s
                               ETA: 12:02:20
################################################################################
[cuda-debug] tensors stage=clipped_actions step=1100 actions[min=-4.242,max=4.8222,abs=4.8222] memory_mib[allocated=944.4,reserved=2982.0]
[cuda-debug] tensors stage=before_simulate step=1100 substep=0 actions[min=-4.242,max=4.8222,abs=4.8222] torques[min=-155.42,max=163.57,abs=163.57] joint_pos_target[min=-2.3213,max=2.0434,abs=2.3213] forces[min=-70,max=70,abs=70] root_states[min=-5.326,max=70.524,abs=70.524] dof_pos[min=-6.2823,max=6.2815,abs=6.2823] dof_vel[min=-110.01,max=136.55,abs=136.55] memory_mib[allocated=944.8,reserved=2982.0]
[cuda-debug] stage=dof_diagnostics step=1100 substep=0 hard_limit_violation=[env=1502,item=FBL_ABAD_JOINT,value=0.0039464;env=2282,item=FBL_ABAD_JOINT,value=0.00085503;env=93,item=FAR_ABAD_JOINT,value=0.00059527;env=2521,item=FAR_ABAD_JOINT,value=0.00049591;env=2840,item=RAR_ABAD_JOINT,value=0.00023717] target_clamp=[env=297,item=ROBOT_ARM_JOINT3,value=2.1466;env=3317,item=ROBOT_ARM_JOINT2,value=2.0287;env=1605,item=ROBOT_ARM_JOINT4,value=1.957;env=3454,item=ROBOT_ARM_JOINT6,value=1.9547;env=589,item=ROBOT_ARM_JOINT4,value=1.9236] velocity_excess=[env=3309,item=FBL_FOOT_JOINT,value=26.554;env=2811,item=ROBOT_ARM_JOINT5,value=0.076553;env=3221,item=ROBOT_ARM_JOINT5,value=0.054899;env=2505,item=ROBOT_ARM_JOINT4,value=0.038471;env=692,item=ROBOT_ARM_JOINT1,value=0.036326]
[cuda-debug] reached stage=before_simulate step=1100 substep=0
[cuda-debug] reached stage=after_fetch_results step=1100 substep=0
[cuda-debug] reached stage=after_refresh_tensors step=1100 substep=0
[cuda-debug] tensors stage=after_refresh_tensors step=1100 substep=0 root_states[min=-5.1543,max=70.525,abs=70.525] dof_pos[min=-6.2819,max=6.2831,abs=6.2831] dof_vel[min=-102.59,max=110.39,abs=110.39] rigid_body_state[min=-105.76,max=96.144,abs=105.76] contact_forces[min=-20538,max=12131,abs=20538] memory_mib[allocated=945.0,reserved=2982.0]
[cuda-debug] stage=contact_diagnostics step=1100 substep=0 top_contacts=[env=3679,item=RAR_FOOT_LINK,value=21427;env=2651,item=RAR_FOOT_LINK,value=14022;env=1663,item=FBL_FOOT_LINK,value=12948;env=3808,item=RBL_FOOT_LINK,value=12740;env=1461,item=RAR_FOOT_LINK,value=11800]
[cuda-debug] reached stage=before_post_physics_step step=1100
[cuda-debug] reached stage=after_post_physics_step step=1100
[cuda-debug] tensors stage=step_outputs step=1100 observations[min=-5.3888,max=5.4855,abs=5.4855] privileged_observations[min=-98.926,max=98.723,abs=98.926] rewards[min=0,max=0.028388,abs=0.028388] memory_mib[allocated=946.7,reserved=2982.0]

########################## Learning iteration 22/4999 ##########################
                       Computation: 21608 steps/s
                   Collection time: 8.230 s
                     Learning time: 0.655 s
               Value function loss: 0.0003
                    Surrogate loss: -0.0140
             Mean action noise std: 0.9675
                       Mean reward: 0.25
               Mean episode length: 294.67
--------------------------------------------------------------------------------
                   Total timesteps: 4416000
                    Iteration time: 8.89 s
                        Total time: 207.34 s
                               ETA: 12:17:02
################################################################################

########################## Learning iteration 23/4999 ##########################
                       Computation: 21374 steps/s
                   Collection time: 8.325 s
                     Learning time: 0.657 s
               Value function loss: 0.0003
                    Surrogate loss: -0.0148
             Mean action noise std: 0.9643
                       Mean reward: 0.27
               Mean episode length: 342.31
--------------------------------------------------------------------------------
                   Total timesteps: 4608000
                    Iteration time: 8.98 s
                        Total time: 216.32 s
                               ETA: 12:24:56
################################################################################
[cuda-debug] tensors stage=clipped_actions step=1200 actions[min=-4.8854,max=4.8634,abs=4.8854] memory_mib[allocated=944.6,reserved=2982.0]
[cuda-debug] tensors stage=before_simulate step=1200 substep=0 actions[min=-4.8854,max=4.8634,abs=4.8854] torques[min=-149.33,max=133.21,abs=149.33] joint_pos_target[min=-2.2369,max=2.0457,abs=2.2369] forces[min=-70,max=70,abs=70] root_states[min=-5.0144,max=70.593,abs=70.593] dof_pos[min=-6.282,max=6.2825,abs=6.2825] dof_vel[min=-155.82,max=113.53,abs=155.82] memory_mib[allocated=944.9,reserved=2982.0]
[cuda-debug] stage=dof_diagnostics step=1200 substep=0 hard_limit_violation=[env=1698,item=FAR_ABAD_JOINT,value=0.00050646;env=2556,item=RAR_ABAD_JOINT,value=0.00029385;env=293,item=RAR_ABAD_JOINT,value=0.0002116;env=482,item=RBL_ABAD_JOINT,value=0.00011653;env=2522,item=FAR_ABAD_JOINT,value=7.6652e-05] target_clamp=[env=3605,item=ROBOT_ARM_JOINT1,value=2.3054;env=1148,item=ROBOT_ARM_JOINT5,value=2.2539;env=2213,item=ROBOT_ARM_JOINT2,value=2.096;env=1066,item=ROBOT_ARM_JOINT5,value=2.0702;env=3018,item=ROBOT_ARM_JOINT3,value=2.0611] velocity_excess=[env=2254,item=RBL_FOOT_JOINT,value=45.821;env=3,item=RBL_FOOT_JOINT,value=39.44;env=1126,item=RBL_FOOT_JOINT,value=3.5266;env=3,item=RBL_KNEE_JOINT,value=1.5076;env=1126,item=RBL_KNEE_JOINT,value=1.1483]
[cuda-debug] reached stage=before_simulate step=1200 substep=0
[cuda-debug] reached stage=after_fetch_results step=1200 substep=0
[cuda-debug] reached stage=after_refresh_tensors step=1200 substep=0
[cuda-debug] tensors stage=after_refresh_tensors step=1200 substep=0 root_states[min=-4.9797,max=70.594,abs=70.594] dof_pos[min=-6.2832,max=6.2832,abs=6.2832] dof_vel[min=-103.31,max=104.34,abs=104.34] rigid_body_state[min=-96.658,max=98.731,abs=98.731] contact_forces[min=-13308,max=12646,abs=13308] memory_mib[allocated=945.1,reserved=2982.0]
[cuda-debug] stage=contact_diagnostics step=1200 substep=0 top_contacts=[env=2627,item=RBL_FOOT_LINK,value=14280;env=3304,item=RAR_FOOT_LINK,value=14086;env=3679,item=RAR_FOOT_LINK,value=13732;env=2651,item=RAR_FOOT_LINK,value=13344;env=1663,item=FBL_FOOT_LINK,value=13281]
[cuda-debug] reached stage=before_post_physics_step step=1200
[cuda-debug] reached stage=after_post_physics_step step=1200
[cuda-debug] tensors stage=step_outputs step=1200 observations[min=-4.971,max=8.7628,abs=8.7628] privileged_observations[min=-98.189,max=98.809,abs=98.809] rewards[min=0,max=0.026913,abs=0.026913] memory_mib[allocated=946.8,reserved=2982.0]

########################## Learning iteration 24/4999 ##########################
                       Computation: 21495 steps/s
                   Collection time: 8.237 s
                     Learning time: 0.695 s
               Value function loss: 0.0003
                    Surrogate loss: -0.0150
             Mean action noise std: 0.9609
                       Mean reward: 0.32
               Mean episode length: 319.93
--------------------------------------------------------------------------------
                   Total timesteps: 4800000
                    Iteration time: 8.93 s
                        Total time: 225.25 s
                               ETA: 12:20:36
################################################################################

########################## Learning iteration 25/4999 ##########################
                       Computation: 21416 steps/s
                   Collection time: 8.312 s
                     Learning time: 0.653 s
               Value function loss: 0.0004
                    Surrogate loss: -0.0144
             Mean action noise std: 0.9565
                       Mean reward: 0.24
               Mean episode length: 344.27
--------------------------------------------------------------------------------
                   Total timesteps: 4992000
                    Iteration time: 8.97 s
                        Total time: 234.22 s
                               ETA: 12:23:12
################################################################################

########################## Learning iteration 26/4999 ##########################
                       Computation: 21894 steps/s
                   Collection time: 8.131 s
                     Learning time: 0.639 s
               Value function loss: 0.0054
                    Surrogate loss: -0.0146
             Mean action noise std: 0.9530
                       Mean reward: 0.32
               Mean episode length: 288.67
--------------------------------------------------------------------------------
                   Total timesteps: 5184000
                    Iteration time: 8.77 s
                        Total time: 242.99 s
                               ETA: 12:06:50
################################################################################
[cuda-debug] tensors stage=clipped_actions step=1300 actions[min=-4.5391,max=4.469,abs=4.5391] memory_mib[allocated=943.4,reserved=2982.0]
[cuda-debug] tensors stage=before_simulate step=1300 substep=0 actions[min=-4.5391,max=4.469,abs=4.5391] torques[min=-156,max=145.85,abs=156] joint_pos_target[min=-2.2835,max=2.1134,abs=2.2835] forces[min=-70,max=70,abs=70] root_states[min=-5.4098,max=70.48,abs=70.48] dof_pos[min=-6.2827,max=6.2832,abs=6.2832] dof_vel[min=-102.53,max=99.043,abs=102.53] memory_mib[allocated=943.7,reserved=2982.0]
[cuda-debug] stage=dof_diagnostics step=1300 substep=0 hard_limit_violation=[env=1,item=RAR_ABAD_JOINT,value=0.00060296;env=3204,item=FAR_ABAD_JOINT,value=0.00045848;env=834,item=FBL_ABAD_JOINT,value=0.00016338;env=3388,item=FAR_ABAD_JOINT,value=0.00016129;env=1754,item=FBL_ABAD_JOINT,value=0.00015718] target_clamp=[env=136,item=ROBOT_ARM_JOINT3,value=2.1402;env=1608,item=ROBOT_ARM_JOINT5,value=2.0699;env=1735,item=ROBOT_ARM_JOINT2,value=2.0609;env=522,item=ROBOT_ARM_JOINT6,value=1.9965;env=3638,item=ROBOT_ARM_JOINT4,value=1.9522] velocity_excess=[env=3270,item=ROBOT_ARM_JOINT1,value=0.096097;env=2791,item=ROBOT_ARM_JOINT5,value=0.079469;env=3153,item=ROBOT_ARM_JOINT5,value=0.077335;env=3600,item=ROBOT_ARM_JOINT5,value=0.061281;env=3629,item=ROBOT_ARM_JOINT4,value=0.038255]
[cuda-debug] reached stage=before_simulate step=1300 substep=0
[cuda-debug] reached stage=after_fetch_results step=1300 substep=0
[cuda-debug] reached stage=after_refresh_tensors step=1300 substep=0
[cuda-debug] tensors stage=after_refresh_tensors step=1300 substep=0 root_states[min=-5.325,max=70.481,abs=70.481] dof_pos[min=-6.2832,max=6.2829,abs=6.2832] dof_vel[min=-100.03,max=98.037,abs=100.03] rigid_body_state[min=-97.063,max=95.537,abs=97.063] contact_forces[min=-10898,max=20137,abs=20137] memory_mib[allocated=943.9,reserved=2982.0]
[cuda-debug] stage=contact_diagnostics step=1300 substep=0 top_contacts=[env=3304,item=RAR_KNEE_LINK,value=20171;env=2978,item=RAR_FOOT_LINK,value=17975;env=2627,item=RBL_FOOT_LINK,value=14830;env=2651,item=RAR_FOOT_LINK,value=13176;env=1997,item=RBL_FOOT_LINK,value=12613]
[cuda-debug] reached stage=before_post_physics_step step=1300
[cuda-debug] reached stage=after_post_physics_step step=1300
[cuda-debug] tensors stage=step_outputs step=1300 observations[min=-4.5391,max=4.9642,abs=4.9642] privileged_observations[min=-97.999,max=98.814,abs=98.814] rewards[min=0,max=0.030073,abs=0.030073] memory_mib[allocated=945.6,reserved=2982.0]

########################## Learning iteration 27/4999 ##########################
                       Computation: 22073 steps/s
                   Collection time: 8.019 s
                     Learning time: 0.679 s
               Value function loss: 0.0009
                    Surrogate loss: -0.0146
             Mean action noise std: 0.9517
                       Mean reward: 0.33
               Mean episode length: 335.81
--------------------------------------------------------------------------------
                   Total timesteps: 5376000
                    Iteration time: 8.70 s
                        Total time: 251.68 s
                               ETA: 12:00:48
################################################################################

########################## Learning iteration 28/4999 ##########################
                       Computation: 22167 steps/s
                   Collection time: 7.997 s
                     Learning time: 0.664 s
               Value function loss: 0.0005
                    Surrogate loss: -0.0148
             Mean action noise std: 0.9494
                       Mean reward: 0.45
               Mean episode length: 373.32
--------------------------------------------------------------------------------
                   Total timesteps: 5568000
                    Iteration time: 8.66 s
                        Total time: 260.35 s
                               ETA: 11:57:35
################################################################################
[cuda-debug] tensors stage=clipped_actions step=1400 actions[min=-4.8751,max=4.0155,abs=4.8751] memory_mib[allocated=943.5,reserved=2982.0]
[cuda-debug] tensors stage=before_simulate step=1400 substep=0 actions[min=-4.8751,max=4.0155,abs=4.8751] torques[min=-135.02,max=147.17,abs=147.17] joint_pos_target[min=-2.2288,max=2.0474,abs=2.2288] forces[min=-70,max=70,abs=70] root_states[min=-5.3668,max=71.219,abs=71.219] dof_pos[min=-6.2831,max=6.2813,abs=6.2831] dof_vel[min=-93.625,max=110.24,abs=110.24] memory_mib[allocated=943.8,reserved=2982.0]
[cuda-debug] stage=dof_diagnostics step=1400 substep=0 hard_limit_violation=[env=434,item=FAR_ABAD_JOINT,value=0.0011356;env=390,item=FAR_ABAD_JOINT,value=0.00052166;env=1340,item=FAR_ABAD_JOINT,value=0.00047106;env=2904,item=RAR_ABAD_JOINT,value=0.00042963;env=3303,item=RAR_ABAD_JOINT,value=0.00042611] target_clamp=[env=2302,item=ROBOT_ARM_JOINT6,value=2.4106;env=3909,item=ROBOT_ARM_JOINT3,value=2.3493;env=2959,item=ROBOT_ARM_JOINT5,value=2.2067;env=3994,item=ROBOT_ARM_JOINT1,value=2.1637;env=3615,item=ROBOT_ARM_JOINT6,value=2.1176] velocity_excess=[env=390,item=ROBOT_ARM_JOINT5,value=2.6505;env=1249,item=FAR_KNEE_JOINT,value=1.9084;env=2546,item=ROBOT_ARM_JOINT5,value=0.77756;env=1249,item=FAR_FOOT_JOINT,value=0.23984;env=416,item=ROBOT_ARM_JOINT5,value=0.11143]
[cuda-debug] reached stage=before_simulate step=1400 substep=0
[cuda-debug] reached stage=after_fetch_results step=1400 substep=0
[cuda-debug] reached stage=after_refresh_tensors step=1400 substep=0
[cuda-debug] tensors stage=after_refresh_tensors step=1400 substep=0 root_states[min=-5.2558,max=71.221,abs=71.221] dof_pos[min=-6.2825,max=6.2799,abs=6.2825] dof_vel[min=-88.926,max=93.222,abs=93.222] rigid_body_state[min=-85.663,max=79.503,abs=85.663] contact_forces[min=-8656,max=16975,abs=16975] memory_mib[allocated=944.0,reserved=2982.0]
[cuda-debug] stage=contact_diagnostics step=1400 substep=0 top_contacts=[env=2978,item=RAR_FOOT_LINK,value=18117;env=3453,item=FBL_FOOT_LINK,value=15231;env=717,item=RBL_FOOT_LINK,value=12910;env=1663,item=FBL_FOOT_LINK,value=12641;env=1526,item=RBL_FOOT_LINK,value=11888]
[cuda-debug] reached stage=before_post_physics_step step=1400
[cuda-debug] reached stage=after_post_physics_step step=1400
[cuda-debug] tensors stage=step_outputs step=1400 observations[min=-5.2417,max=4.8929,abs=5.2417] privileged_observations[min=-96.311,max=98.967,abs=98.967] rewards[min=0,max=0.03183,abs=0.03183] memory_mib[allocated=945.7,reserved=2982.0]

########################## Learning iteration 29/4999 ##########################
                       Computation: 21700 steps/s
                   Collection time: 8.193 s
                     Learning time: 0.655 s
               Value function loss: 0.0004
                    Surrogate loss: -0.0155
             Mean action noise std: 0.9464
                       Mean reward: 0.49
               Mean episode length: 390.89
--------------------------------------------------------------------------------
                   Total timesteps: 5760000
                    Iteration time: 8.85 s
                        Total time: 269.19 s
                               ETA: 12:12:53
################################################################################

########################## Learning iteration 30/4999 ##########################
                       Computation: 21291 steps/s
                   Collection time: 8.356 s
                     Learning time: 0.662 s
               Value function loss: 0.0005
                    Surrogate loss: -0.0147
             Mean action noise std: 0.9433
                       Mean reward: 0.39
               Mean episode length: 351.11
--------------------------------------------------------------------------------
                   Total timesteps: 5952000
                    Iteration time: 9.02 s
                        Total time: 278.21 s
                               ETA: 12:26:49
################################################################################
[cuda-debug] tensors stage=clipped_actions step=1500 actions[min=-4.5225,max=4.0608,abs=4.5225] memory_mib[allocated=943.6,reserved=2982.0]
[cuda-debug] tensors stage=before_simulate step=1500 substep=0 actions[min=-4.5225,max=4.0608,abs=4.5225] torques[min=-147.33,max=158.94,abs=158.94] joint_pos_target[min=-2.3399,max=2.1158,abs=2.3399] forces[min=-70,max=70,abs=70] root_states[min=-6.0275,max=70.627,abs=70.627] dof_pos[min=-6.2802,max=6.2825,abs=6.2825] dof_vel[min=-110.02,max=104.12,abs=110.02] memory_mib[allocated=943.9,reserved=2982.0]
[cuda-debug] stage=dof_diagnostics step=1500 substep=0 hard_limit_violation=[env=1810,item=FAR_ABAD_JOINT,value=0.0023078;env=143,item=FBL_ABAD_JOINT,value=0.0016301;env=1597,item=FAR_ABAD_JOINT,value=0.0012299;env=3134,item=FBL_ABAD_JOINT,value=0.00063574;env=1049,item=FAR_ABAD_JOINT,value=0.00044155] target_clamp=[env=250,item=ROBOT_ARM_JOINT3,value=2.4136;env=3472,item=ROBOT_ARM_JOINT4,value=2.2025;env=1967,item=ROBOT_ARM_JOINT2,value=2.1494;env=1041,item=ROBOT_ARM_JOINT5,value=2.1142;env=3483,item=ROBOT_ARM_JOINT5,value=2.0867] velocity_excess=[env=1810,item=ROBOT_ARM_JOINT5,value=1.8678;env=1208,item=ROBOT_ARM_JOINT5,value=0.12528;env=714,item=ROBOT_ARM_JOINT5,value=0.10817;env=3159,item=RBL_KNEE_JOINT,value=0.10281;env=957,item=ROBOT_ARM_JOINT1,value=0.086527]
[cuda-debug] reached stage=before_simulate step=1500 substep=0
[cuda-debug] reached stage=after_fetch_results step=1500 substep=0
[cuda-debug] reached stage=after_refresh_tensors step=1500 substep=0
[cuda-debug] tensors stage=after_refresh_tensors step=1500 substep=0 root_states[min=-5.8986,max=70.628,abs=70.628] dof_pos[min=-6.2832,max=6.2797,abs=6.2832] dof_vel[min=-110.05,max=104.63,abs=110.05] rigid_body_state[min=-88.668,max=93.279,abs=93.279] contact_forces[min=-13090,max=14549,abs=14549] memory_mib[allocated=944.1,reserved=2982.0]
[cuda-debug] stage=contact_diagnostics step=1500 substep=0 top_contacts=[env=1261,item=RAR_FOOT_LINK,value=15167;env=1330,item=FAR_FOOT_LINK,value=14749;env=2598,item=RBL_FOOT_LINK,value=14620;env=997,item=RBL_KNEE_LINK,value=14488;env=3679,item=RAR_FOOT_LINK,value=14178]
[cuda-debug] reached stage=before_post_physics_step step=1500
[cuda-debug] reached stage=after_post_physics_step step=1500
[cuda-debug] tensors stage=step_outputs step=1500 observations[min=-4.8372,max=4.9911,abs=4.9911] privileged_observations[min=-94.188,max=98.794,abs=98.794] rewards[min=0,max=0.030949,abs=0.030949] memory_mib[allocated=945.8,reserved=2982.0]

########################## Learning iteration 31/4999 ##########################
                       Computation: 21569 steps/s
                   Collection time: 8.223 s
                     Learning time: 0.679 s
               Value function loss: 0.0005
                    Surrogate loss: -0.0149
             Mean action noise std: 0.9415
                       Mean reward: 0.48
               Mean episode length: 364.53
--------------------------------------------------------------------------------
                   Total timesteps: 6144000
                    Iteration time: 8.90 s
                        Total time: 287.11 s
                               ETA: 12:17:01
################################################################################

########################## Learning iteration 32/4999 ##########################
                       Computation: 21708 steps/s
                   Collection time: 8.194 s
                     Learning time: 0.651 s
               Value function loss: 0.0006
                    Surrogate loss: -0.0146
             Mean action noise std: 0.9380
                       Mean reward: 0.40
               Mean episode length: 303.93
--------------------------------------------------------------------------------
                   Total timesteps: 6336000
                    Iteration time: 8.84 s
                        Total time: 295.96 s
                               ETA: 12:12:10
################################################################################
[cuda-debug] tensors stage=clipped_actions step=1600 actions[min=-5.0061,max=4.4491,abs=5.0061] memory_mib[allocated=943.7,reserved=2982.0]
[cuda-debug] tensors stage=before_simulate step=1600 substep=0 actions[min=-5.0061,max=4.4491,abs=5.0061] torques[min=-137.96,max=170.79,abs=170.79] joint_pos_target[min=-2.2717,max=2.0721,abs=2.2717] forces[min=-70,max=70,abs=70] root_states[min=-5.7814,max=70.921,abs=70.921] dof_pos[min=-6.2821,max=6.2831,abs=6.2831] dof_vel[min=-94.651,max=109.99,abs=109.99] memory_mib[allocated=944.0,reserved=2982.0]
[cuda-debug] stage=dof_diagnostics step=1600 substep=0 hard_limit_violation=[env=1963,item=RAR_ABAD_JOINT,value=0.00032759;env=1353,item=RAR_ABAD_JOINT,value=0.00026107;env=3134,item=FBL_ABAD_JOINT,value=0.00015867;env=539,item=FAR_ABAD_JOINT,value=2.1875e-05;env=1153,item=RAR_ABAD_JOINT,value=1.7822e-05] target_clamp=[env=1389,item=ROBOT_ARM_JOINT2,value=2.5888;env=129,item=ROBOT_ARM_JOINT2,value=2.2824;env=868,item=ROBOT_ARM_JOINT4,value=2.1434;env=963,item=ROBOT_ARM_JOINT6,value=2.0409;env=3731,item=ROBOT_ARM_JOINT2,value=2.0119] velocity_excess=[env=330,item=ROBOT_ARM_JOINT4,value=0.12738;env=817,item=ROBOT_ARM_JOINT5,value=0.080991;env=3282,item=ROBOT_ARM_JOINT1,value=0.064669;env=3191,item=ROBOT_ARM_JOINT3,value=0.06453;env=3439,item=ROBOT_ARM_JOINT5,value=0.063159]
[cuda-debug] reached stage=before_simulate step=1600 substep=0
[cuda-debug] reached stage=after_fetch_results step=1600 substep=0
[cuda-debug] reached stage=after_refresh_tensors step=1600 substep=0
[cuda-debug] tensors stage=after_refresh_tensors step=1600 substep=0 root_states[min=-5.4911,max=70.921,abs=70.921] dof_pos[min=-6.2828,max=6.2828,abs=6.2828] dof_vel[min=-86.057,max=126.15,abs=126.15] rigid_body_state[min=-100.35,max=80.369,abs=100.35] contact_forces[min=-12058,max=18702,abs=18702] memory_mib[allocated=944.2,reserved=2982.0]
[cuda-debug] stage=contact_diagnostics step=1600 substep=0 top_contacts=[env=2953,item=FAR_HIP_LINK,value=21888;env=1261,item=RAR_FOOT_LINK,value=14897;env=1997,item=FBL_FOOT_LINK,value=14378;env=1663,item=FBL_FOOT_LINK,value=13800;env=2849,item=FAR_FOOT_LINK,value=11994]
[cuda-debug] reached stage=before_post_physics_step step=1600
[cuda-debug] reached stage=after_post_physics_step step=1600
[cuda-debug] tensors stage=step_outputs step=1600 observations[min=-5.0061,max=5.0517,abs=5.0517] privileged_observations[min=-98.993,max=98.98,abs=98.993] rewards[min=0,max=0.029394,abs=0.029394] memory_mib[allocated=945.9,reserved=2982.0]

########################## Learning iteration 33/4999 ##########################
                       Computation: 21566 steps/s
                   Collection time: 8.261 s
                     Learning time: 0.642 s
               Value function loss: 0.0006
                    Surrogate loss: -0.0148
             Mean action noise std: 0.9354
                       Mean reward: 0.53
               Mean episode length: 340.31
--------------------------------------------------------------------------------
                   Total timesteps: 6528000
                    Iteration time: 8.90 s
                        Total time: 304.86 s
                               ETA: 12:16:50
################################################################################

########################## Learning iteration 34/4999 ##########################
                       Computation: 21587 steps/s
                   Collection time: 8.226 s
                     Learning time: 0.667 s
               Value function loss: 0.0007
                    Surrogate loss: -0.0154
             Mean action noise std: 0.9324
                       Mean reward: 0.35
               Mean episode length: 364.18
--------------------------------------------------------------------------------
                   Total timesteps: 6720000
                    Iteration time: 8.89 s
                        Total time: 313.75 s
                               ETA: 12:15:58
################################################################################
[cuda-debug] tensors stage=clipped_actions step=1700 actions[min=-5.0187,max=4.6191,abs=5.0187] memory_mib[allocated=943.8,reserved=2982.0]
[cuda-debug] tensors stage=before_simulate step=1700 substep=0 actions[min=-5.0187,max=4.6191,abs=5.0187] torques[min=-155.47,max=143.9,abs=155.47] joint_pos_target[min=-2.2889,max=2.0526,abs=2.2889] forces[min=-70,max=70,abs=70] root_states[min=-6.1757,max=70.958,abs=70.958] dof_pos[min=-6.2823,max=6.2831,abs=6.2831] dof_vel[min=-92.597,max=97.361,abs=97.361] memory_mib[allocated=944.1,reserved=2982.0]
[cuda-debug] stage=dof_diagnostics step=1700 substep=0 hard_limit_violation=[env=138,item=RAR_ABAD_JOINT,value=0.00033438;env=3665,item=FAR_ABAD_JOINT,value=0.00011694;env=2627,item=FAR_ABAD_JOINT,value=9.6798e-05;env=1201,item=RAR_ABAD_JOINT,value=5.0068e-05;env=2919,item=FAR_ABAD_JOINT,value=4.5776e-05] target_clamp=[env=3169,item=ROBOT_ARM_JOINT4,value=2.4556;env=781,item=ROBOT_ARM_JOINT5,value=2.3249;env=3718,item=ROBOT_ARM_JOINT2,value=2.1375;env=1777,item=ROBOT_ARM_JOINT1,value=2.1328;env=2379,item=ROBOT_ARM_JOINT5,value=2.1013] velocity_excess=[env=1498,item=RBL_KNEE_JOINT,value=0.097744;env=2955,item=ROBOT_ARM_JOINT4,value=0.068192;env=320,item=ROBOT_ARM_JOINT3,value=0.063661;env=2228,item=ROBOT_ARM_JOINT4,value=0.053227;env=2268,item=ROBOT_ARM_JOINT5,value=0.02994]
[cuda-debug] reached stage=before_simulate step=1700 substep=0
[cuda-debug] reached stage=after_fetch_results step=1700 substep=0
[cuda-debug] reached stage=after_refresh_tensors step=1700 substep=0
[cuda-debug] tensors stage=after_refresh_tensors step=1700 substep=0 root_states[min=-4.7945,max=70.958,abs=70.958] dof_pos[min=-6.2828,max=6.2788,abs=6.2828] dof_vel[min=-85.593,max=209.17,abs=209.17] rigid_body_state[min=-214.88,max=84.574,abs=214.88] contact_forces[min=-14042,max=15336,abs=15336] memory_mib[allocated=944.4,reserved=2982.0]
[cuda-debug] stage=contact_diagnostics step=1700 substep=0 top_contacts=[env=3009,item=FBL_FOOT_LINK,value=18287;env=1261,item=RAR_FOOT_LINK,value=16394;env=855,item=FBL_FOOT_LINK,value=15515;env=3271,item=FBL_FOOT_LINK,value=13407;env=3679,item=RAR_FOOT_LINK,value=12899]
[cuda-debug] reached stage=before_post_physics_step step=1700
[cuda-debug] reached stage=after_post_physics_step step=1700
[cuda-debug] tensors stage=step_outputs step=1700 observations[min=-5.0187,max=4.6191,abs=5.0187] privileged_observations[min=-98.932,max=94.286,abs=98.932] rewards[min=0,max=0.029775,abs=0.029775] memory_mib[allocated=946.0,reserved=2982.0]

########################## Learning iteration 35/4999 ##########################
                       Computation: 21517 steps/s
                   Collection time: 8.245 s
                     Learning time: 0.678 s
               Value function loss: 0.0010
                    Surrogate loss: -0.0153
             Mean action noise std: 0.9292
                       Mean reward: 0.51
               Mean episode length: 349.52
--------------------------------------------------------------------------------
                   Total timesteps: 6912000
                    Iteration time: 8.92 s
                        Total time: 322.68 s
                               ETA: 12:18:14
################################################################################

########################## Learning iteration 36/4999 ##########################
                       Computation: 21667 steps/s
                   Collection time: 8.203 s
                     Learning time: 0.659 s
               Value function loss: 0.0007
                    Surrogate loss: -0.0150
             Mean action noise std: 0.9265
                       Mean reward: 0.49
               Mean episode length: 341.01
--------------------------------------------------------------------------------
                   Total timesteps: 7104000
                    Iteration time: 8.86 s
                        Total time: 331.54 s
                               ETA: 12:12:58
################################################################################
[cuda-debug] tensors stage=clipped_actions step=1800 actions[min=-4.5334,max=4.4229,abs=4.5334] memory_mib[allocated=943.9,reserved=2982.0]
[cuda-debug] tensors stage=before_simulate step=1800 substep=0 actions[min=-4.5334,max=4.4229,abs=4.5334] torques[min=-165.4,max=157.16,abs=165.4] joint_pos_target[min=-2.3105,max=1.9948,abs=2.3105] forces[min=-70,max=70,abs=70] root_states[min=-6.0443,max=71.293,abs=71.293] dof_pos[min=-6.2816,max=6.2827,abs=6.2827] dof_vel[min=-89.505,max=82.989,abs=89.505] memory_mib[allocated=944.2,reserved=2982.0]
[cuda-debug] stage=dof_diagnostics step=1800 substep=0 hard_limit_violation=[env=3482,item=FAR_ABAD_JOINT,value=0.0012182;env=2296,item=FBL_ABAD_JOINT,value=0.00053352;env=3975,item=RBL_ABAD_JOINT,value=0.00047433;env=829,item=FAR_ABAD_JOINT,value=0.00037545;env=2950,item=FAR_ABAD_JOINT,value=0.00024915] target_clamp=[env=920,item=ROBOT_ARM_JOINT5,value=2.2876;env=2032,item=ROBOT_ARM_JOINT2,value=2.2508;env=3875,item=ROBOT_ARM_JOINT3,value=2.1824;env=3137,item=ROBOT_ARM_JOINT3,value=2.1753;env=1822,item=ROBOT_ARM_JOINT3,value=2.1479] velocity_excess=[env=3482,item=ROBOT_ARM_JOINT5,value=3.3489;env=3043,item=ROBOT_ARM_JOINT5,value=0.070028;env=3495,item=ROBOT_ARM_JOINT5,value=0.069711;env=2556,item=ROBOT_ARM_JOINT1,value=0.068531;env=3303,item=ROBOT_ARM_JOINT5,value=0.047911]
[cuda-debug] reached stage=before_simulate step=1800 substep=0
[cuda-debug] reached stage=after_fetch_results step=1800 substep=0
[cuda-debug] reached stage=after_refresh_tensors step=1800 substep=0
[cuda-debug] tensors stage=after_refresh_tensors step=1800 substep=0 root_states[min=-4.686,max=71.294,abs=71.294] dof_pos[min=-6.2824,max=6.2824,abs=6.2824] dof_vel[min=-96.991,max=81.819,abs=96.991] rigid_body_state[min=-92.645,max=71.74,abs=92.645] contact_forces[min=-22212,max=12454,abs=22212] memory_mib[allocated=944.5,reserved=2982.0]
[cuda-debug] stage=contact_diagnostics step=1800 substep=0 top_contacts=[env=1562,item=RBL_FOOT_LINK,value=23256;env=1108,item=RBL_KNEE_LINK,value=14636;env=3679,item=RAR_FOOT_LINK,value=13606;env=2585,item=RAR_FOOT_LINK,value=13279;env=1663,item=FBL_FOOT_LINK,value=13129]
[cuda-debug] reached stage=before_post_physics_step step=1800
[cuda-debug] reached stage=after_post_physics_step step=1800
[cuda-debug] tensors stage=step_outputs step=1800 observations[min=-5.0533,max=4.4229,abs=5.0533] privileged_observations[min=-98.983,max=95.762,abs=98.983] rewards[min=0,max=0.029018,abs=0.029018] memory_mib[allocated=946.1,reserved=2982.0]

########################## Learning iteration 37/4999 ##########################
                       Computation: 21590 steps/s
                   Collection time: 8.218 s
                     Learning time: 0.674 s
               Value function loss: 0.0009
                    Surrogate loss: -0.0144
             Mean action noise std: 0.9240
                       Mean reward: 0.61
               Mean episode length: 345.80
--------------------------------------------------------------------------------
                   Total timesteps: 7296000
                    Iteration time: 8.89 s
                        Total time: 340.43 s
                               ETA: 12:15:25
################################################################################

########################## Learning iteration 38/4999 ##########################
                       Computation: 21775 steps/s
                   Collection time: 8.125 s
                     Learning time: 0.692 s
               Value function loss: 0.0008
                    Surrogate loss: -0.0160
             Mean action noise std: 0.9210
                       Mean reward: 0.75
               Mean episode length: 387.99
--------------------------------------------------------------------------------
                   Total timesteps: 7488000
                    Iteration time: 8.82 s
                        Total time: 349.25 s
                               ETA: 12:09:01
################################################################################
[cuda-debug] tensors stage=clipped_actions step=1900 actions[min=-4.6289,max=4.6047,abs=4.6289] memory_mib[allocated=944.0,reserved=2982.0]
[cuda-debug] tensors stage=before_simulate step=1900 substep=0 actions[min=-4.6289,max=4.6047,abs=4.6289] torques[min=-144.36,max=133.84,abs=144.36] joint_pos_target[min=-2.5179,max=2.0388,abs=2.5179] forces[min=-70,max=70,abs=70] root_states[min=-4.8246,max=71.43,abs=71.43] dof_pos[min=-6.2828,max=6.2823,abs=6.2828] dof_vel[min=-78.891,max=92.569,abs=92.569] memory_mib[allocated=944.4,reserved=2982.0]
[cuda-debug] stage=dof_diagnostics step=1900 substep=0 hard_limit_violation=[env=2335,item=FAR_ABAD_JOINT,value=0.001201;env=1810,item=FAR_ABAD_JOINT,value=0.00084686;env=501,item=FBL_ABAD_JOINT,value=0.00077432;env=167,item=FBL_ABAD_JOINT,value=0.00073159;env=2432,item=FAR_ABAD_JOINT,value=0.00031877] target_clamp=[env=1813,item=ROBOT_ARM_JOINT3,value=2.3432;env=2615,item=ROBOT_ARM_JOINT3,value=2.3398;env=129,item=ROBOT_ARM_JOINT2,value=2.2649;env=2052,item=ROBOT_ARM_JOINT4,value=2.2423;env=3902,item=ROBOT_ARM_JOINT3,value=2.2226] velocity_excess=[env=2335,item=ROBOT_ARM_JOINT5,value=2.6555;env=3573,item=ROBOT_ARM_JOINT1,value=0.21102;env=1105,item=ROBOT_ARM_JOINT5,value=0.081938;env=2795,item=ROBOT_ARM_JOINT4,value=0.038721;env=2173,item=ROBOT_ARM_JOINT1,value=0.0387]
[cuda-debug] reached stage=before_simulate step=1900 substep=0
[cuda-debug] reached stage=after_fetch_results step=1900 substep=0
[cuda-debug] reached stage=after_refresh_tensors step=1900 substep=0
[cuda-debug] tensors stage=after_refresh_tensors step=1900 substep=0 root_states[min=-4.7352,max=71.429,abs=71.429] dof_pos[min=-6.2808,max=6.2817,abs=6.2817] dof_vel[min=-73.868,max=92.444,abs=92.444] rigid_body_state[min=-73.663,max=71.91,abs=73.663] contact_forces[min=-11323,max=11804,abs=11804] memory_mib[allocated=944.6,reserved=2982.0]
[cuda-debug] stage=contact_diagnostics step=1900 substep=0 top_contacts=[env=183,item=RAR_FOOT_LINK,value=12624;env=1663,item=FBL_FOOT_LINK,value=12418;env=3679,item=RAR_FOOT_LINK,value=11942;env=644,item=FBL_FOOT_LINK,value=11247;env=555,item=FBL_FOOT_LINK,value=11223]
[cuda-debug] reached stage=before_post_physics_step step=1900
[cuda-debug] reached stage=after_post_physics_step step=1900
[cuda-debug] tensors stage=step_outputs step=1900 observations[min=-4.6289,max=4.6068,abs=4.6289] privileged_observations[min=-98.193,max=95.925,abs=98.193] rewards[min=0,max=0.03261,abs=0.03261] memory_mib[allocated=946.3,reserved=2982.0]

########################## Learning iteration 39/4999 ##########################
                       Computation: 21813 steps/s
                   Collection time: 8.121 s
                     Learning time: 0.681 s
               Value function loss: 0.0009
                    Surrogate loss: -0.0139
             Mean action noise std: 0.9187
                       Mean reward: 0.55
               Mean episode length: 343.51
--------------------------------------------------------------------------------
                   Total timesteps: 7680000
                    Iteration time: 8.80 s
                        Total time: 358.05 s
                               ETA: 12:07:37
################################################################################

########################## Learning iteration 40/4999 ##########################
                       Computation: 21883 steps/s
                   Collection time: 8.107 s
                     Learning time: 0.667 s
               Value function loss: 0.0010
                    Surrogate loss: -0.0137
             Mean action noise std: 0.9144
                       Mean reward: 0.72
               Mean episode length: 369.91
--------------------------------------------------------------------------------
                   Total timesteps: 7872000
                    Iteration time: 8.77 s
                        Total time: 366.82 s
                               ETA: 12:05:07
################################################################################
[cuda-debug] tensors stage=clipped_actions step=2000 actions[min=-4.644,max=4.2791,abs=4.644] memory_mib[allocated=944.1,reserved=2982.0]
[cuda-debug] tensors stage=before_simulate step=2000 substep=0 actions[min=-4.644,max=4.2791,abs=4.644] torques[min=-149.99,max=141.35,abs=149.99] joint_pos_target[min=-2.2608,max=1.92,abs=2.2608] forces[min=-70,max=70,abs=70] root_states[min=-5.3058,max=71.329,abs=71.329] dof_pos[min=-6.2794,max=6.281,abs=6.281] dof_vel[min=-86.979,max=82.419,abs=86.979] memory_mib[allocated=944.5,reserved=2982.0]
[cuda-debug] stage=dof_diagnostics step=2000 substep=0 hard_limit_violation=[env=2886,item=FAR_ABAD_JOINT,value=0.0010213;env=2714,item=RAR_ABAD_JOINT,value=0.00047064;env=3316,item=RBL_ABAD_JOINT,value=0.00015175;env=2005,item=RBL_ABAD_JOINT,value=0.00013709;env=964,item=FAR_ABAD_JOINT,value=0.00011212] target_clamp=[env=2655,item=ROBOT_ARM_JOINT5,value=2.2842;env=617,item=ROBOT_ARM_JOINT4,value=2.2147;env=3384,item=ROBOT_ARM_JOINT4,value=2.2065;env=196,item=ROBOT_ARM_JOINT1,value=2.1895;env=3965,item=ROBOT_ARM_JOINT5,value=2.1478] velocity_excess=[env=3699,item=ROBOT_ARM_JOINT5,value=0.25689;env=1423,item=ROBOT_ARM_JOINT5,value=0.096358;env=686,item=ROBOT_ARM_JOINT6,value=0.077074;env=3621,item=ROBOT_ARM_JOINT5,value=0.051205;env=2326,item=ROBOT_ARM_JOINT5,value=0.048473]
[cuda-debug] reached stage=before_simulate step=2000 substep=0
[cuda-debug] reached stage=after_fetch_results step=2000 substep=0
[cuda-debug] reached stage=after_refresh_tensors step=2000 substep=0
[cuda-debug] tensors stage=after_refresh_tensors step=2000 substep=0 root_states[min=-5.2427,max=71.328,abs=71.328] dof_pos[min=-6.2827,max=6.2806,abs=6.2827] dof_vel[min=-86.868,max=82.115,abs=86.868] rigid_body_state[min=-85.26,max=75.769,abs=85.26] contact_forces[min=-13240,max=10539,abs=13240] memory_mib[allocated=944.7,reserved=2982.0]
[cuda-debug] stage=contact_diagnostics step=2000 substep=0 top_contacts=[env=3679,item=RAR_FOOT_LINK,value=14034;env=1663,item=FBL_FOOT_LINK,value=12213;env=1502,item=FBL_FOOT_LINK,value=11716;env=2419,item=RAR_FOOT_LINK,value=11653;env=3209,item=RBL_FOOT_LINK,value=11256]
[cuda-debug] reached stage=before_post_physics_step step=2000
[cuda-debug] reached stage=after_post_physics_step step=2000
[cuda-debug] tensors stage=step_outputs step=2000 observations[min=-4.7186,max=4.2791,abs=4.7186] privileged_observations[min=-96.941,max=98.993,abs=98.993] rewards[min=0,max=0.031808,abs=0.031808] memory_mib[allocated=946.4,reserved=2982.0]

########################## Learning iteration 41/4999 ##########################
                       Computation: 22012 steps/s
                   Collection time: 8.070 s
                     Learning time: 0.652 s
               Value function loss: 0.0011
                    Surrogate loss: -0.0140
             Mean action noise std: 0.9119
                       Mean reward: 0.98
               Mean episode length: 380.25
--------------------------------------------------------------------------------
                   Total timesteps: 8064000
                    Iteration time: 8.72 s
                        Total time: 375.55 s
                               ETA: 12:00:45
################################################################################

########################## Learning iteration 42/4999 ##########################
                       Computation: 22311 steps/s
                   Collection time: 7.951 s
                     Learning time: 0.654 s
               Value function loss: 0.0011
                    Surrogate loss: -0.0121
             Mean action noise std: 0.9092
                       Mean reward: 0.66
               Mean episode length: 327.83
--------------------------------------------------------------------------------
                   Total timesteps: 8256000
                    Iteration time: 8.61 s
                        Total time: 384.15 s
                               ETA: 11:50:56
################################################################################
[cuda-debug] tensors stage=clipped_actions step=2100 actions[min=-4.7332,max=4.4851,abs=4.7332] memory_mib[allocated=944.2,reserved=2982.0]
[cuda-debug] tensors stage=before_simulate step=2100 substep=0 actions[min=-4.7332,max=4.4851,abs=4.7332] torques[min=-158.35,max=154.24,abs=158.35] joint_pos_target[min=-2.3406,max=2.0225,abs=2.3406] forces[min=-70,max=70,abs=70] root_states[min=-4.5828,max=71.265,abs=71.265] dof_pos[min=-6.2821,max=6.2824,abs=6.2824] dof_vel[min=-90.272,max=89.686,abs=90.272] memory_mib[allocated=944.6,reserved=2982.0]
[cuda-debug] stage=dof_diagnostics step=2100 substep=0 hard_limit_violation=[env=3975,item=FBL_ABAD_JOINT,value=0.00090569;env=3476,item=RAR_ABAD_JOINT,value=0.00051063;env=2354,item=FAR_ABAD_JOINT,value=0.00040072;env=1265,item=FAR_ABAD_JOINT,value=0.00037473;env=1792,item=FAR_ABAD_JOINT,value=0.00035727] target_clamp=[env=3891,item=ROBOT_ARM_JOINT6,value=2.6879;env=1527,item=ROBOT_ARM_JOINT1,value=2.1881;env=13,item=ROBOT_ARM_JOINT3,value=2.157;env=475,item=ROBOT_ARM_JOINT6,value=2.1557;env=2635,item=ROBOT_ARM_JOINT1,value=2.1402] velocity_excess=[env=1265,item=ROBOT_ARM_JOINT5,value=0.70313;env=1811,item=ROBOT_ARM_JOINT4,value=0.088172;env=2017,item=ROBOT_ARM_JOINT5,value=0.066866;env=2607,item=ROBOT_ARM_JOINT5,value=0.060307;env=2954,item=ROBOT_ARM_JOINT3,value=0.048499]
[cuda-debug] reached stage=before_simulate step=2100 substep=0
[cuda-debug] reached stage=after_fetch_results step=2100 substep=0
[cuda-debug] reached stage=after_refresh_tensors step=2100 substep=0
[cuda-debug] tensors stage=after_refresh_tensors step=2100 substep=0 root_states[min=-4.8422,max=71.265,abs=71.265] dof_pos[min=-6.2821,max=6.2826,abs=6.2826] dof_vel[min=-92.219,max=95.147,abs=95.147] rigid_body_state[min=-101.2,max=92.433,abs=101.2] contact_forces[min=-12743,max=9893.6,abs=12743] memory_mib[allocated=944.8,reserved=2982.0]
[cuda-debug] stage=contact_diagnostics step=2100 substep=0 top_contacts=[env=385,item=FBL_FOOT_LINK,value=13558;env=3679,item=RAR_FOOT_LINK,value=13481;env=85,item=FAR_FOOT_LINK,value=11776;env=3543,item=RBL_FOOT_LINK,value=11734;env=3163,item=FAR_FOOT_LINK,value=11550]
[cuda-debug] reached stage=before_post_physics_step step=2100
[cuda-debug] reached stage=after_post_physics_step step=2100
[cuda-debug] tensors stage=step_outputs step=2100 observations[min=-4.7691,max=5.1923,abs=5.1923] privileged_observations[min=-98.614,max=98.555,abs=98.614] rewards[min=0,max=0.02951,abs=0.02951] memory_mib[allocated=946.5,reserved=2982.0]

########################## Learning iteration 43/4999 ##########################
                       Computation: 22094 steps/s
                   Collection time: 8.012 s
                     Learning time: 0.678 s
               Value function loss: 0.0012
                    Surrogate loss: -0.0161
             Mean action noise std: 0.9058
                       Mean reward: 0.78
               Mean episode length: 529.34
--------------------------------------------------------------------------------
                   Total timesteps: 8448000
                    Iteration time: 8.69 s
                        Total time: 392.84 s
                               ETA: 11:57:48
################################################################################

########################## Learning iteration 44/4999 ##########################
                       Computation: 23214 steps/s
                   Collection time: 7.611 s
                     Learning time: 0.660 s
               Value function loss: 0.0013
                    Surrogate loss: -0.0166
             Mean action noise std: 0.9027
                       Mean reward: 0.74
               Mean episode length: 462.53
--------------------------------------------------------------------------------
                   Total timesteps: 8640000
                    Iteration time: 8.27 s
                        Total time: 401.11 s
                               ETA: 11:23:01
################################################################################
[cuda-debug] tensors stage=clipped_actions step=2200 actions[min=-4.6204,max=4.15,abs=4.6204] memory_mib[allocated=944.3,reserved=2982.0]
[cuda-debug] tensors stage=before_simulate step=2200 substep=0 actions[min=-4.6204,max=4.15,abs=4.6204] torques[min=-135.09,max=135.79,abs=135.79] joint_pos_target[min=-2.277,max=1.9634,abs=2.277] forces[min=-70,max=70,abs=70] root_states[min=-4.8984,max=71.216,abs=71.216] dof_pos[min=-6.2817,max=6.2831,abs=6.2831] dof_vel[min=-71.031,max=75.44,abs=75.44] memory_mib[allocated=944.7,reserved=2982.0]
[cuda-debug] stage=dof_diagnostics step=2200 substep=0 hard_limit_violation=[env=1508,item=RAR_ABAD_JOINT,value=0.0013765;env=2188,item=RAR_ABAD_JOINT,value=0.00085908;env=2097,item=FAR_ABAD_JOINT,value=0.00080639;env=2558,item=FAR_ABAD_JOINT,value=0.00044501;env=418,item=RAR_ABAD_JOINT,value=0.00038886] target_clamp=[env=3197,item=ROBOT_ARM_JOINT5,value=2.3512;env=3697,item=ROBOT_ARM_JOINT6,value=2.3442;env=3516,item=ROBOT_ARM_JOINT2,value=2.2718;env=550,item=ROBOT_ARM_JOINT3,value=2.2409;env=336,item=ROBOT_ARM_JOINT4,value=2.1396] velocity_excess=[env=2097,item=ROBOT_ARM_JOINT5,value=2.5625;env=3802,item=ROBOT_ARM_JOINT1,value=0.11554;env=1869,item=ROBOT_ARM_JOINT1,value=0.093487;env=1280,item=ROBOT_ARM_JOINT5,value=0.078428;env=2436,item=ROBOT_ARM_JOINT5,value=0.076498]
[cuda-debug] reached stage=before_simulate step=2200 substep=0
[cuda-debug] reached stage=after_fetch_results step=2200 substep=0
[cuda-debug] reached stage=after_refresh_tensors step=2200 substep=0
[cuda-debug] tensors stage=after_refresh_tensors step=2200 substep=0 root_states[min=-5.06,max=71.216,abs=71.216] dof_pos[min=-6.2828,max=6.2819,abs=6.2828] dof_vel[min=-70.159,max=76.881,abs=76.881] rigid_body_state[min=-66.117,max=71.677,abs=71.677] contact_forces[min=-12356,max=13039,abs=13039] memory_mib[allocated=944.9,reserved=2982.0]
[cuda-debug] stage=contact_diagnostics step=2200 substep=0 top_contacts=[env=2135,item=FAR_FOOT_LINK,value=13879;env=3478,item=RBL_FOOT_LINK,value=13308;env=3679,item=RAR_FOOT_LINK,value=13085;env=385,item=FBL_FOOT_LINK,value=12167;env=2812,item=FBL_FOOT_LINK,value=12091]
[cuda-debug] reached stage=before_post_physics_step step=2200
[cuda-debug] reached stage=after_post_physics_step step=2200
[cuda-debug] tensors stage=step_outputs step=2200 observations[min=-4.6204,max=4.15,abs=4.6204] privileged_observations[min=-98.452,max=94.891,abs=98.452] rewards[min=0,max=0.032958,abs=0.032958] memory_mib[allocated=946.6,reserved=2982.0]

########################## Learning iteration 45/4999 ##########################
                       Computation: 21509 steps/s
                   Collection time: 8.285 s
                     Learning time: 0.642 s
               Value function loss: 0.0167
                    Surrogate loss: -0.0155
             Mean action noise std: 0.9003
                       Mean reward: 0.95
               Mean episode length: 517.50
--------------------------------------------------------------------------------
                   Total timesteps: 8832000
                    Iteration time: 8.93 s
                        Total time: 410.04 s
                               ETA: 12:17:00
################################################################################

########################## Learning iteration 46/4999 ##########################
                       Computation: 22457 steps/s
                   Collection time: 7.869 s
                     Learning time: 0.680 s
               Value function loss: 0.0028
                    Surrogate loss: -0.0163
             Mean action noise std: 0.8987
                       Mean reward: 1.07
               Mean episode length: 505.51
--------------------------------------------------------------------------------
                   Total timesteps: 9024000
                    Iteration time: 8.55 s
                        Total time: 418.59 s
                               ETA: 11:45:46
################################################################################
[cuda-debug] tensors stage=clipped_actions step=2300 actions[min=-4.4034,max=4.5395,abs=4.5395] memory_mib[allocated=944.4,reserved=2982.0]
[cuda-debug] tensors stage=before_simulate step=2300 substep=0 actions[min=-4.4034,max=4.5395,abs=4.5395] torques[min=-136.75,max=133.42,abs=136.75] joint_pos_target[min=-2.3583,max=1.9896,abs=2.3583] forces[min=-70,max=70,abs=70] root_states[min=-5.1832,max=70.268,abs=70.268] dof_pos[min=-6.2829,max=6.2815,abs=6.2829] dof_vel[min=-100.85,max=100.09,abs=100.85] memory_mib[allocated=944.8,reserved=2982.0]
[cuda-debug] stage=dof_diagnostics step=2300 substep=0 hard_limit_violation=[env=227,item=FBL_ABAD_JOINT,value=0.00046724;env=974,item=ROBOT_ARM_JOINT2,value=7.0233e-05;env=2765,item=RAR_ABAD_JOINT,value=4.6968e-05;env=3052,item=FAR_ABAD_JOINT,value=1.812e-05;env=765,item=FBL_ABAD_JOINT,value=9.656e-06] target_clamp=[env=1741,item=ROBOT_ARM_JOINT6,value=2.4207;env=2839,item=ROBOT_ARM_JOINT5,value=2.3325;env=2618,item=ROBOT_ARM_JOINT2,value=2.2366;env=1525,item=ROBOT_ARM_JOINT6,value=2.2069;env=2545,item=ROBOT_ARM_JOINT6,value=2.1316] velocity_excess=[env=227,item=ROBOT_ARM_JOINT5,value=2.2008;env=3318,item=FAR_KNEE_JOINT,value=0.097778;env=895,item=ROBOT_ARM_JOINT4,value=0.073934;env=2947,item=ROBOT_ARM_JOINT5,value=0.059783;env=1835,item=ROBOT_ARM_JOINT1,value=0.04368]
[cuda-debug] reached stage=before_simulate step=2300 substep=0
[cuda-debug] reached stage=after_fetch_results step=2300 substep=0
[cuda-debug] reached stage=after_refresh_tensors step=2300 substep=0
[cuda-debug] tensors stage=after_refresh_tensors step=2300 substep=0 root_states[min=-5.1399,max=70.268,abs=70.268] dof_pos[min=-6.2826,max=6.2827,abs=6.2827] dof_vel[min=-87.753,max=98.231,abs=98.231] rigid_body_state[min=-88.507,max=77.948,abs=88.507] contact_forces[min=-11894,max=11240,abs=11894] memory_mib[allocated=945.0,reserved=2982.0]
[cuda-debug] stage=contact_diagnostics step=2300 substep=0 top_contacts=[env=1333,item=RAR_FOOT_LINK,value=13495;env=632,item=FBL_FOOT_LINK,value=13208;env=3679,item=RAR_FOOT_LINK,value=12849;env=2447,item=FBL_FOOT_LINK,value=12362;env=3163,item=FAR_FOOT_LINK,value=11961]
[cuda-debug] reached stage=before_post_physics_step step=2300
[cuda-debug] reached stage=after_post_physics_step step=2300
[cuda-debug] tensors stage=step_outputs step=2300 observations[min=-4.4034,max=4.5395,abs=4.5395] privileged_observations[min=-97.677,max=96.639,abs=97.677] rewards[min=0,max=0.031985,abs=0.031985] memory_mib[allocated=946.7,reserved=2982.0]

########################## Learning iteration 47/4999 ##########################
                       Computation: 22280 steps/s
                   Collection time: 7.977 s
                     Learning time: 0.640 s
               Value function loss: 0.0018
                    Surrogate loss: -0.0150
             Mean action noise std: 0.8977
                       Mean reward: 0.89
               Mean episode length: 468.08
--------------------------------------------------------------------------------
                   Total timesteps: 9216000
                    Iteration time: 8.62 s
                        Total time: 427.21 s
                               ETA: 11:51:12
################################################################################

########################## Learning iteration 48/4999 ##########################
                       Computation: 21726 steps/s
                   Collection time: 8.161 s
                     Learning time: 0.676 s
               Value function loss: 0.0018
                    Surrogate loss: -0.0142
             Mean action noise std: 0.8953
                       Mean reward: 0.97
               Mean episode length: 384.62
--------------------------------------------------------------------------------
                   Total timesteps: 9408000
                    Iteration time: 8.84 s
                        Total time: 436.04 s
                               ETA: 12:09:12
################################################################################
[cuda-debug] tensors stage=clipped_actions step=2400 actions[min=-4.6005,max=4.59,abs=4.6005] memory_mib[allocated=944.6,reserved=2982.0]
[cuda-debug] tensors stage=before_simulate step=2400 substep=0 actions[min=-4.6005,max=4.59,abs=4.6005] torques[min=-143.88,max=123.41,abs=143.88] joint_pos_target[min=-2.4009,max=2.1592,abs=2.4009] forces[min=-70,max=70,abs=70] root_states[min=-5.5206,max=70.342,abs=70.342] dof_pos[min=-6.2828,max=6.2815,abs=6.2828] dof_vel[min=-75.303,max=79.404,abs=79.404] memory_mib[allocated=944.9,reserved=2982.0]
[cuda-debug] stage=dof_diagnostics step=2400 substep=0 hard_limit_violation=[env=2847,item=FAR_ABAD_JOINT,value=0.00027817;env=3952,item=FAR_ABAD_JOINT,value=0.00025439;env=3179,item=FBL_ABAD_JOINT,value=0.00022513;env=1744,item=FBL_ABAD_JOINT,value=0.00020486;env=1456,item=FAR_ABAD_JOINT,value=0.00014955] target_clamp=[env=3215,item=ROBOT_ARM_JOINT4,value=2.2669;env=429,item=ROBOT_ARM_JOINT2,value=2.195;env=552,item=ROBOT_ARM_JOINT3,value=2.177;env=1900,item=ROBOT_ARM_JOINT5,value=2.1755;env=3396,item=ROBOT_ARM_JOINT6,value=2.064] velocity_excess=[env=3785,item=ROBOT_ARM_JOINT5,value=0.13285;env=183,item=RBL_KNEE_JOINT,value=0.067261;env=3255,item=ROBOT_ARM_JOINT3,value=0.054136;env=770,item=ROBOT_ARM_JOINT3,value=0.042687;env=1490,item=ROBOT_ARM_JOINT5,value=0.033493]
[cuda-debug] reached stage=before_simulate step=2400 substep=0
[cuda-debug] reached stage=after_fetch_results step=2400 substep=0
[cuda-debug] reached stage=after_refresh_tensors step=2400 substep=0
[cuda-debug] tensors stage=after_refresh_tensors step=2400 substep=0 root_states[min=-5.5644,max=70.343,abs=70.343] dof_pos[min=-6.2829,max=6.2814,abs=6.2829] dof_vel[min=-72.643,max=80.666,abs=80.666] rigid_body_state[min=-86.54,max=70.79,abs=86.54] contact_forces[min=-10663,max=10485,abs=10663] memory_mib[allocated=945.1,reserved=2982.0]
[cuda-debug] stage=contact_diagnostics step=2400 substep=0 top_contacts=[env=1587,item=RAR_FOOT_LINK,value=11875;env=1558,item=FBL_FOOT_LINK,value=11560;env=3478,item=RBL_FOOT_LINK,value=10839;env=2627,item=RBL_FOOT_LINK,value=10767;env=1513,item=RAR_FOOT_LINK,value=10615]
[cuda-debug] reached stage=before_post_physics_step step=2400
[cuda-debug] reached stage=after_post_physics_step step=2400
[cuda-debug] tensors stage=step_outputs step=2400 observations[min=-4.6005,max=5.1998,abs=5.1998] privileged_observations[min=-98.879,max=98.796,abs=98.879] rewards[min=0,max=0.031905,abs=0.031905] memory_mib[allocated=946.8,reserved=2982.0]

########################## Learning iteration 49/4999 ##########################
                       Computation: 22760 steps/s
                   Collection time: 7.792 s
                     Learning time: 0.643 s
               Value function loss: 0.0017
                    Surrogate loss: -0.0139
             Mean action noise std: 0.8937
                       Mean reward: 1.34
               Mean episode length: 506.72
--------------------------------------------------------------------------------
                   Total timesteps: 9600000
                    Iteration time: 8.44 s
                        Total time: 444.48 s
                               ETA: 11:35:55
################################################################################

########################## Learning iteration 50/4999 ##########################
                       Computation: 23306 steps/s
                   Collection time: 7.603 s
                     Learning time: 0.635 s
               Value function loss: 0.0016
                    Surrogate loss: -0.0143
             Mean action noise std: 0.8910
                       Mean reward: 1.34
               Mean episode length: 483.10
--------------------------------------------------------------------------------
                   Total timesteps: 9792000
                    Iteration time: 8.24 s
                        Total time: 452.72 s
                               ETA: 11:19:30
################################################################################

########################## Learning iteration 51/4999 ##########################
                       Computation: 23738 steps/s
                   Collection time: 7.447 s
                     Learning time: 0.641 s
               Value function loss: 0.0017
                    Surrogate loss: -0.0149
             Mean action noise std: 0.8890
                       Mean reward: 1.75
               Mean episode length: 528.12
--------------------------------------------------------------------------------
                   Total timesteps: 9984000
                    Iteration time: 8.09 s
                        Total time: 460.80 s
                               ETA: 11:07:00
################################################################################
[cuda-debug] tensors stage=clipped_actions step=2500 actions[min=-4.7013,max=4.7996,abs=4.7996] memory_mib[allocated=943.4,reserved=2982.0]
[cuda-debug] tensors stage=before_simulate step=2500 substep=0 actions[min=-4.7013,max=4.7996,abs=4.7996] torques[min=-139.76,max=149.82,abs=149.82] joint_pos_target[min=-2.3899,max=2.0055,abs=2.3899] forces[min=-70,max=70,abs=70] root_states[min=-5.508,max=70.254,abs=70.254] dof_pos[min=-6.2832,max=6.2826,abs=6.2832] dof_vel[min=-127.7,max=67.363,abs=127.7] memory_mib[allocated=943.7,reserved=2982.0]
[cuda-debug] stage=dof_diagnostics step=2500 substep=0 hard_limit_violation=[env=1415,item=RAR_ABAD_JOINT,value=0.0038999;env=1005,item=RBL_ABAD_JOINT,value=0.0012304;env=3371,item=RAR_ABAD_JOINT,value=0.00067067;env=3294,item=RAR_ABAD_JOINT,value=0.00053555;env=2530,item=FBL_ABAD_JOINT,value=0.00046933] target_clamp=[env=2262,item=ROBOT_ARM_JOINT5,value=2.5676;env=481,item=ROBOT_ARM_JOINT6,value=2.2602;env=2278,item=ROBOT_ARM_JOINT6,value=2.2347;env=1083,item=ROBOT_ARM_JOINT1,value=2.1239;env=2414,item=ROBOT_ARM_JOINT4,value=2.1168] velocity_excess=[env=2023,item=FAR_FOOT_JOINT,value=17.704;env=1415,item=ROBOT_ARM_JOINT5,value=3.8445;env=2530,item=ROBOT_ARM_JOINT5,value=2.1477;env=1005,item=ROBOT_ARM_JOINT6,value=0.5005;env=750,item=ROBOT_ARM_JOINT5,value=0.098546]
[cuda-debug] reached stage=before_simulate step=2500 substep=0
[cuda-debug] reached stage=after_fetch_results step=2500 substep=0
[cuda-debug] reached stage=after_refresh_tensors step=2500 substep=0
[cuda-debug] tensors stage=after_refresh_tensors step=2500 substep=0 root_states[min=-5.1593,max=70.254,abs=70.254] dof_pos[min=-6.283,max=6.2822,abs=6.283] dof_vel[min=-105.87,max=91.148,abs=105.87] rigid_body_state[min=-93.936,max=87.668,abs=93.936] contact_forces[min=-10825,max=13821,abs=13821] memory_mib[allocated=943.9,reserved=2982.0]
[cuda-debug] stage=contact_diagnostics step=2500 substep=0 top_contacts=[env=1261,item=RAR_FOOT_LINK,value=15002;env=3679,item=RAR_FOOT_LINK,value=13478;env=1621,item=RAR_FOOT_LINK,value=13297;env=1663,item=FBL_FOOT_LINK,value=12227;env=3163,item=FAR_FOOT_LINK,value=12194]
[cuda-debug] reached stage=before_post_physics_step step=2500
[cuda-debug] reached stage=after_post_physics_step step=2500
[cuda-debug] tensors stage=step_outputs step=2500 observations[min=-5.1862,max=4.7996,abs=5.1862] privileged_observations[min=-97.056,max=98.966,abs=98.966] rewards[min=0,max=0.033747,abs=0.033747] memory_mib[allocated=945.6,reserved=2982.0]

########################## Learning iteration 52/4999 ##########################
                       Computation: 23364 steps/s
                   Collection time: 7.560 s
                     Learning time: 0.657 s
               Value function loss: 0.0019
                    Surrogate loss: -0.0141
             Mean action noise std: 0.8877
                       Mean reward: 1.49
               Mean episode length: 593.78
--------------------------------------------------------------------------------
                   Total timesteps: 10176000
                    Iteration time: 8.22 s
                        Total time: 469.02 s
                               ETA: 11:17:32
################################################################################

########################## Learning iteration 53/4999 ##########################
                       Computation: 24038 steps/s
                   Collection time: 7.347 s
                     Learning time: 0.640 s
               Value function loss: 0.0020
                    Surrogate loss: -0.0148
             Mean action noise std: 0.8861
                       Mean reward: 1.82
               Mean episode length: 542.26
--------------------------------------------------------------------------------
                   Total timesteps: 10368000
                    Iteration time: 7.99 s
                        Total time: 477.01 s
                               ETA: 10:58:24
################################################################################
[cuda-debug] tensors stage=clipped_actions step=2600 actions[min=-5.3906,max=4.4484,abs=5.3906] memory_mib[allocated=943.5,reserved=2982.0]
[cuda-debug] tensors stage=before_simulate step=2600 substep=0 actions[min=-5.3906,max=4.4484,abs=5.3906] torques[min=-145.86,max=118.67,abs=145.86] joint_pos_target[min=-2.3141,max=1.9096,abs=2.3141] forces[min=-70,max=70,abs=70] root_states[min=-4.8907,max=70.057,abs=70.057] dof_pos[min=-6.2807,max=6.2827,abs=6.2827] dof_vel[min=-79.065,max=68.747,abs=79.065] memory_mib[allocated=943.8,reserved=2982.0]
[cuda-debug] stage=dof_diagnostics step=2600 substep=0 hard_limit_violation=[env=2540,item=RBL_ABAD_JOINT,value=0.0011737;env=1773,item=RAR_ABAD_JOINT,value=0.00070709;env=725,item=RAR_ABAD_JOINT,value=0.00070637;env=492,item=RBL_ABAD_JOINT,value=0.00036389;env=2871,item=RAR_ABAD_JOINT,value=0.00015676] target_clamp=[env=1303,item=ROBOT_ARM_JOINT3,value=2.3916;env=679,item=ROBOT_ARM_JOINT2,value=2.2942;env=1480,item=ROBOT_ARM_JOINT4,value=2.283;env=3738,item=ROBOT_ARM_JOINT4,value=2.1818;env=3995,item=ROBOT_ARM_JOINT4,value=2.1682] velocity_excess=[env=2540,item=ROBOT_ARM_JOINT5,value=3.9693;env=2548,item=ROBOT_ARM_JOINT5,value=0.36472;env=380,item=ROBOT_ARM_JOINT3,value=0.13077;env=2772,item=ROBOT_ARM_JOINT3,value=0.064294;env=3891,item=ROBOT_ARM_JOINT5,value=0.036069]
[cuda-debug] reached stage=before_simulate step=2600 substep=0
[cuda-debug] reached stage=after_fetch_results step=2600 substep=0
[cuda-debug] reached stage=after_refresh_tensors step=2600 substep=0
[cuda-debug] tensors stage=after_refresh_tensors step=2600 substep=0 root_states[min=-5.0802,max=70.058,abs=70.058] dof_pos[min=-6.2821,max=6.2824,abs=6.2824] dof_vel[min=-71.226,max=66.692,abs=71.226] rigid_body_state[min=-73.126,max=70.505,abs=73.126] contact_forces[min=-13566,max=12678,abs=13566] memory_mib[allocated=944.0,reserved=2982.0]
[cuda-debug] stage=contact_diagnostics step=2600 substep=0 top_contacts=[env=2691,item=FAR_FOOT_LINK,value=13830;env=1682,item=FBL_FOOT_LINK,value=13443;env=3163,item=FAR_FOOT_LINK,value=13318;env=208,item=FBL_FOOT_LINK,value=13128;env=1461,item=RAR_FOOT_LINK,value=11834]
[cuda-debug] reached stage=before_post_physics_step step=2600
[cuda-debug] reached stage=after_post_physics_step step=2600
[cuda-debug] tensors stage=step_outputs step=2600 observations[min=-5.3906,max=4.4484,abs=5.3906] privileged_observations[min=-98.468,max=98.63,abs=98.63] rewards[min=0,max=0.032336,abs=0.032336] memory_mib[allocated=945.7,reserved=2982.0]

########################## Learning iteration 54/4999 ##########################
                       Computation: 23594 steps/s
                   Collection time: 7.495 s
                     Learning time: 0.642 s
               Value function loss: 0.0021
                    Surrogate loss: -0.0156
             Mean action noise std: 0.8842
                       Mean reward: 1.55
               Mean episode length: 526.32
--------------------------------------------------------------------------------
                   Total timesteps: 10560000
                    Iteration time: 8.14 s
                        Total time: 485.15 s
                               ETA: 11:10:40
################################################################################

########################## Learning iteration 55/4999 ##########################
                       Computation: 22465 steps/s
                   Collection time: 7.857 s
                     Learning time: 0.689 s
               Value function loss: 0.0021
                    Surrogate loss: -0.0157
             Mean action noise std: 0.8822
                       Mean reward: 1.27
               Mean episode length: 579.83
--------------------------------------------------------------------------------
                   Total timesteps: 10752000
                    Iteration time: 8.55 s
                        Total time: 493.69 s
                               ETA: 11:44:13
################################################################################
[cuda-debug] tensors stage=clipped_actions step=2700 actions[min=-5.218,max=4.6837,abs=5.218] memory_mib[allocated=943.6,reserved=2982.0]
[cuda-debug] tensors stage=before_simulate step=2700 substep=0 actions[min=-5.218,max=4.6837,abs=5.218] torques[min=-138.87,max=140.24,abs=140.24] joint_pos_target[min=-2.3791,max=2.0992,abs=2.3791] forces[min=-70,max=70,abs=70] root_states[min=-6.9354,max=69.86,abs=69.86] dof_pos[min=-6.2829,max=6.2808,abs=6.2829] dof_vel[min=-78.181,max=74.128,abs=78.181] memory_mib[allocated=943.9,reserved=2982.0]
[cuda-debug] stage=dof_diagnostics step=2700 substep=0 hard_limit_violation=[env=3837,item=FAR_ABAD_JOINT,value=0.00084299;env=3989,item=RAR_ABAD_JOINT,value=0.00068444;env=3926,item=FAR_ABAD_JOINT,value=0.00031513;env=3926,item=RAR_ABAD_JOINT,value=0.0001632;env=2017,item=FBL_ABAD_JOINT,value=0.00014269] target_clamp=[env=1620,item=ROBOT_ARM_JOINT4,value=2.7767;env=3625,item=ROBOT_ARM_JOINT1,value=2.6176;env=2560,item=ROBOT_ARM_JOINT1,value=2.3049;env=3038,item=ROBOT_ARM_JOINT6,value=2.2749;env=3555,item=ROBOT_ARM_JOINT3,value=2.2516] velocity_excess=[env=3683,item=ROBOT_ARM_JOINT5,value=0.1827;env=1710,item=ROBOT_ARM_JOINT3,value=0.11235;env=878,item=ROBOT_ARM_JOINT4,value=0.084809;env=3670,item=ROBOT_ARM_JOINT5,value=0.070106;env=1093,item=ROBOT_ARM_JOINT5,value=0.064909]
[cuda-debug] reached stage=before_simulate step=2700 substep=0
[cuda-debug] reached stage=after_fetch_results step=2700 substep=0
[cuda-debug] reached stage=after_refresh_tensors step=2700 substep=0
[cuda-debug] tensors stage=after_refresh_tensors step=2700 substep=0 root_states[min=-6.9192,max=69.86,abs=69.86] dof_pos[min=-6.2831,max=6.2826,abs=6.2831] dof_vel[min=-69.299,max=68.659,abs=69.299] rigid_body_state[min=-56.461,max=70.374,abs=70.374] contact_forces[min=-10415,max=13213,abs=13213] memory_mib[allocated=944.1,reserved=2982.0]
[cuda-debug] stage=contact_diagnostics step=2700 substep=0 top_contacts=[env=67,item=FAR_FOOT_LINK,value=15627;env=1663,item=FBL_FOOT_LINK,value=15127;env=782,item=FAR_FOOT_LINK,value=13130;env=2649,item=RBL_FOOT_LINK,value=12308;env=1401,item=FBL_FOOT_LINK,value=12164]
[cuda-debug] reached stage=before_post_physics_step step=2700
[cuda-debug] reached stage=after_post_physics_step step=2700
[cuda-debug] tensors stage=step_outputs step=2700 observations[min=-5.218,max=4.6837,abs=5.218] privileged_observations[min=-98.71,max=94.996,abs=98.71] rewards[min=0,max=0.035356,abs=0.035356] memory_mib[allocated=945.8,reserved=2982.0]

########################## Learning iteration 56/4999 ##########################
                       Computation: 22945 steps/s
                   Collection time: 7.712 s
                     Learning time: 0.656 s
               Value function loss: 0.0022
                    Surrogate loss: -0.0153
             Mean action noise std: 0.8798
                       Mean reward: 1.34
               Mean episode length: 421.92
--------------------------------------------------------------------------------
                   Total timesteps: 10944000
                    Iteration time: 8.37 s
                        Total time: 502.06 s
                               ETA: 11:29:21
################################################################################

########################## Learning iteration 57/4999 ##########################
                       Computation: 23271 steps/s
                   Collection time: 7.592 s
                     Learning time: 0.659 s
               Value function loss: 0.0135
                    Surrogate loss: -0.0150
             Mean action noise std: 0.8776
                       Mean reward: 1.78
               Mean episode length: 493.21
--------------------------------------------------------------------------------
                   Total timesteps: 11136000
                    Iteration time: 8.25 s
                        Total time: 510.31 s
                               ETA: 11:19:34
################################################################################
[cuda-debug] tensors stage=clipped_actions step=2800 actions[min=-4.6751,max=4.8961,abs=4.8961] memory_mib[allocated=943.7,reserved=2982.0]
[cuda-debug] tensors stage=before_simulate step=2800 substep=0 actions[min=-4.6751,max=4.8961,abs=4.8961] torques[min=-130.96,max=126.66,abs=130.96] joint_pos_target[min=-2.5439,max=1.911,abs=2.5439] forces[min=-70,max=70,abs=70] root_states[min=-4.3375,max=70.266,abs=70.266] dof_pos[min=-6.2799,max=6.2826,abs=6.2826] dof_vel[min=-77.637,max=69.655,abs=77.637] memory_mib[allocated=944.0,reserved=2982.0]
[cuda-debug] stage=dof_diagnostics step=2800 substep=0 hard_limit_violation=[env=2617,item=FAR_ABAD_JOINT,value=0.0011492;env=1234,item=FAR_ABAD_JOINT,value=0.00017935;env=2182,item=FAR_ABAD_JOINT,value=0.00014931;env=2877,item=RAR_ABAD_JOINT,value=0.00014842;env=2727,item=RBL_ABAD_JOINT,value=0.00014371] target_clamp=[env=2584,item=ROBOT_ARM_JOINT5,value=2.6273;env=3456,item=ROBOT_ARM_JOINT1,value=2.5639;env=2124,item=ROBOT_ARM_JOINT6,value=2.4957;env=503,item=ROBOT_ARM_JOINT4,value=2.4012;env=3784,item=ROBOT_ARM_JOINT6,value=2.3699] velocity_excess=[env=2846,item=ROBOT_ARM_JOINT5,value=0.077609;env=1105,item=ROBOT_ARM_JOINT5,value=0.056768;env=2656,item=ROBOT_ARM_JOINT1,value=0.048159;env=1074,item=ROBOT_ARM_JOINT5,value=0.041175;env=61,item=ROBOT_ARM_JOINT5,value=0.03004]
[cuda-debug] reached stage=before_simulate step=2800 substep=0
[cuda-debug] reached stage=after_fetch_results step=2800 substep=0
[cuda-debug] reached stage=after_refresh_tensors step=2800 substep=0
[cuda-debug] tensors stage=after_refresh_tensors step=2800 substep=0 root_states[min=-4.2063,max=70.266,abs=70.266] dof_pos[min=-6.2818,max=6.281,abs=6.2818] dof_vel[min=-75.295,max=69.164,abs=75.295] rigid_body_state[min=-71.032,max=70.792,abs=71.032] contact_forces[min=-13291,max=11266,abs=13291] memory_mib[allocated=944.2,reserved=2982.0]
[cuda-debug] stage=contact_diagnostics step=2800 substep=0 top_contacts=[env=3274,item=FBL_FOOT_LINK,value=14631;env=2481,item=FAR_KNEE_LINK,value=12911;env=1661,item=FBL_FOOT_LINK,value=11069;env=3270,item=FAR_FOOT_LINK,value=10890;env=2524,item=RBL_FOOT_LINK,value=10825]
[cuda-debug] reached stage=before_post_physics_step step=2800
[cuda-debug] reached stage=after_post_physics_step step=2800
[cuda-debug] tensors stage=step_outputs step=2800 observations[min=-4.6751,max=4.8961,abs=4.8961] privileged_observations[min=-96.912,max=95.613,abs=96.912] rewards[min=0,max=0.031475,abs=0.031475] memory_mib[allocated=945.9,reserved=2982.0]

########################## Learning iteration 58/4999 ##########################
                       Computation: 23866 steps/s
                   Collection time: 7.390 s
                     Learning time: 0.655 s
               Value function loss: 0.0034
                    Surrogate loss: -0.0142
             Mean action noise std: 0.8769
                       Mean reward: 1.12
               Mean episode length: 348.20
--------------------------------------------------------------------------------
                   Total timesteps: 11328000
                    Iteration time: 8.04 s
                        Total time: 518.36 s
                               ETA: 11:02:29
################################################################################

########################## Learning iteration 59/4999 ##########################
                       Computation: 22229 steps/s
                   Collection time: 7.963 s
                     Learning time: 0.674 s
               Value function loss: 0.0026
                    Surrogate loss: -0.0161
             Mean action noise std: 0.8748
                       Mean reward: 1.61
               Mean episode length: 599.21
--------------------------------------------------------------------------------
                   Total timesteps: 11520000
                    Iteration time: 8.64 s
                        Total time: 526.99 s
                               ETA: 11:51:06
################################################################################
[cuda-debug] tensors stage=clipped_actions step=2900 actions[min=-4.7465,max=4.9514,abs=4.9514] memory_mib[allocated=943.8,reserved=2982.0]
[cuda-debug] tensors stage=before_simulate step=2900 substep=0 actions[min=-4.7465,max=4.9514,abs=4.9514] torques[min=-132.17,max=150.08,abs=150.08] joint_pos_target[min=-2.5391,max=1.8504,abs=2.5391] forces[min=-70,max=70,abs=70] root_states[min=-4.4265,max=70.756,abs=70.756] dof_pos[min=-6.278,max=6.2829,abs=6.2829] dof_vel[min=-89.572,max=78.306,abs=89.572] memory_mib[allocated=944.1,reserved=2982.0]
[cuda-debug] stage=dof_diagnostics step=2900 substep=0 hard_limit_violation=[env=466,item=RAR_ABAD_JOINT,value=0.0017649;env=1661,item=FBL_ABAD_JOINT,value=0.00092477;env=224,item=FAR_ABAD_JOINT,value=0.0005973;env=1626,item=FAR_ABAD_JOINT,value=0.0005182;env=2913,item=FBL_ABAD_JOINT,value=0.00048137] target_clamp=[env=1265,item=ROBOT_ARM_JOINT2,value=2.4391;env=1501,item=ROBOT_ARM_JOINT4,value=2.3459;env=3019,item=ROBOT_ARM_JOINT4,value=2.3364;env=2597,item=ROBOT_ARM_JOINT3,value=2.2798;env=2066,item=ROBOT_ARM_JOINT6,value=2.1714] velocity_excess=[env=1626,item=ROBOT_ARM_JOINT5,value=1.1229;env=2864,item=ROBOT_ARM_JOINT5,value=0.25504;env=588,item=ROBOT_ARM_JOINT5,value=0.10393;env=1021,item=ROBOT_ARM_JOINT5,value=0.062395;env=1323,item=ROBOT_ARM_JOINT3,value=0.046466]
[cuda-debug] reached stage=before_simulate step=2900 substep=0
[cuda-debug] reached stage=after_fetch_results step=2900 substep=0
[cuda-debug] reached stage=after_refresh_tensors step=2900 substep=0
[cuda-debug] tensors stage=after_refresh_tensors step=2900 substep=0 root_states[min=-4.2643,max=70.757,abs=70.757] dof_pos[min=-6.2811,max=6.2812,abs=6.2812] dof_vel[min=-82.282,max=75.675,abs=82.282] rigid_body_state[min=-74.918,max=71.242,abs=74.918] contact_forces[min=-10576,max=25727,abs=25727] memory_mib[allocated=944.4,reserved=2982.0]
[cuda-debug] stage=contact_diagnostics step=2900 substep=0 top_contacts=[env=1143,item=RAR_HIP_LINK,value=27279;env=1362,item=FAR_FOOT_LINK,value=13292;env=3395,item=RBL_FOOT_LINK,value=13276;env=2140,item=RBL_FOOT_LINK,value=13225;env=3460,item=FBL_FOOT_LINK,value=11226]
[cuda-debug] reached stage=before_post_physics_step step=2900
[cuda-debug] reached stage=after_post_physics_step step=2900
[cuda-debug] tensors stage=step_outputs step=2900 observations[min=-4.7465,max=4.9514,abs=4.9514] privileged_observations[min=-93.781,max=92.303,abs=93.781] rewards[min=0,max=0.035984,abs=0.035984] memory_mib[allocated=946.0,reserved=2982.0]

########################## Learning iteration 60/4999 ##########################
                       Computation: 22118 steps/s
                   Collection time: 8.007 s
                     Learning time: 0.673 s
               Value function loss: 0.0027
                    Surrogate loss: -0.0088
             Mean action noise std: 0.8737
                       Mean reward: 1.59
               Mean episode length: 421.74
--------------------------------------------------------------------------------
                   Total timesteps: 11712000
                    Iteration time: 8.68 s
                        Total time: 535.67 s
                               ETA: 11:54:33
################################################################################

########################## Learning iteration 61/4999 ##########################
                       Computation: 21174 steps/s
                   Collection time: 8.392 s
                     Learning time: 0.675 s
               Value function loss: 0.0028
                    Surrogate loss: -0.0137
             Mean action noise std: 0.8712
                       Mean reward: 1.73
               Mean episode length: 487.13
--------------------------------------------------------------------------------
                   Total timesteps: 11904000
                    Iteration time: 9.07 s
                        Total time: 544.74 s
                               ETA: 12:26:15
################################################################################
[cuda-debug] tensors stage=clipped_actions step=3000 actions[min=-4.9432,max=4.9492,abs=4.9492] memory_mib[allocated=943.9,reserved=2982.0]
[cuda-debug] tensors stage=before_simulate step=3000 substep=0 actions[min=-4.9432,max=4.9492,abs=4.9492] torques[min=-144.01,max=128.72,abs=144.01] joint_pos_target[min=-2.4525,max=1.9099,abs=2.4525] forces[min=-70,max=70,abs=70] root_states[min=-6.0903,max=71.285,abs=71.285] dof_pos[min=-6.2828,max=6.283,abs=6.283] dof_vel[min=-64.319,max=75.717,abs=75.717] memory_mib[allocated=944.2,reserved=2982.0]
[cuda-debug] stage=dof_diagnostics step=3000 substep=0 hard_limit_violation=[env=2017,item=FBL_ABAD_JOINT,value=0.00041938;env=516,item=FBL_ABAD_JOINT,value=9.6262e-05;env=1540,item=RAR_ABAD_JOINT,value=8.2135e-05;env=2727,item=RBL_ABAD_JOINT,value=6.1274e-05;env=1536,item=ROBOT_ARM_JOINT2,value=6.0021e-05] target_clamp=[env=808,item=ROBOT_ARM_JOINT5,value=2.4787;env=1364,item=ROBOT_ARM_JOINT1,value=2.2614;env=1305,item=ROBOT_ARM_JOINT2,value=2.2181;env=3066,item=ROBOT_ARM_JOINT6,value=2.1926;env=2058,item=ROBOT_ARM_JOINT2,value=2.1862] velocity_excess=[env=3084,item=ROBOT_ARM_JOINT5,value=0.15799;env=3413,item=ROBOT_ARM_JOINT1,value=0.099643;env=1861,item=RBL_KNEE_JOINT,value=0.05444;env=247,item=ROBOT_ARM_JOINT4,value=0.032527;env=2349,item=ROBOT_ARM_JOINT4,value=0.024321]
[cuda-debug] reached stage=before_simulate step=3000 substep=0
[cuda-debug] reached stage=after_fetch_results step=3000 substep=0
[cuda-debug] reached stage=after_refresh_tensors step=3000 substep=0
[cuda-debug] tensors stage=after_refresh_tensors step=3000 substep=0 root_states[min=-5.4682,max=71.286,abs=71.286] dof_pos[min=-6.2823,max=6.2829,abs=6.2829] dof_vel[min=-60.526,max=75.208,abs=75.208] rigid_body_state[min=-58.677,max=71.757,abs=71.757] contact_forces[min=-9187.2,max=11043,abs=11043] memory_mib[allocated=944.5,reserved=2982.0]
[cuda-debug] stage=contact_diagnostics step=3000 substep=0 top_contacts=[env=3091,item=RBL_FOOT_LINK,value=12518;env=1401,item=FBL_FOOT_LINK,value=12453;env=3163,item=FAR_FOOT_LINK,value=12011;env=3270,item=FAR_FOOT_LINK,value=11189;env=3226,item=RBL_FOOT_LINK,value=10121]
[cuda-debug] reached stage=before_post_physics_step step=3000
[cuda-debug] reached stage=after_post_physics_step step=3000
[cuda-debug] tensors stage=step_outputs step=3000 observations[min=-4.9432,max=4.9492,abs=4.9492] privileged_observations[min=-97.319,max=98.704,abs=98.704] rewards[min=0,max=0.036059,abs=0.036059] memory_mib[allocated=946.1,reserved=2982.0]

########################## Learning iteration 62/4999 ##########################
                       Computation: 21603 steps/s
                   Collection time: 8.218 s
                     Learning time: 0.670 s
               Value function loss: 0.0028
                    Surrogate loss: -0.0152
             Mean action noise std: 0.8694
                       Mean reward: 1.48
               Mean episode length: 502.21
--------------------------------------------------------------------------------
                   Total timesteps: 12096000
                    Iteration time: 8.89 s
                        Total time: 553.63 s
                               ETA: 12:11:17
################################################################################

########################## Learning iteration 63/4999 ##########################
                       Computation: 21609 steps/s
                   Collection time: 8.229 s
                     Learning time: 0.656 s
               Value function loss: 0.0031
                    Surrogate loss: -0.0139
             Mean action noise std: 0.8680
                       Mean reward: 1.69
               Mean episode length: 440.23
--------------------------------------------------------------------------------
                   Total timesteps: 12288000
                    Iteration time: 8.88 s
                        Total time: 562.51 s
                               ETA: 12:10:56
################################################################################
[cuda-debug] tensors stage=clipped_actions step=3100 actions[min=-4.7812,max=4.5003,abs=4.7812] memory_mib[allocated=944.0,reserved=2982.0]
[cuda-debug] tensors stage=before_simulate step=3100 substep=0 actions[min=-4.7812,max=4.5003,abs=4.7812] torques[min=-133.09,max=142.2,abs=142.2] joint_pos_target[min=-2.4605,max=1.8781,abs=2.4605] forces[min=-70,max=70,abs=70] root_states[min=-4.5395,max=71.845,abs=71.845] dof_pos[min=-6.2831,max=6.2823,abs=6.2831] dof_vel[min=-81.992,max=72.372,abs=81.992] memory_mib[allocated=944.4,reserved=2982.0]
[cuda-debug] stage=dof_diagnostics step=3100 substep=0 hard_limit_violation=[env=66,item=FAR_ABAD_JOINT,value=0.00072682;env=1167,item=FAR_ABAD_JOINT,value=0.0006097;env=3248,item=RAR_ABAD_JOINT,value=0.00033242;env=3248,item=FAR_ABAD_JOINT,value=0.00032008;env=2401,item=RAR_ABAD_JOINT,value=0.00031263] target_clamp=[env=3938,item=ROBOT_ARM_JOINT1,value=2.8594;env=3569,item=ROBOT_ARM_JOINT1,value=2.6062;env=1031,item=ROBOT_ARM_JOINT1,value=2.5607;env=1418,item=ROBOT_ARM_JOINT4,value=2.4938;env=274,item=ROBOT_ARM_JOINT1,value=2.3061] velocity_excess=[env=2790,item=ROBOT_ARM_JOINT3,value=0.089252;env=2482,item=ROBOT_ARM_JOINT5,value=0.067728;env=2908,item=ROBOT_ARM_JOINT4,value=0.053846;env=3506,item=ROBOT_ARM_JOINT5,value=0.044531;env=2930,item=ROBOT_ARM_JOINT5,value=0.042269]
[cuda-debug] reached stage=before_simulate step=3100 substep=0
[cuda-debug] reached stage=after_fetch_results step=3100 substep=0
[cuda-debug] reached stage=after_refresh_tensors step=3100 substep=0
[cuda-debug] tensors stage=after_refresh_tensors step=3100 substep=0 root_states[min=-4.7598,max=71.847,abs=71.847] dof_pos[min=-6.2829,max=6.2831,abs=6.2831] dof_vel[min=-80.927,max=73.795,abs=80.927] rigid_body_state[min=-56.319,max=72.307,abs=72.307] contact_forces[min=-10637,max=16131,abs=16131] memory_mib[allocated=944.6,reserved=2982.0]
[cuda-debug] stage=contact_diagnostics step=3100 substep=0 top_contacts=[env=1211,item=FBL_FOOT_LINK,value=19246;env=1261,item=RAR_FOOT_LINK,value=14778;env=1857,item=RAR_FOOT_LINK,value=12001;env=1401,item=FBL_FOOT_LINK,value=11908;env=3018,item=FBL_FOOT_LINK,value=11466]
[cuda-debug] reached stage=before_post_physics_step step=3100
[cuda-debug] reached stage=after_post_physics_step step=3100
[cuda-debug] tensors stage=step_outputs step=3100 observations[min=-4.7812,max=4.8618,abs=4.8618] privileged_observations[min=-98.141,max=98.94,abs=98.94] rewards[min=0,max=0.033748,abs=0.033748] memory_mib[allocated=946.3,reserved=2982.0]

########################## Learning iteration 64/4999 ##########################
                       Computation: 21705 steps/s
                   Collection time: 8.190 s
                     Learning time: 0.656 s
               Value function loss: 0.0029
                    Surrogate loss: -0.0145
             Mean action noise std: 0.8657
                       Mean reward: 2.01
               Mean episode length: 484.04
--------------------------------------------------------------------------------
                   Total timesteps: 12480000
                    Iteration time: 8.85 s
                        Total time: 571.36 s
                               ETA: 12:07:33
################################################################################

########################## Learning iteration 65/4999 ##########################
                       Computation: 21557 steps/s
                   Collection time: 8.253 s
                     Learning time: 0.654 s
               Value function loss: 0.0030
                    Surrogate loss: -0.0146
             Mean action noise std: 0.8638
                       Mean reward: 2.92
               Mean episode length: 579.96
--------------------------------------------------------------------------------
                   Total timesteps: 12672000
                    Iteration time: 8.91 s
                        Total time: 580.27 s
                               ETA: 12:12:24
################################################################################
[cuda-debug] tensors stage=clipped_actions step=3200 actions[min=-5.1375,max=5.0214,abs=5.1375] memory_mib[allocated=944.1,reserved=2982.0]
[cuda-debug] tensors stage=before_simulate step=3200 substep=0 actions[min=-5.1375,max=5.0214,abs=5.1375] torques[min=-135.97,max=139.78,abs=139.78] joint_pos_target[min=-2.641,max=1.9058,abs=2.641] forces[min=-70,max=70,abs=70] root_states[min=-6.268,max=72.385,abs=72.385] dof_pos[min=-6.2823,max=6.2822,abs=6.2823] dof_vel[min=-63.559,max=64.998,abs=64.998] memory_mib[allocated=944.5,reserved=2982.0]
[cuda-debug] stage=dof_diagnostics step=3200 substep=0 hard_limit_violation=[env=82,item=FAR_ABAD_JOINT,value=0.0012835;env=634,item=RAR_ABAD_JOINT,value=0.00061125;env=2798,item=FAR_ABAD_JOINT,value=0.00028265;env=2283,item=FAR_ABAD_JOINT,value=0.00027943;env=1683,item=FAR_ABAD_JOINT,value=0.00012565] target_clamp=[env=962,item=ROBOT_ARM_JOINT2,value=2.6154;env=1325,item=ROBOT_ARM_JOINT1,value=2.4298;env=3366,item=ROBOT_ARM_JOINT4,value=2.286;env=22,item=ROBOT_ARM_JOINT3,value=2.2665;env=569,item=ROBOT_ARM_JOINT5,value=2.239] velocity_excess=[env=1403,item=ROBOT_ARM_JOINT5,value=0.33286;env=2278,item=ROBOT_ARM_JOINT5,value=0.14762;env=3116,item=ROBOT_ARM_JOINT4,value=0.082098;env=3531,item=ROBOT_ARM_JOINT5,value=0.081648;env=2418,item=ROBOT_ARM_JOINT3,value=0.062817]
[cuda-debug] reached stage=before_simulate step=3200 substep=0
[cuda-debug] reached stage=after_fetch_results step=3200 substep=0
[cuda-debug] reached stage=after_refresh_tensors step=3200 substep=0
[cuda-debug] tensors stage=after_refresh_tensors step=3200 substep=0 root_states[min=-6.3914,max=72.385,abs=72.385] dof_pos[min=-6.2819,max=6.2832,abs=6.2832] dof_vel[min=-59.812,max=63.128,abs=63.128] rigid_body_state[min=-53.061,max=72.831,abs=72.831] contact_forces[min=-15513,max=13497,abs=15513] memory_mib[allocated=944.7,reserved=2982.0]
[cuda-debug] stage=contact_diagnostics step=3200 substep=0 top_contacts=[env=144,item=RBL_FOOT_LINK,value=16146;env=1261,item=RAR_FOOT_LINK,value=14650;env=3321,item=FAR_FOOT_LINK,value=14126;env=1042,item=FAR_FOOT_LINK,value=12657;env=1401,item=FBL_FOOT_LINK,value=11865]
[cuda-debug] reached stage=before_post_physics_step step=3200
[cuda-debug] reached stage=after_post_physics_step step=3200
[cuda-debug] tensors stage=step_outputs step=3200 observations[min=-5.1375,max=5.0214,abs=5.1375] privileged_observations[min=-98.609,max=98.673,abs=98.673] rewards[min=0,max=0.034309,abs=0.034309] memory_mib[allocated=946.4,reserved=2982.0]

########################## Learning iteration 66/4999 ##########################
                       Computation: 21534 steps/s
                   Collection time: 8.253 s
                     Learning time: 0.662 s
               Value function loss: 0.0033
                    Surrogate loss: -0.0131
             Mean action noise std: 0.8617
                       Mean reward: 2.43
               Mean episode length: 608.29
--------------------------------------------------------------------------------
                   Total timesteps: 12864000
                    Iteration time: 8.92 s
                        Total time: 589.18 s
                               ETA: 12:13:01
################################################################################

########################## Learning iteration 67/4999 ##########################
                       Computation: 21787 steps/s
                   Collection time: 8.138 s
                     Learning time: 0.674 s
               Value function loss: 0.0034
                    Surrogate loss: -0.0134
             Mean action noise std: 0.8598
                       Mean reward: 2.34
               Mean episode length: 566.64
--------------------------------------------------------------------------------
                   Total timesteps: 13056000
                    Iteration time: 8.81 s
                        Total time: 597.99 s
                               ETA: 12:04:23
################################################################################
[cuda-debug] tensors stage=clipped_actions step=3300 actions[min=-4.5624,max=4.9957,abs=4.9957] memory_mib[allocated=944.2,reserved=2982.0]
[cuda-debug] tensors stage=before_simulate step=3300 substep=0 actions[min=-4.5624,max=4.9957,abs=4.9957] torques[min=-129.55,max=143.02,abs=143.02] joint_pos_target[min=-2.4832,max=1.9425,abs=2.4832] forces[min=-70,max=70,abs=70] root_states[min=-5.3922,max=72.64,abs=72.64] dof_pos[min=-6.2812,max=6.2822,abs=6.2822] dof_vel[min=-56.282,max=60.362,abs=60.362] memory_mib[allocated=944.6,reserved=2982.0]
[cuda-debug] stage=dof_diagnostics step=3300 substep=0 hard_limit_violation=[env=3547,item=RAR_ABAD_JOINT,value=0.00043541;env=38,item=RAR_ABAD_JOINT,value=0.00032216;env=3292,item=FAR_ABAD_JOINT,value=0.00030541;env=118,item=FBL_ABAD_JOINT,value=0.00028008;env=666,item=FBL_ABAD_JOINT,value=0.00022328] target_clamp=[env=3906,item=ROBOT_ARM_JOINT4,value=2.3873;env=21,item=ROBOT_ARM_JOINT3,value=2.2995;env=2962,item=ROBOT_ARM_JOINT6,value=2.2087;env=1043,item=ROBOT_ARM_JOINT5,value=2.162;env=293,item=ROBOT_ARM_JOINT3,value=2.1582] velocity_excess=[env=3029,item=ROBOT_ARM_JOINT5,value=0.17003;env=1418,item=ROBOT_ARM_JOINT3,value=0.063846;env=2266,item=ROBOT_ARM_JOINT5,value=0.051462;env=440,item=ROBOT_ARM_JOINT5,value=0.044986;env=2036,item=ROBOT_ARM_JOINT5,value=0.040449]
[cuda-debug] reached stage=before_simulate step=3300 substep=0
[cuda-debug] reached stage=after_fetch_results step=3300 substep=0
[cuda-debug] reached stage=after_refresh_tensors step=3300 substep=0
[cuda-debug] tensors stage=after_refresh_tensors step=3300 substep=0 root_states[min=-5.3133,max=72.64,abs=72.64] dof_pos[min=-6.2815,max=6.2799,abs=6.2815] dof_vel[min=-58.088,max=61.744,abs=61.744] rigid_body_state[min=-53.013,max=73.077,abs=73.077] contact_forces[min=-10126,max=13533,abs=13533] memory_mib[allocated=944.8,reserved=2982.0]
[cuda-debug] stage=contact_diagnostics step=3300 substep=0 top_contacts=[env=1731,item=FAR_FOOT_LINK,value=14622;env=2724,item=FBL_FOOT_LINK,value=13660;env=1401,item=FBL_FOOT_LINK,value=11837;env=1461,item=RBL_FOOT_LINK,value=11661;env=2150,item=RAR_FOOT_LINK,value=11589]
[cuda-debug] reached stage=before_post_physics_step step=3300
[cuda-debug] reached stage=after_post_physics_step step=3300
[cuda-debug] tensors stage=step_outputs step=3300 observations[min=-4.5624,max=4.9957,abs=4.9957] privileged_observations[min=-98.995,max=98.006,abs=98.995] rewards[min=0,max=0.032714,abs=0.032714] memory_mib[allocated=946.5,reserved=2982.0]

########################## Learning iteration 68/4999 ##########################
                       Computation: 21285 steps/s
                   Collection time: 8.346 s
                     Learning time: 0.674 s
               Value function loss: 0.0034
                    Surrogate loss: -0.0145
             Mean action noise std: 0.8591
                       Mean reward: 2.62
               Mean episode length: 439.78
--------------------------------------------------------------------------------
                   Total timesteps: 13248000
                    Iteration time: 9.02 s
                        Total time: 607.01 s
                               ETA: 12:21:18
################################################################################

########################## Learning iteration 69/4999 ##########################
                       Computation: 21668 steps/s
                   Collection time: 8.223 s
                     Learning time: 0.638 s
               Value function loss: 0.0035
                    Surrogate loss: -0.0129
             Mean action noise std: 0.8577
                       Mean reward: 3.06
               Mean episode length: 559.46
--------------------------------------------------------------------------------
                   Total timesteps: 13440000
                    Iteration time: 8.86 s
                        Total time: 615.88 s
                               ETA: 12:08:04
################################################################################
[cuda-debug] tensors stage=clipped_actions step=3400 actions[min=-4.9308,max=5.0661,abs=5.0661] memory_mib[allocated=944.3,reserved=2982.0]
[cuda-debug] tensors stage=before_simulate step=3400 substep=0 actions[min=-4.9308,max=5.0661,abs=5.0661] torques[min=-142.03,max=147.76,abs=147.76] joint_pos_target[min=-2.4982,max=1.9726,abs=2.4982] forces[min=-70,max=70,abs=70] root_states[min=-5.8395,max=72.624,abs=72.624] dof_pos[min=-6.2819,max=6.2828,abs=6.2828] dof_vel[min=-70.083,max=81.572,abs=81.572] memory_mib[allocated=944.7,reserved=2982.0]
[cuda-debug] stage=dof_diagnostics step=3400 substep=0 hard_limit_violation=[env=2152,item=FAR_ABAD_JOINT,value=0.00060302;env=2121,item=FAR_ABAD_JOINT,value=0.00048858;env=707,item=FAR_ABAD_JOINT,value=0.00044227;env=2265,item=FBL_ABAD_JOINT,value=0.00040066;env=1469,item=RAR_ABAD_JOINT,value=0.00036585] target_clamp=[env=1507,item=ROBOT_ARM_JOINT2,value=2.7322;env=3548,item=ROBOT_ARM_JOINT2,value=2.2734;env=1010,item=ROBOT_ARM_JOINT1,value=2.2473;env=761,item=ROBOT_ARM_JOINT2,value=2.2091;env=1114,item=ROBOT_ARM_JOINT5,value=2.1861] velocity_excess=[env=2152,item=ROBOT_ARM_JOINT5,value=1.8747;env=2121,item=ROBOT_ARM_JOINT6,value=0.68834;env=2645,item=ROBOT_ARM_JOINT5,value=0.11919;env=154,item=ROBOT_ARM_JOINT3,value=0.090148;env=3600,item=ROBOT_ARM_JOINT4,value=0.083913]
[cuda-debug] reached stage=before_simulate step=3400 substep=0
[cuda-debug] reached stage=after_fetch_results step=3400 substep=0
[cuda-debug] reached stage=after_refresh_tensors step=3400 substep=0
[cuda-debug] tensors stage=after_refresh_tensors step=3400 substep=0 root_states[min=-5.1848,max=72.624,abs=72.624] dof_pos[min=-6.2827,max=6.2813,abs=6.2827] dof_vel[min=-66.197,max=52.853,abs=66.197] rigid_body_state[min=-55.214,max=73.147,abs=73.147] contact_forces[min=-7694,max=20576,abs=20576] memory_mib[allocated=944.9,reserved=2982.0]
[cuda-debug] stage=contact_diagnostics step=3400 substep=0 top_contacts=[env=3611,item=FAR_HIP_LINK,value=20576;env=2901,item=FAR_FOOT_LINK,value=19473;env=982,item=RBL_FOOT_LINK,value=16145;env=3163,item=FAR_FOOT_LINK,value=12783;env=3543,item=RBL_FOOT_LINK,value=11874]
[cuda-debug] reached stage=before_post_physics_step step=3400
[cuda-debug] reached stage=after_post_physics_step step=3400
[cuda-debug] tensors stage=step_outputs step=3400 observations[min=-4.9308,max=5.0661,abs=5.0661] privileged_observations[min=-98.932,max=92.547,abs=98.932] rewards[min=0,max=0.033234,abs=0.033234] memory_mib[allocated=946.6,reserved=2982.0]

########################## Learning iteration 70/4999 ##########################
                       Computation: 21844 steps/s
                   Collection time: 8.107 s
                     Learning time: 0.683 s
               Value function loss: 0.0036
                    Surrogate loss: -0.0133
             Mean action noise std: 0.8559
                       Mean reward: 2.70
               Mean episode length: 649.84
--------------------------------------------------------------------------------
                   Total timesteps: 13632000
                    Iteration time: 8.79 s
                        Total time: 624.67 s
                               ETA: 12:02:03
################################################################################

########################## Learning iteration 71/4999 ##########################
                       Computation: 21615 steps/s
                   Collection time: 8.242 s
                     Learning time: 0.641 s
               Value function loss: 0.0037
                    Surrogate loss: -0.0147
             Mean action noise std: 0.8541
                       Mean reward: 2.83
               Mean episode length: 560.33
--------------------------------------------------------------------------------
                   Total timesteps: 13824000
                    Iteration time: 8.88 s
                        Total time: 633.55 s
                               ETA: 12:09:33
################################################################################
[cuda-debug] tensors stage=clipped_actions step=3500 actions[min=-4.5096,max=5,abs=5] memory_mib[allocated=944.4,reserved=2982.0]
[cuda-debug] tensors stage=before_simulate step=3500 substep=0 actions[min=-4.5096,max=5,abs=5] torques[min=-148.14,max=128.46,abs=148.14] joint_pos_target[min=-2.4473,max=2.1791,abs=2.4473] forces[min=-70,max=70,abs=70] root_states[min=-5.0413,max=72.558,abs=72.558] dof_pos[min=-6.2809,max=6.2826,abs=6.2826] dof_vel[min=-55.361,max=65.86,abs=65.86] memory_mib[allocated=944.8,reserved=2982.0]
[cuda-debug] stage=dof_diagnostics step=3500 substep=0 hard_limit_violation=[env=3470,item=RBL_ABAD_JOINT,value=0.0004887;env=2311,item=RBL_ABAD_JOINT,value=0.00033247;env=2569,item=FAR_ABAD_JOINT,value=0.00024593;env=1400,item=RAR_ABAD_JOINT,value=0.00015974;env=3471,item=RAR_ABAD_JOINT,value=0.00011766] target_clamp=[env=303,item=ROBOT_ARM_JOINT3,value=2.6364;env=1592,item=ROBOT_ARM_JOINT5,value=2.4071;env=3694,item=ROBOT_ARM_JOINT4,value=2.3381;env=2125,item=ROBOT_ARM_JOINT3,value=2.2163;env=2291,item=ROBOT_ARM_JOINT2,value=2.166] velocity_excess=[env=151,item=ROBOT_ARM_JOINT5,value=0.1516;env=3254,item=ROBOT_ARM_JOINT3,value=0.095376;env=1695,item=ROBOT_ARM_JOINT3,value=0.091506;env=3873,item=ROBOT_ARM_JOINT4,value=0.040596;env=2898,item=ROBOT_ARM_JOINT4,value=0.035431]
[cuda-debug] reached stage=before_simulate step=3500 substep=0
[cuda-debug] reached stage=after_fetch_results step=3500 substep=0
[cuda-debug] reached stage=after_refresh_tensors step=3500 substep=0
[cuda-debug] tensors stage=after_refresh_tensors step=3500 substep=0 root_states[min=-5.6108,max=72.557,abs=72.557] dof_pos[min=-6.2817,max=6.2821,abs=6.2821] dof_vel[min=-52.831,max=64.226,abs=64.226] rigid_body_state[min=-47.25,max=72.981,abs=72.981] contact_forces[min=-9659.8,max=11441,abs=11441] memory_mib[allocated=945.0,reserved=2982.0]
[cuda-debug] stage=contact_diagnostics step=3500 substep=0 top_contacts=[env=3163,item=FAR_FOOT_LINK,value=13212;env=2589,item=FAR_FOOT_LINK,value=12983;env=1401,item=FBL_FOOT_LINK,value=11775;env=1001,item=FBL_FOOT_LINK,value=11751;env=1568,item=RAR_FOOT_LINK,value=11013]
[cuda-debug] reached stage=before_post_physics_step step=3500
[cuda-debug] reached stage=after_post_physics_step step=3500
[cuda-debug] tensors stage=step_outputs step=3500 observations[min=-4.5096,max=5,abs=5] privileged_observations[min=-88.709,max=98.38,abs=98.38] rewards[min=0,max=0.035108,abs=0.035108] memory_mib[allocated=946.7,reserved=2982.0]

########################## Learning iteration 72/4999 ##########################
                       Computation: 22024 steps/s
                   Collection time: 8.071 s
                     Learning time: 0.646 s
               Value function loss: 0.0038
                    Surrogate loss: -0.0133
             Mean action noise std: 0.8527
                       Mean reward: 3.40
               Mean episode length: 695.64
--------------------------------------------------------------------------------
                   Total timesteps: 14016000
                    Iteration time: 8.72 s
                        Total time: 642.27 s
                               ETA: 11:55:51
################################################################################

########################## Learning iteration 73/4999 ##########################
                       Computation: 22131 steps/s
                   Collection time: 8.021 s
                     Learning time: 0.654 s
               Value function loss: 0.0039
                    Surrogate loss: -0.0130
             Mean action noise std: 0.8510
                       Mean reward: 3.30
               Mean episode length: 510.82
--------------------------------------------------------------------------------
                   Total timesteps: 14208000
                    Iteration time: 8.68 s
                        Total time: 650.94 s
                               ETA: 11:52:15
################################################################################
[cuda-debug] tensors stage=clipped_actions step=3600 actions[min=-5.5151,max=4.7698,abs=5.5151] memory_mib[allocated=944.5,reserved=2982.0]
[cuda-debug] tensors stage=before_simulate step=3600 substep=0 actions[min=-5.5151,max=4.7698,abs=5.5151] torques[min=-144.22,max=136.1,abs=144.22] joint_pos_target[min=-2.5209,max=2.032,abs=2.5209] forces[min=-70,max=70,abs=70] root_states[min=-6.9295,max=72.349,abs=72.349] dof_pos[min=-6.2805,max=6.2827,abs=6.2827] dof_vel[min=-52.64,max=50.026,abs=52.64] memory_mib[allocated=944.8,reserved=2982.0]
[cuda-debug] stage=dof_diagnostics step=3600 substep=0 hard_limit_violation=[env=1956,item=RAR_ABAD_JOINT,value=0.0023702;env=1956,item=FAR_ABAD_JOINT,value=0.0011998;env=3686,item=FBL_ABAD_JOINT,value=0.0010871;env=709,item=RAR_ABAD_JOINT,value=0.00052923;env=3789,item=FAR_ABAD_JOINT,value=0.00038999] target_clamp=[env=479,item=ROBOT_ARM_JOINT2,value=2.5655;env=3447,item=ROBOT_ARM_JOINT6,value=2.4802;env=158,item=ROBOT_ARM_JOINT4,value=2.3605;env=2821,item=ROBOT_ARM_JOINT6,value=2.2515;env=1156,item=ROBOT_ARM_JOINT4,value=2.1795] velocity_excess=[env=3163,item=ROBOT_ARM_JOINT6,value=0.13816;env=181,item=ROBOT_ARM_JOINT3,value=0.068941;env=1275,item=ROBOT_ARM_JOINT3,value=0.065941;env=1850,item=ROBOT_ARM_JOINT4,value=0.043447;env=2002,item=ROBOT_ARM_JOINT5,value=0.041179]
[cuda-debug] reached stage=before_simulate step=3600 substep=0
[cuda-debug] reached stage=after_fetch_results step=3600 substep=0
[cuda-debug] reached stage=after_refresh_tensors step=3600 substep=0
[cuda-debug] tensors stage=after_refresh_tensors step=3600 substep=0 root_states[min=-6.1894,max=72.348,abs=72.348] dof_pos[min=-6.2827,max=6.2828,abs=6.2828] dof_vel[min=-75.158,max=52.331,abs=75.158] rigid_body_state[min=-44.601,max=75.453,abs=75.453] contact_forces[min=-11951,max=13184,abs=13184] memory_mib[allocated=945.1,reserved=2982.0]
[cuda-debug] stage=contact_diagnostics step=3600 substep=0 top_contacts=[env=2529,item=RBL_FOOT_LINK,value=13697;env=3984,item=FBL_FOOT_LINK,value=13407;env=3471,item=FBL_FOOT_LINK,value=12228;env=206,item=RAR_FOOT_LINK,value=11287;env=2596,item=FBL_FOOT_LINK,value=10977]
[cuda-debug] reached stage=before_post_physics_step step=3600
[cuda-debug] reached stage=after_post_physics_step step=3600
[cuda-debug] tensors stage=step_outputs step=3600 observations[min=-5.5151,max=4.7698,abs=5.5151] privileged_observations[min=-98.688,max=94.515,abs=98.688] rewards[min=0,max=0.033584,abs=0.033584] memory_mib[allocated=946.7,reserved=2982.0]

########################## Learning iteration 74/4999 ##########################
                       Computation: 21948 steps/s
                   Collection time: 8.091 s
                     Learning time: 0.657 s
               Value function loss: 0.0038
                    Surrogate loss: -0.0128
             Mean action noise std: 0.8490
                       Mean reward: 2.76
               Mean episode length: 531.41
--------------------------------------------------------------------------------
                   Total timesteps: 14400000
                    Iteration time: 8.75 s
                        Total time: 659.69 s
                               ETA: 11:58:03
################################################################################

########################## Learning iteration 75/4999 ##########################
                       Computation: 21777 steps/s
                   Collection time: 8.136 s
                     Learning time: 0.681 s
               Value function loss: 0.0037
                    Surrogate loss: -0.0130
             Mean action noise std: 0.8473
                       Mean reward: 3.51
               Mean episode length: 628.37
--------------------------------------------------------------------------------
                   Total timesteps: 14592000
                    Iteration time: 8.82 s
                        Total time: 668.51 s
                               ETA: 12:03:31
################################################################################

########################## Learning iteration 76/4999 ##########################
                       Computation: 21970 steps/s
                   Collection time: 8.086 s
                     Learning time: 0.653 s
               Value function loss: 0.0044
                    Surrogate loss: -0.0133
             Mean action noise std: 0.8460
                       Mean reward: 2.77
               Mean episode length: 576.41
--------------------------------------------------------------------------------
                   Total timesteps: 14784000
                    Iteration time: 8.74 s
                        Total time: 677.24 s
                               ETA: 11:57:02
################################################################################
[cuda-debug] tensors stage=clipped_actions step=3700 actions[min=-5.8707,max=4.8202,abs=5.8707] memory_mib[allocated=943.4,reserved=2982.0]
[cuda-debug] tensors stage=before_simulate step=3700 substep=0 actions[min=-5.8707,max=4.8202,abs=5.8707] torques[min=-123.49,max=130.08,abs=130.08] joint_pos_target[min=-2.6871,max=2.2436,abs=2.6871] forces[min=-70,max=70,abs=70] root_states[min=-5.18,max=72.348,abs=72.348] dof_pos[min=-6.2812,max=6.279,abs=6.2812] dof_vel[min=-51.928,max=67.417,abs=67.417] memory_mib[allocated=943.7,reserved=2982.0]
[cuda-debug] stage=dof_diagnostics step=3700 substep=0 hard_limit_violation=[env=3668,item=FBL_ABAD_JOINT,value=0.0018117;env=2576,item=FAR_ABAD_JOINT,value=0.0012133;env=2586,item=FBL_ABAD_JOINT,value=0.00080353;env=3751,item=RAR_ABAD_JOINT,value=0.00043541;env=2347,item=FBL_ABAD_JOINT,value=0.0003944] target_clamp=[env=3051,item=ROBOT_ARM_JOINT4,value=2.8387;env=2037,item=ROBOT_ARM_JOINT1,value=2.5203;env=2280,item=ROBOT_ARM_JOINT6,value=2.4886;env=273,item=ROBOT_ARM_JOINT3,value=2.435;env=2289,item=ROBOT_ARM_JOINT5,value=2.1748] velocity_excess=[env=3758,item=ROBOT_ARM_JOINT5,value=1.2636;env=775,item=ROBOT_ARM_JOINT4,value=0.096646;env=746,item=ROBOT_ARM_JOINT4,value=0.062684;env=3680,item=ROBOT_ARM_JOINT5,value=0.057672;env=2914,item=ROBOT_ARM_JOINT4,value=0.047299]
[cuda-debug] reached stage=before_simulate step=3700 substep=0
[cuda-debug] reached stage=after_fetch_results step=3700 substep=0
[cuda-debug] reached stage=after_refresh_tensors step=3700 substep=0
[cuda-debug] tensors stage=after_refresh_tensors step=3700 substep=0 root_states[min=-5.2745,max=72.348,abs=72.348] dof_pos[min=-6.2826,max=6.2815,abs=6.2826] dof_vel[min=-56.9,max=63.111,abs=63.111] rigid_body_state[min=-62.46,max=72.9,abs=72.9] contact_forces[min=-9084.7,max=11448,abs=11448] memory_mib[allocated=943.9,reserved=2982.0]
[cuda-debug] stage=contact_diagnostics step=3700 substep=0 top_contacts=[env=2930,item=RBL_FOOT_LINK,value=13371;env=2123,item=FBL_FOOT_LINK,value=11956;env=1568,item=RAR_FOOT_LINK,value=11867;env=2544,item=FAR_FOOT_LINK,value=11399;env=3114,item=RAR_FOOT_LINK,value=10947]
[cuda-debug] reached stage=before_post_physics_step step=3700
[cuda-debug] reached stage=after_post_physics_step step=3700
[cuda-debug] tensors stage=step_outputs step=3700 observations[min=-5.8707,max=4.8202,abs=5.8707] privileged_observations[min=-98.687,max=98.989,abs=98.989] rewards[min=0,max=0.034732,abs=0.034732] memory_mib[allocated=945.6,reserved=2982.0]

########################## Learning iteration 77/4999 ##########################
                       Computation: 22221 steps/s
                   Collection time: 7.997 s
                     Learning time: 0.643 s
               Value function loss: 0.0038
                    Surrogate loss: -0.0132
             Mean action noise std: 0.8443
                       Mean reward: 3.81
               Mean episode length: 697.56
--------------------------------------------------------------------------------
                   Total timesteps: 14976000
                    Iteration time: 8.64 s
                        Total time: 685.88 s
                               ETA: 11:48:47
################################################################################

########################## Learning iteration 78/4999 ##########################
                       Computation: 21302 steps/s
                   Collection time: 8.338 s
                     Learning time: 0.675 s
               Value function loss: 0.0054
                    Surrogate loss: -0.0143
             Mean action noise std: 0.8423
                       Mean reward: 4.43
               Mean episode length: 849.44
--------------------------------------------------------------------------------
                   Total timesteps: 15168000
                    Iteration time: 9.01 s
                        Total time: 694.90 s
                               ETA: 12:19:13
################################################################################
[cuda-debug] tensors stage=clipped_actions step=3800 actions[min=-5.7848,max=4.4495,abs=5.7848] memory_mib[allocated=943.5,reserved=2982.0]
[cuda-debug] tensors stage=before_simulate step=3800 substep=0 actions[min=-5.7848,max=4.4495,abs=5.7848] torques[min=-154.92,max=125.29,abs=154.92] joint_pos_target[min=-2.7171,max=1.9602,abs=2.7171] forces[min=-70,max=70,abs=70] root_states[min=-5.1059,max=72.42,abs=72.42] dof_pos[min=-6.2825,max=6.2827,abs=6.2827] dof_vel[min=-58.335,max=46.313,abs=58.335] memory_mib[allocated=943.8,reserved=2982.0]
[cuda-debug] stage=dof_diagnostics step=3800 substep=0 hard_limit_violation=[env=3686,item=FBL_ABAD_JOINT,value=0.0013148;env=3417,item=RBL_ABAD_JOINT,value=0.00036997;env=1719,item=FAR_ABAD_JOINT,value=0.00023532;env=1477,item=RAR_ABAD_JOINT,value=0.00016749;env=1050,item=FBL_ABAD_JOINT,value=0.00013912] target_clamp=[env=2142,item=ROBOT_ARM_JOINT4,value=2.477;env=1240,item=ROBOT_ARM_JOINT5,value=2.2851;env=2696,item=ROBOT_ARM_JOINT4,value=2.2698;env=2222,item=ROBOT_ARM_JOINT2,value=2.2664;env=2499,item=ROBOT_ARM_JOINT5,value=2.2614] velocity_excess=[env=1987,item=ROBOT_ARM_JOINT5,value=0.23411;env=596,item=ROBOT_ARM_JOINT3,value=0.098351;env=1980,item=ROBOT_ARM_JOINT4,value=0.082004;env=612,item=ROBOT_ARM_JOINT3,value=0.074236;env=2025,item=ROBOT_ARM_JOINT5,value=0.034636]
[cuda-debug] reached stage=before_simulate step=3800 substep=0
[cuda-debug] reached stage=after_fetch_results step=3800 substep=0
[cuda-debug] reached stage=after_refresh_tensors step=3800 substep=0
[cuda-debug] tensors stage=after_refresh_tensors step=3800 substep=0 root_states[min=-4.7715,max=72.419,abs=72.419] dof_pos[min=-6.2828,max=6.2832,abs=6.2832] dof_vel[min=-55.914,max=47.464,abs=55.914] rigid_body_state[min=-51.302,max=72.959,abs=72.959] contact_forces[min=-9123.8,max=17219,abs=17219] memory_mib[allocated=944.0,reserved=2982.0]
[cuda-debug] stage=contact_diagnostics step=3800 substep=0 top_contacts=[env=1079,item=FAR_HIP_LINK,value=17237;env=3304,item=FAR_FOOT_LINK,value=13907;env=2123,item=FBL_FOOT_LINK,value=12117;env=3849,item=FAR_FOOT_LINK,value=11759;env=1401,item=FBL_FOOT_LINK,value=11660]
[cuda-debug] reached stage=before_post_physics_step step=3800
[cuda-debug] reached stage=after_post_physics_step step=3800
[cuda-debug] tensors stage=step_outputs step=3800 observations[min=-5.7848,max=4.4495,abs=5.7848] privileged_observations[min=-98.736,max=98.378,abs=98.736] rewards[min=0,max=0.03355,abs=0.03355] memory_mib[allocated=945.7,reserved=2982.0]

########################## Learning iteration 79/4999 ##########################
                       Computation: 20195 steps/s
                   Collection time: 8.834 s
                     Learning time: 0.673 s
               Value function loss: 0.0040
                    Surrogate loss: -0.0133
             Mean action noise std: 0.8407
                       Mean reward: 3.96
               Mean episode length: 743.95
--------------------------------------------------------------------------------
                   Total timesteps: 15360000
                    Iteration time: 9.51 s
                        Total time: 704.40 s
                               ETA: 12:59:34
################################################################################

########################## Learning iteration 80/4999 ##########################
                       Computation: 20073 steps/s
                   Collection time: 8.899 s
                     Learning time: 0.665 s
               Value function loss: 0.0040
                    Surrogate loss: -0.0120
             Mean action noise std: 0.8398
                       Mean reward: 4.00
               Mean episode length: 690.28
--------------------------------------------------------------------------------
                   Total timesteps: 15552000
                    Iteration time: 9.56 s
                        Total time: 713.97 s
                               ETA: 13:04:08
################################################################################
[cuda-debug] tensors stage=clipped_actions step=3900 actions[min=-4.731,max=5.6531,abs=5.6531] memory_mib[allocated=943.6,reserved=2982.0]
[cuda-debug] tensors stage=before_simulate step=3900 substep=0 actions[min=-4.731,max=5.6531,abs=5.6531] torques[min=-130.91,max=141.58,abs=141.58] joint_pos_target[min=-2.638,max=2.0697,abs=2.638] forces[min=-70,max=70,abs=70] root_states[min=-5.8258,max=72.35,abs=72.35] dof_pos[min=-6.282,max=6.2828,abs=6.2828] dof_vel[min=-64.956,max=58.872,abs=64.956] memory_mib[allocated=943.9,reserved=2982.0]
[cuda-debug] stage=dof_diagnostics step=3900 substep=0 hard_limit_violation=[env=34,item=FAR_ABAD_JOINT,value=0.001126;env=34,item=RAR_ABAD_JOINT,value=0.0011089;env=2524,item=FBL_ABAD_JOINT,value=0.00065351;env=2524,item=RAR_ABAD_JOINT,value=0.00042951;env=1246,item=RBL_ABAD_JOINT,value=0.00037044] target_clamp=[env=2044,item=ROBOT_ARM_JOINT3,value=2.5399;env=3833,item=ROBOT_ARM_JOINT5,value=2.4551;env=1227,item=ROBOT_ARM_JOINT5,value=2.3904;env=3756,item=ROBOT_ARM_JOINT2,value=2.1968;env=538,item=ROBOT_ARM_JOINT6,value=2.1905] velocity_excess=[env=3656,item=ROBOT_ARM_JOINT4,value=0.069288;env=1107,item=ROBOT_ARM_JOINT5,value=0.064855;env=778,item=ROBOT_ARM_JOINT5,value=0.044483;env=739,item=ROBOT_ARM_JOINT5,value=0.038908;env=124,item=ROBOT_ARM_JOINT5,value=0.029099]
[cuda-debug] reached stage=before_simulate step=3900 substep=0
[cuda-debug] reached stage=after_fetch_results step=3900 substep=0
[cuda-debug] reached stage=after_refresh_tensors step=3900 substep=0
[cuda-debug] tensors stage=after_refresh_tensors step=3900 substep=0 root_states[min=-5.7901,max=72.35,abs=72.35] dof_pos[min=-6.2819,max=6.2827,abs=6.2827] dof_vel[min=-66.149,max=56.606,abs=66.149] rigid_body_state[min=-62.361,max=72.856,abs=72.856] contact_forces[min=-7740.6,max=24110,abs=24110] memory_mib[allocated=944.1,reserved=2982.0]
[cuda-debug] stage=contact_diagnostics step=3900 substep=0 top_contacts=[env=3954,item=RAR_HIP_LINK,value=25154;env=1493,item=FBL_FOOT_LINK,value=13158;env=1401,item=FBL_FOOT_LINK,value=12597;env=206,item=RAR_FOOT_LINK,value=12118;env=339,item=RAR_FOOT_LINK,value=9481.7]
[cuda-debug] reached stage=before_post_physics_step step=3900
[cuda-debug] reached stage=after_post_physics_step step=3900
[cuda-debug] tensors stage=step_outputs step=3900 observations[min=-4.731,max=5.6531,abs=5.6531] privileged_observations[min=-96.144,max=95.467,abs=96.144] rewards[min=0,max=0.034772,abs=0.034772] memory_mib[allocated=945.8,reserved=2982.0]

########################## Learning iteration 81/4999 ##########################
                       Computation: 18959 steps/s
                   Collection time: 9.476 s
                     Learning time: 0.651 s
               Value function loss: 0.0041
                    Surrogate loss: -0.0126
             Mean action noise std: 0.8386
                       Mean reward: 5.10
               Mean episode length: 795.96
--------------------------------------------------------------------------------
                   Total timesteps: 15744000
                    Iteration time: 10.13 s
                        Total time: 724.10 s
                               ETA: 13:50:04
################################################################################

########################## Learning iteration 82/4999 ##########################
                       Computation: 21231 steps/s
                   Collection time: 8.382 s
                     Learning time: 0.662 s
               Value function loss: 0.0043
                    Surrogate loss: -0.0142
             Mean action noise std: 0.8370
                       Mean reward: 6.86
               Mean episode length: 956.29
--------------------------------------------------------------------------------
                   Total timesteps: 15936000
                    Iteration time: 9.04 s
                        Total time: 733.14 s
                               ETA: 12:21:05
################################################################################
[cuda-debug] tensors stage=clipped_actions step=4000 actions[min=-5.5234,max=4.9872,abs=5.5234] memory_mib[allocated=943.6,reserved=2982.0]
[cuda-debug] tensors stage=before_simulate step=4000 substep=0 actions[min=-5.5234,max=4.9872,abs=5.5234] torques[min=-133.36,max=125.39,abs=133.36] joint_pos_target[min=-2.722,max=2.4548,abs=2.722] forces[min=-70,max=70,abs=70] root_states[min=-5.4595,max=71.1,abs=71.1] dof_pos[min=-6.2829,max=6.2827,abs=6.2829] dof_vel[min=-56.897,max=52.647,abs=56.897] memory_mib[allocated=944.0,reserved=2982.0]
[cuda-debug] stage=dof_diagnostics step=4000 substep=0 hard_limit_violation=[env=2524,item=FBL_ABAD_JOINT,value=0.00064844;env=1874,item=FAR_ABAD_JOINT,value=0.00054228;env=1193,item=RAR_ABAD_JOINT,value=0.00025392;env=1261,item=RAR_ABAD_JOINT,value=0.00023878;env=3471,item=RAR_ABAD_JOINT,value=0.00022995] target_clamp=[env=3922,item=ROBOT_ARM_JOINT5,value=2.482;env=1319,item=ROBOT_ARM_JOINT4,value=2.4727;env=3323,item=ROBOT_ARM_JOINT6,value=2.4496;env=385,item=ROBOT_ARM_JOINT2,value=2.3764;env=2298,item=ROBOT_ARM_JOINT1,value=2.3751] velocity_excess=[env=2378,item=ROBOT_ARM_JOINT5,value=0.11405;env=3455,item=ROBOT_ARM_JOINT5,value=0.093627;env=358,item=ROBOT_ARM_JOINT3,value=0.070458;env=1708,item=ROBOT_ARM_JOINT5,value=0.067331;env=3209,item=ROBOT_ARM_JOINT4,value=0.057655]
[cuda-debug] reached stage=before_simulate step=4000 substep=0
[cuda-debug] reached stage=after_fetch_results step=4000 substep=0
[cuda-debug] reached stage=after_refresh_tensors step=4000 substep=0
[cuda-debug] tensors stage=after_refresh_tensors step=4000 substep=0 root_states[min=-5.1991,max=71.101,abs=71.101] dof_pos[min=-6.2825,max=6.2829,abs=6.2829] dof_vel[min=-56.827,max=53.194,abs=56.827] rigid_body_state[min=-52.014,max=71.587,abs=71.587] contact_forces[min=-11443,max=12662,abs=12662] memory_mib[allocated=944.2,reserved=2982.0]
[cuda-debug] stage=contact_diagnostics step=4000 substep=0 top_contacts=[env=908,item=RBL_FOOT_LINK,value=12685;env=1261,item=FAR_FOOT_LINK,value=12471;env=1493,item=FBL_FOOT_LINK,value=12357;env=2123,item=FBL_FOOT_LINK,value=12144;env=47,item=RBL_FOOT_LINK,value=11444]
[cuda-debug] reached stage=before_post_physics_step step=4000
[cuda-debug] reached stage=after_post_physics_step step=4000
[cuda-debug] tensors stage=step_outputs step=4000 observations[min=-5.5234,max=4.9872,abs=5.5234] privileged_observations[min=-98.297,max=98.606,abs=98.606] rewards[min=0,max=0.035339,abs=0.035339] memory_mib[allocated=945.9,reserved=2982.0]

########################## Learning iteration 83/4999 ##########################
                       Computation: 21297 steps/s
                   Collection time: 8.345 s
                     Learning time: 0.670 s
               Value function loss: 0.0041
                    Surrogate loss: -0.0130
             Mean action noise std: 0.8364
                       Mean reward: 5.54
               Mean episode length: 845.21
--------------------------------------------------------------------------------
                   Total timesteps: 16128000
                    Iteration time: 9.02 s
                        Total time: 742.15 s
                               ETA: 12:18:37
################################################################################

########################## Learning iteration 84/4999 ##########################
                       Computation: 22310 steps/s
                   Collection time: 7.964 s
                     Learning time: 0.642 s
               Value function loss: 0.0090
                    Surrogate loss: -0.0115
             Mean action noise std: 0.8348
                       Mean reward: 5.58
               Mean episode length: 839.38
--------------------------------------------------------------------------------
                   Total timesteps: 16320000
                    Iteration time: 8.61 s
                        Total time: 750.76 s
                               ETA: 11:44:58
################################################################################
[cuda-debug] tensors stage=clipped_actions step=4100 actions[min=-4.891,max=4.8969,abs=4.8969] memory_mib[allocated=943.8,reserved=2982.0]
[cuda-debug] tensors stage=before_simulate step=4100 substep=0 actions[min=-4.891,max=4.8969,abs=4.8969] torques[min=-149.73,max=123.8,abs=149.73] joint_pos_target[min=-2.7647,max=2.2079,abs=2.7647] forces[min=-70,max=70,abs=70] root_states[min=-5.6299,max=71.054,abs=71.054] dof_pos[min=-6.2824,max=6.2823,abs=6.2824] dof_vel[min=-57.109,max=61.485,abs=61.485] memory_mib[allocated=944.1,reserved=2982.0]
[cuda-debug] stage=dof_diagnostics step=4100 substep=0 hard_limit_violation=[env=1219,item=RAR_ABAD_JOINT,value=0.0016111;env=2741,item=FAR_ABAD_JOINT,value=0.00089955;env=2524,item=FBL_ABAD_JOINT,value=0.00073898;env=3448,item=RBL_ABAD_JOINT,value=0.00027376;env=2524,item=RAR_ABAD_JOINT,value=0.00024498] target_clamp=[env=2260,item=ROBOT_ARM_JOINT5,value=2.6846;env=2976,item=ROBOT_ARM_JOINT6,value=2.6746;env=1466,item=ROBOT_ARM_JOINT4,value=2.4083;env=3682,item=ROBOT_ARM_JOINT5,value=2.3663;env=1653,item=ROBOT_ARM_JOINT5,value=2.2932] velocity_excess=[env=2288,item=ROBOT_ARM_JOINT5,value=0.12111;env=1141,item=ROBOT_ARM_JOINT3,value=0.075358;env=1188,item=ROBOT_ARM_JOINT1,value=0.057592;env=839,item=ROBOT_ARM_JOINT4,value=0.049015;env=1078,item=ROBOT_ARM_JOINT4,value=0.047767]
[cuda-debug] reached stage=before_simulate step=4100 substep=0
[cuda-debug] reached stage=after_fetch_results step=4100 substep=0
[cuda-debug] reached stage=after_refresh_tensors step=4100 substep=0
[cuda-debug] tensors stage=after_refresh_tensors step=4100 substep=0 root_states[min=-5.2384,max=71.055,abs=71.055] dof_pos[min=-6.2831,max=6.2813,abs=6.2831] dof_vel[min=-58.217,max=55.065,abs=58.217] rigid_body_state[min=-45.946,max=71.611,abs=71.611] contact_forces[min=-10281,max=13571,abs=13571] memory_mib[allocated=944.3,reserved=2982.0]
[cuda-debug] stage=contact_diagnostics step=4100 substep=0 top_contacts=[env=802,item=FAR_FOOT_LINK,value=13573;env=1568,item=RAR_FOOT_LINK,value=13473;env=1659,item=FBL_FOOT_LINK,value=12829;env=206,item=RAR_FOOT_LINK,value=12188;env=3776,item=RBL_FOOT_LINK,value=11536]
[cuda-debug] reached stage=before_post_physics_step step=4100
[cuda-debug] reached stage=after_post_physics_step step=4100
[cuda-debug] tensors stage=step_outputs step=4100 observations[min=-4.891,max=4.8969,abs=4.8969] privileged_observations[min=-98.771,max=98.433,abs=98.771] rewards[min=0,max=0.036501,abs=0.036501] memory_mib[allocated=946.0,reserved=2982.0]

########################## Learning iteration 85/4999 ##########################
                       Computation: 20637 steps/s
                   Collection time: 8.625 s
                     Learning time: 0.679 s
               Value function loss: 0.0045
                    Surrogate loss: -0.0129
             Mean action noise std: 0.8332
                       Mean reward: 6.02
               Mean episode length: 927.79
--------------------------------------------------------------------------------
                   Total timesteps: 16512000
                    Iteration time: 9.30 s
                        Total time: 760.06 s
                               ETA: 12:41:58
################################################################################

########################## Learning iteration 86/4999 ##########################
                       Computation: 19693 steps/s
                   Collection time: 9.087 s
                     Learning time: 0.662 s
               Value function loss: 0.0043
                    Surrogate loss: -0.0147
             Mean action noise std: 0.8317
                       Mean reward: 6.42
               Mean episode length: 927.35
--------------------------------------------------------------------------------
                   Total timesteps: 16704000
                    Iteration time: 9.75 s
                        Total time: 769.81 s
                               ETA: 13:18:18
################################################################################
[cuda-debug] tensors stage=clipped_actions step=4200 actions[min=-5.3254,max=4.4432,abs=5.3254] memory_mib[allocated=943.9,reserved=2982.0]
[cuda-debug] tensors stage=before_simulate step=4200 substep=0 actions[min=-5.3254,max=4.4432,abs=5.3254] torques[min=-126.92,max=128.43,abs=128.43] joint_pos_target[min=-2.7143,max=1.9722,abs=2.7143] forces[min=-70,max=70,abs=70] root_states[min=-6.0667,max=71.057,abs=71.057] dof_pos[min=-6.2827,max=6.2822,abs=6.2827] dof_vel[min=-56.735,max=46.829,abs=56.735] memory_mib[allocated=944.2,reserved=2982.0]
[cuda-debug] stage=dof_diagnostics step=4200 substep=0 hard_limit_violation=[env=2524,item=FBL_ABAD_JOINT,value=0.00070739;env=2156,item=FBL_ABAD_JOINT,value=0.00056452;env=587,item=FBL_ABAD_JOINT,value=0.00051552;env=3369,item=FBL_ABAD_JOINT,value=0.00031173;env=2524,item=RAR_ABAD_JOINT,value=0.0002352] target_clamp=[env=2680,item=ROBOT_ARM_JOINT5,value=2.4583;env=3968,item=ROBOT_ARM_JOINT2,value=2.3159;env=1954,item=ROBOT_ARM_JOINT6,value=2.3096;env=2748,item=ROBOT_ARM_JOINT4,value=2.2706;env=3639,item=ROBOT_ARM_JOINT5,value=2.2527] velocity_excess=[env=1201,item=ROBOT_ARM_JOINT5,value=0.050115;env=857,item=ROBOT_ARM_JOINT5,value=0.046229;env=2295,item=ROBOT_ARM_JOINT4,value=0.031214;env=394,item=ROBOT_ARM_JOINT4,value=0.02803;env=1975,item=ROBOT_ARM_JOINT5,value=0.027363]
[cuda-debug] reached stage=before_simulate step=4200 substep=0
[cuda-debug] reached stage=after_fetch_results step=4200 substep=0
[cuda-debug] reached stage=after_refresh_tensors step=4200 substep=0
[cuda-debug] tensors stage=after_refresh_tensors step=4200 substep=0 root_states[min=-5.6731,max=71.057,abs=71.057] dof_pos[min=-6.2824,max=6.2805,abs=6.2824] dof_vel[min=-56.87,max=50.82,abs=56.87] rigid_body_state[min=-44.644,max=71.616,abs=71.616] contact_forces[min=-10432,max=10166,abs=10432] memory_mib[allocated=944.5,reserved=2982.0]
[cuda-debug] stage=contact_diagnostics step=4200 substep=0 top_contacts=[env=2524,item=FAR_FOOT_LINK,value=13273;env=1568,item=RAR_FOOT_LINK,value=11634;env=3278,item=RAR_FOOT_LINK,value=10472;env=2307,item=FBL_FOOT_LINK,value=9845;env=2045,item=RBL_FOOT_LINK,value=9773.4]
[cuda-debug] reached stage=before_post_physics_step step=4200
[cuda-debug] reached stage=after_post_physics_step step=4200
[cuda-debug] tensors stage=step_outputs step=4200 observations[min=-5.3254,max=4.4432,abs=5.3254] privileged_observations[min=-93.254,max=98.872,abs=98.872] rewards[min=0,max=0.03525,abs=0.03525] memory_mib[allocated=946.1,reserved=2982.0]

########################## Learning iteration 87/4999 ##########################
                       Computation: 21181 steps/s
                   Collection time: 8.413 s
                     Learning time: 0.651 s
               Value function loss: 0.0042
                    Surrogate loss: -0.0129
             Mean action noise std: 0.8310
                       Mean reward: 6.45
               Mean episode length: 929.98
--------------------------------------------------------------------------------
                   Total timesteps: 16896000
                    Iteration time: 9.06 s
                        Total time: 778.88 s
                               ETA: 12:22:05
################################################################################

########################## Learning iteration 88/4999 ##########################
                       Computation: 21523 steps/s
                   Collection time: 8.247 s
                     Learning time: 0.674 s
               Value function loss: 0.0043
                    Surrogate loss: -0.0095
             Mean action noise std: 0.8298
                       Mean reward: 6.57
               Mean episode length: 972.43
--------------------------------------------------------------------------------
                   Total timesteps: 17088000
                    Iteration time: 8.92 s
                        Total time: 787.80 s
                               ETA: 12:10:08
################################################################################
[cuda-debug] tensors stage=clipped_actions step=4300 actions[min=-5.4979,max=4.9162,abs=5.4979] memory_mib[allocated=944.0,reserved=2982.0]
[cuda-debug] tensors stage=before_simulate step=4300 substep=0 actions[min=-5.4979,max=4.9162,abs=5.4979] torques[min=-124.75,max=117.24,abs=124.75] joint_pos_target[min=-2.7267,max=2.0341,abs=2.7267] forces[min=-70,max=70,abs=70] root_states[min=-5.5348,max=71.021,abs=71.021] dof_pos[min=-6.2829,max=6.2828,abs=6.2829] dof_vel[min=-49.437,max=61.496,abs=61.496] memory_mib[allocated=944.3,reserved=2982.0]
[cuda-debug] stage=dof_diagnostics step=4300 substep=0 hard_limit_violation=[env=1025,item=FAR_ABAD_JOINT,value=0.00078982;env=2524,item=FBL_ABAD_JOINT,value=0.00068343;env=1395,item=FBL_ABAD_JOINT,value=0.00043273;env=209,item=RAR_ABAD_JOINT,value=0.00026608;env=2524,item=RAR_ABAD_JOINT,value=0.0002327] target_clamp=[env=2059,item=ROBOT_ARM_JOINT4,value=2.8525;env=2022,item=ROBOT_ARM_JOINT4,value=2.3665;env=895,item=ROBOT_ARM_JOINT5,value=2.3557;env=2862,item=ROBOT_ARM_JOINT6,value=2.3398;env=3413,item=ROBOT_ARM_JOINT3,value=2.307] velocity_excess=[env=1025,item=ROBOT_ARM_JOINT5,value=1.0388;env=3288,item=ROBOT_ARM_JOINT4,value=0.20763;env=1796,item=ROBOT_ARM_JOINT5,value=0.062087;env=3842,item=ROBOT_ARM_JOINT4,value=0.032824;env=3856,item=ROBOT_ARM_JOINT4,value=0.028675]
[cuda-debug] reached stage=before_simulate step=4300 substep=0
[cuda-debug] reached stage=after_fetch_results step=4300 substep=0
[cuda-debug] reached stage=after_refresh_tensors step=4300 substep=0
[cuda-debug] tensors stage=after_refresh_tensors step=4300 substep=0 root_states[min=-5.8138,max=71.021,abs=71.021] dof_pos[min=-6.2823,max=6.2812,abs=6.2823] dof_vel[min=-103.33,max=66.448,abs=103.33] rigid_body_state[min=-62.118,max=99.615,abs=99.615] contact_forces[min=-11938,max=10768,abs=11938] memory_mib[allocated=944.5,reserved=2982.0]
[cuda-debug] stage=contact_diagnostics step=4300 substep=0 top_contacts=[env=3966,item=FAR_FOOT_LINK,value=13818;env=40,item=RBL_FOOT_LINK,value=12999;env=1568,item=RAR_FOOT_LINK,value=11485;env=803,item=FBL_FOOT_LINK,value=11085;env=806,item=RBL_FOOT_LINK,value=9518.9]
[cuda-debug] reached stage=before_post_physics_step step=4300
[cuda-debug] reached stage=after_post_physics_step step=4300
[cuda-debug] tensors stage=step_outputs step=4300 observations[min=-5.4979,max=4.9162,abs=5.4979] privileged_observations[min=-98.979,max=93.657,abs=98.979] rewards[min=0,max=0.035635,abs=0.035635] memory_mib[allocated=946.2,reserved=2982.0]

########################## Learning iteration 89/4999 ##########################
                       Computation: 22025 steps/s
                   Collection time: 8.057 s
                     Learning time: 0.660 s
               Value function loss: 0.0044
                    Surrogate loss: -0.0133
             Mean action noise std: 0.8285
                       Mean reward: 6.89
               Mean episode length: 1091.98
--------------------------------------------------------------------------------
                   Total timesteps: 17280000
                    Iteration time: 8.72 s
                        Total time: 796.52 s
                               ETA: 11:53:21
################################################################################

########################## Learning iteration 90/4999 ##########################
                       Computation: 22584 steps/s
                   Collection time: 7.822 s
                     Learning time: 0.679 s
               Value function loss: 0.0041
                    Surrogate loss: -0.0128
             Mean action noise std: 0.8273
                       Mean reward: 9.82
               Mean episode length: 1211.34
--------------------------------------------------------------------------------
                   Total timesteps: 17472000
                    Iteration time: 8.50 s
                        Total time: 805.02 s
                               ETA: 11:35:33
################################################################################
[cuda-debug] tensors stage=clipped_actions step=4400 actions[min=-5.2546,max=5.1024,abs=5.2546] memory_mib[allocated=944.0,reserved=2982.0]
[cuda-debug] tensors stage=before_simulate step=4400 substep=0 actions[min=-5.2546,max=5.1024,abs=5.2546] torques[min=-150.89,max=116.26,abs=150.89] joint_pos_target[min=-2.7315,max=2.1084,abs=2.7315] forces[min=-70,max=70,abs=70] root_states[min=-5.1886,max=71.053,abs=71.053] dof_pos[min=-6.2817,max=6.2831,abs=6.2831] dof_vel[min=-60.745,max=68.031,abs=68.031] memory_mib[allocated=944.4,reserved=2982.0]
[cuda-debug] stage=dof_diagnostics step=4400 substep=0 hard_limit_violation=[env=2524,item=FBL_ABAD_JOINT,value=0.00074834;env=2328,item=RAR_ABAD_JOINT,value=0.0003494;env=2524,item=RAR_ABAD_JOINT,value=0.0002889;env=3288,item=ROBOT_ARM_JOINT2,value=0.00012634;env=2328,item=FAR_ABAD_JOINT,value=7.0572e-05] target_clamp=[env=1841,item=ROBOT_ARM_JOINT2,value=2.6435;env=524,item=ROBOT_ARM_JOINT4,value=2.4533;env=774,item=ROBOT_ARM_JOINT5,value=2.3959;env=853,item=ROBOT_ARM_JOINT5,value=2.3634;env=3310,item=ROBOT_ARM_JOINT2,value=2.3415] velocity_excess=[env=2398,item=ROBOT_ARM_JOINT5,value=0.1126;env=2967,item=ROBOT_ARM_JOINT5,value=0.052865;env=3590,item=ROBOT_ARM_JOINT5,value=0.038311;env=3929,item=ROBOT_ARM_JOINT1,value=0.033649;env=2607,item=ROBOT_ARM_JOINT4,value=0.031197]
[cuda-debug] reached stage=before_simulate step=4400 substep=0
[cuda-debug] reached stage=after_fetch_results step=4400 substep=0
[cuda-debug] reached stage=after_refresh_tensors step=4400 substep=0
[cuda-debug] tensors stage=after_refresh_tensors step=4400 substep=0 root_states[min=-4.9528,max=71.053,abs=71.053] dof_pos[min=-6.2821,max=6.2815,abs=6.2821] dof_vel[min=-54.875,max=64.588,abs=64.588] rigid_body_state[min=-64.216,max=71.554,abs=71.554] contact_forces[min=-11424,max=11815,abs=11815] memory_mib[allocated=944.6,reserved=2982.0]
[cuda-debug] stage=contact_diagnostics step=4400 substep=0 top_contacts=[env=1568,item=RAR_FOOT_LINK,value=13387;env=1020,item=FAR_FOOT_LINK,value=11513;env=1871,item=RBL_FOOT_LINK,value=11473;env=3194,item=FAR_FOOT_LINK,value=10270;env=3898,item=RAR_FOOT_LINK,value=9964.9]
[cuda-debug] reached stage=before_post_physics_step step=4400
[cuda-debug] reached stage=after_post_physics_step step=4400
[cuda-debug] tensors stage=step_outputs step=4400 observations[min=-5.2546,max=5.1024,abs=5.2546] privileged_observations[min=-97.976,max=92.428,abs=97.976] rewards[min=0,max=0.036099,abs=0.036099] memory_mib[allocated=946.3,reserved=2982.0]

########################## Learning iteration 91/4999 ##########################
                       Computation: 22293 steps/s
                   Collection time: 7.951 s
                     Learning time: 0.662 s
               Value function loss: 0.0041
                    Surrogate loss: -0.0133
             Mean action noise std: 0.8262
                       Mean reward: 7.91
               Mean episode length: 1081.06
--------------------------------------------------------------------------------
                   Total timesteps: 17664000
                    Iteration time: 8.61 s
                        Total time: 813.63 s
                               ETA: 11:44:29
################################################################################

########################## Learning iteration 92/4999 ##########################
                       Computation: 22362 steps/s
                   Collection time: 7.912 s
                     Learning time: 0.674 s
               Value function loss: 0.0042
                    Surrogate loss: -0.0126
             Mean action noise std: 0.8256
                       Mean reward: 8.86
               Mean episode length: 1190.42
--------------------------------------------------------------------------------
                   Total timesteps: 17856000
                    Iteration time: 8.59 s
                        Total time: 822.22 s
                               ETA: 11:42:10
################################################################################
[cuda-debug] tensors stage=clipped_actions step=4500 actions[min=-5.6093,max=5.1506,abs=5.6093] memory_mib[allocated=944.2,reserved=2982.0]
[cuda-debug] tensors stage=before_simulate step=4500 substep=0 actions[min=-5.6093,max=5.1506,abs=5.6093] torques[min=-127.84,max=136.43,abs=136.43] joint_pos_target[min=-2.9221,max=2.1269,abs=2.9221] forces[min=-70,max=70,abs=70] root_states[min=-5.4553,max=71.212,abs=71.212] dof_pos[min=-6.283,max=6.2827,abs=6.283] dof_vel[min=-66.178,max=42.627,abs=66.178] memory_mib[allocated=944.5,reserved=2982.0]
[cuda-debug] stage=dof_diagnostics step=4500 substep=0 hard_limit_violation=[env=830,item=RAR_ABAD_JOINT,value=0.0007748;env=2524,item=FBL_ABAD_JOINT,value=0.00068051;env=2524,item=RAR_ABAD_JOINT,value=0.00041872;env=3370,item=RAR_ABAD_JOINT,value=0.00025368;env=1462,item=RAR_ABAD_JOINT,value=0.00019479] target_clamp=[env=55,item=ROBOT_ARM_JOINT5,value=2.3833;env=1488,item=ROBOT_ARM_JOINT3,value=2.3192;env=2152,item=ROBOT_ARM_JOINT3,value=2.3166;env=2032,item=ROBOT_ARM_JOINT1,value=2.3159;env=3265,item=ROBOT_ARM_JOINT1,value=2.2288] velocity_excess=[env=592,item=ROBOT_ARM_JOINT3,value=0.078092;env=830,item=ROBOT_ARM_JOINT6,value=0.073949;env=706,item=ROBOT_ARM_JOINT4,value=0.058659;env=378,item=ROBOT_ARM_JOINT3,value=0.051464;env=546,item=ROBOT_ARM_JOINT5,value=0.040771]
[cuda-debug] reached stage=before_simulate step=4500 substep=0
[cuda-debug] reached stage=after_fetch_results step=4500 substep=0
[cuda-debug] reached stage=after_refresh_tensors step=4500 substep=0
[cuda-debug] tensors stage=after_refresh_tensors step=4500 substep=0 root_states[min=-5.6557,max=71.212,abs=71.212] dof_pos[min=-6.2824,max=6.2816,abs=6.2824] dof_vel[min=-61.483,max=44.89,abs=61.483] rigid_body_state[min=-43.459,max=71.707,abs=71.707] contact_forces[min=-13562,max=13895,abs=13895] memory_mib[allocated=944.7,reserved=2982.0]
[cuda-debug] stage=contact_diagnostics step=4500 substep=0 top_contacts=[env=1691,item=RBL_FOOT_LINK,value=16469;env=40,item=RBL_FOOT_LINK,value=14748;env=1020,item=FAR_FOOT_LINK,value=11502;env=2589,item=FAR_FOOT_LINK,value=9754.4;env=2524,item=FAR_FOOT_LINK,value=9710]
[cuda-debug] reached stage=before_post_physics_step step=4500
[cuda-debug] reached stage=after_post_physics_step step=4500
[cuda-debug] tensors stage=step_outputs step=4500 observations[min=-5.6093,max=5.1506,abs=5.6093] privileged_observations[min=-91.798,max=94.587,abs=94.587] rewards[min=0,max=0.035049,abs=0.035049] memory_mib[allocated=946.4,reserved=2982.0]

########################## Learning iteration 93/4999 ##########################
                       Computation: 21140 steps/s
                   Collection time: 8.402 s
                     Learning time: 0.680 s
               Value function loss: 0.0045
                    Surrogate loss: -0.0119
             Mean action noise std: 0.8248
                       Mean reward: 8.70
               Mean episode length: 1150.09
--------------------------------------------------------------------------------
                   Total timesteps: 18048000
                    Iteration time: 9.08 s
                        Total time: 831.30 s
                               ETA: 12:22:36
################################################################################

########################## Learning iteration 94/4999 ##########################
                       Computation: 23015 steps/s
                   Collection time: 7.687 s
                     Learning time: 0.655 s
               Value function loss: 0.0045
                    Surrogate loss: -0.0138
             Mean action noise std: 0.8238
                       Mean reward: 9.85
               Mean episode length: 1301.68
--------------------------------------------------------------------------------
                   Total timesteps: 18240000
                    Iteration time: 8.34 s
                        Total time: 839.64 s
                               ETA: 11:21:57
################################################################################
[cuda-debug] tensors stage=clipped_actions step=4600 actions[min=-5.9157,max=4.7479,abs=5.9157] memory_mib[allocated=944.3,reserved=2982.0]
[cuda-debug] tensors stage=before_simulate step=4600 substep=0 actions[min=-5.9157,max=4.7479,abs=5.9157] torques[min=-126.46,max=134.44,abs=134.44] joint_pos_target[min=-2.8152,max=2.0131,abs=2.8152] forces[min=-70,max=70,abs=70] root_states[min=-5.0497,max=69.893,abs=69.893] dof_pos[min=-6.2832,max=6.2811,abs=6.2832] dof_vel[min=-55.982,max=50.065,abs=55.982] memory_mib[allocated=944.6,reserved=2982.0]
[cuda-debug] stage=dof_diagnostics step=4600 substep=0 hard_limit_violation=[env=1755,item=FBL_ABAD_JOINT,value=0.00074816;env=2524,item=FBL_ABAD_JOINT,value=0.00071084;env=2524,item=RAR_ABAD_JOINT,value=0.0005219;env=1839,item=FAR_ABAD_JOINT,value=0.00026792;env=2374,item=ROBOT_ARM_JOINT3,value=0.0002389] target_clamp=[env=222,item=ROBOT_ARM_JOINT5,value=2.2631;env=3406,item=ROBOT_ARM_JOINT3,value=2.2614;env=377,item=ROBOT_ARM_JOINT2,value=2.2594;env=1339,item=ROBOT_ARM_JOINT5,value=2.1985;env=1441,item=ROBOT_ARM_JOINT1,value=2.1933] velocity_excess=[env=3220,item=ROBOT_ARM_JOINT6,value=2.6496;env=2715,item=ROBOT_ARM_JOINT4,value=0.12145;env=1153,item=ROBOT_ARM_JOINT5,value=0.052718;env=3537,item=ROBOT_ARM_JOINT1,value=0.032519;env=3992,item=ROBOT_ARM_JOINT4,value=0.029179]
[cuda-debug] reached stage=before_simulate step=4600 substep=0
[cuda-debug] reached stage=after_fetch_results step=4600 substep=0
[cuda-debug] reached stage=after_refresh_tensors step=4600 substep=0
[cuda-debug] tensors stage=after_refresh_tensors step=4600 substep=0 root_states[min=-4.8363,max=69.894,abs=69.894] dof_pos[min=-6.2814,max=6.283,abs=6.283] dof_vel[min=-51.989,max=47.325,abs=51.989] rigid_body_state[min=-37.12,max=70.296,abs=70.296] contact_forces[min=-13537,max=12873,abs=13537] memory_mib[allocated=944.9,reserved=2982.0]
[cuda-debug] stage=contact_diagnostics step=4600 substep=0 top_contacts=[env=40,item=RBL_FOOT_LINK,value=14819;env=1020,item=FAR_FOOT_LINK,value=13233;env=1682,item=RBL_FOOT_LINK,value=13110;env=1331,item=RBL_FOOT_LINK,value=12503;env=1568,item=RAR_FOOT_LINK,value=11761]
[cuda-debug] reached stage=before_post_physics_step step=4600
[cuda-debug] reached stage=after_post_physics_step step=4600
[cuda-debug] tensors stage=step_outputs step=4600 observations[min=-5.9157,max=4.7479,abs=5.9157] privileged_observations[min=-97.852,max=98.981,abs=98.981] rewards[min=0,max=0.035521,abs=0.035521] memory_mib[allocated=946.5,reserved=2982.0]

########################## Learning iteration 95/4999 ##########################
                       Computation: 23446 steps/s
                   Collection time: 7.528 s
                     Learning time: 0.661 s
               Value function loss: 0.0043
                    Surrogate loss: -0.0131
             Mean action noise std: 0.8227
                       Mean reward: 9.82
               Mean episode length: 1336.84
--------------------------------------------------------------------------------
                   Total timesteps: 18432000
                    Iteration time: 8.19 s
                        Total time: 847.83 s
                               ETA: 11:09:18
################################################################################

########################## Learning iteration 96/4999 ##########################
                       Computation: 23774 steps/s
                   Collection time: 7.425 s
                     Learning time: 0.651 s
               Value function loss: 0.0040
                    Surrogate loss: -0.0117
             Mean action noise std: 0.8217
                       Mean reward: 10.64
               Mean episode length: 1313.66
--------------------------------------------------------------------------------
                   Total timesteps: 18624000
                    Iteration time: 8.08 s
                        Total time: 855.90 s
                               ETA: 10:59:56
################################################################################
[cuda-debug] tensors stage=clipped_actions step=4700 actions[min=-4.9324,max=5.3481,abs=5.3481] memory_mib[allocated=944.4,reserved=2982.0]
[cuda-debug] tensors stage=before_simulate step=4700 substep=0 actions[min=-4.9324,max=5.3481,abs=5.3481] torques[min=-147.83,max=115.73,abs=147.83] joint_pos_target[min=-2.9271,max=2.0861,abs=2.9271] forces[min=-70,max=70,abs=70] root_states[min=-4.5476,max=70.077,abs=70.077] dof_pos[min=-6.2829,max=6.2824,abs=6.2829] dof_vel[min=-54.486,max=49.803,abs=54.486] memory_mib[allocated=944.7,reserved=2982.0]
[cuda-debug] stage=dof_diagnostics step=4700 substep=0 hard_limit_violation=[env=2524,item=FBL_ABAD_JOINT,value=0.00065792;env=2524,item=RAR_ABAD_JOINT,value=0.0004943;env=2374,item=ROBOT_ARM_JOINT3,value=0.00023484;env=34,item=ROBOT_ARM_JOINT3,value=0.00020766;env=1144,item=ROBOT_ARM_JOINT3,value=0.0002048] target_clamp=[env=353,item=ROBOT_ARM_JOINT3,value=2.5197;env=874,item=ROBOT_ARM_JOINT5,value=2.4785;env=2260,item=ROBOT_ARM_JOINT4,value=2.4748;env=2282,item=ROBOT_ARM_JOINT6,value=2.4054;env=1083,item=ROBOT_ARM_JOINT6,value=2.308] velocity_excess=[env=1587,item=ROBOT_ARM_JOINT3,value=0.14732;env=3666,item=ROBOT_ARM_JOINT5,value=0.10093;env=960,item=ROBOT_ARM_JOINT2,value=0.069202;env=685,item=ROBOT_ARM_JOINT5,value=0.06687;env=1947,item=ROBOT_ARM_JOINT5,value=0.056159]
[cuda-debug] reached stage=before_simulate step=4700 substep=0
[cuda-debug] reached stage=after_fetch_results step=4700 substep=0
[cuda-debug] reached stage=after_refresh_tensors step=4700 substep=0
[cuda-debug] tensors stage=after_refresh_tensors step=4700 substep=0 root_states[min=-4.108,max=70.078,abs=70.078] dof_pos[min=-6.2815,max=6.2829,abs=6.2829] dof_vel[min=-48.751,max=53.013,abs=53.013] rigid_body_state[min=-49.245,max=70.563,abs=70.563] contact_forces[min=-8014.9,max=16754,abs=16754] memory_mib[allocated=944.9,reserved=2982.0]
[cuda-debug] stage=contact_diagnostics step=4700 substep=0 top_contacts=[env=3830,item=BASE_LINK,value=17839;env=385,item=FAR_FOOT_LINK,value=15489;env=1259,item=RBL_FOOT_LINK,value=12232;env=2592,item=FBL_FOOT_LINK,value=9708.2;env=991,item=RAR_FOOT_LINK,value=8990.2]
[cuda-debug] reached stage=before_post_physics_step step=4700
[cuda-debug] reached stage=after_post_physics_step step=4700
[cuda-debug] tensors stage=step_outputs step=4700 observations[min=-4.9324,max=5.3481,abs=5.3481] privileged_observations[min=-83.083,max=96.462,abs=96.462] rewards[min=0,max=0.037214,abs=0.037214] memory_mib[allocated=946.6,reserved=2982.0]

########################## Learning iteration 97/4999 ##########################
                       Computation: 22695 steps/s
                   Collection time: 7.819 s
                     Learning time: 0.641 s
               Value function loss: 0.0042
                    Surrogate loss: -0.0131
             Mean action noise std: 0.8206
                       Mean reward: 9.20
               Mean episode length: 1283.11
--------------------------------------------------------------------------------
                   Total timesteps: 18816000
                    Iteration time: 8.46 s
                        Total time: 864.36 s
                               ETA: 11:31:10
################################################################################

########################## Learning iteration 98/4999 ##########################
                       Computation: 24123 steps/s
                   Collection time: 7.299 s
                     Learning time: 0.660 s
               Value function loss: 0.0042
                    Surrogate loss: -0.0125
             Mean action noise std: 0.8202
                       Mean reward: 10.76
               Mean episode length: 1343.44
--------------------------------------------------------------------------------
                   Total timesteps: 19008000
                    Iteration time: 7.96 s
                        Total time: 872.32 s
                               ETA: 10:50:07
################################################################################
[cuda-debug] tensors stage=clipped_actions step=4800 actions[min=-5.3063,max=5.258,abs=5.3063] memory_mib[allocated=944.5,reserved=2982.0]
[cuda-debug] tensors stage=before_simulate step=4800 substep=0 actions[min=-5.3063,max=5.258,abs=5.3063] torques[min=-152.02,max=119.96,abs=152.02] joint_pos_target[min=-2.7848,max=2.2428,abs=2.7848] forces[min=-70,max=70,abs=70] root_states[min=-4.9364,max=70.475,abs=70.475] dof_pos[min=-6.2826,max=6.2799,abs=6.2826] dof_vel[min=-68.905,max=51.349,abs=68.905] memory_mib[allocated=944.8,reserved=2982.0]
[cuda-debug] stage=dof_diagnostics step=4800 substep=0 hard_limit_violation=[env=2524,item=FBL_ABAD_JOINT,value=0.0007199;env=2524,item=RAR_ABAD_JOINT,value=0.00052184;env=619,item=FAR_ABAD_JOINT,value=0.0003503;env=2374,item=ROBOT_ARM_JOINT3,value=0.00020647;env=630,item=ROBOT_ARM_JOINT3,value=0.00018573] target_clamp=[env=3871,item=ROBOT_ARM_JOINT5,value=2.3904;env=1990,item=ROBOT_ARM_JOINT5,value=2.3705;env=361,item=ROBOT_ARM_JOINT5,value=2.3529;env=930,item=ROBOT_ARM_JOINT6,value=2.3514;env=56,item=ROBOT_ARM_JOINT3,value=2.3278] velocity_excess=[env=2043,item=ROBOT_ARM_JOINT4,value=0.046182;env=914,item=ROBOT_ARM_JOINT4,value=0.039454;env=285,item=ROBOT_ARM_JOINT4,value=0.032339;env=2006,item=ROBOT_ARM_JOINT1,value=0.017302;env=480,item=ROBOT_ARM_JOINT3,value=0.015749]
[cuda-debug] reached stage=before_simulate step=4800 substep=0
[cuda-debug] reached stage=after_fetch_results step=4800 substep=0
[cuda-debug] reached stage=after_refresh_tensors step=4800 substep=0
[cuda-debug] tensors stage=after_refresh_tensors step=4800 substep=0 root_states[min=-5.102,max=70.475,abs=70.475] dof_pos[min=-6.2828,max=6.2823,abs=6.2828] dof_vel[min=-65.558,max=48.198,abs=65.558] rigid_body_state[min=-46.557,max=70.925,abs=70.925] contact_forces[min=-15095,max=10321,abs=15095] memory_mib[allocated=945.0,reserved=2982.0]
[cuda-debug] stage=contact_diagnostics step=4800 substep=0 top_contacts=[env=3903,item=RBL_FOOT_LINK,value=15115;env=2524,item=FAR_FOOT_LINK,value=13779;env=3446,item=RAR_FOOT_LINK,value=13439;env=3033,item=RBL_FOOT_LINK,value=12095;env=1568,item=RAR_FOOT_LINK,value=11686]
[cuda-debug] reached stage=before_post_physics_step step=4800
[cuda-debug] reached stage=after_post_physics_step step=4800
[cuda-debug] tensors stage=step_outputs step=4800 observations[min=-5.3063,max=5.258,abs=5.3063] privileged_observations[min=-98.686,max=98.617,abs=98.686] rewards[min=0,max=0.034962,abs=0.034962] memory_mib[allocated=946.7,reserved=2982.0]

########################## Learning iteration 99/4999 ##########################
                       Computation: 23669 steps/s
                   Collection time: 7.441 s
                     Learning time: 0.671 s
               Value function loss: 0.0047
                    Surrogate loss: -0.0139
             Mean action noise std: 0.8198
                       Mean reward: 12.39
               Mean episode length: 1395.31
--------------------------------------------------------------------------------
                   Total timesteps: 19200000
                    Iteration time: 8.11 s
                        Total time: 880.44 s
                               ETA: 11:02:27
################################################################################

######################### Learning iteration 100/4999 ##########################
                       Computation: 24436 steps/s
                   Collection time: 7.201 s
                     Learning time: 0.657 s
               Value function loss: 0.0042
                    Surrogate loss: -0.0129
             Mean action noise std: 0.8191
                       Mean reward: 12.33
               Mean episode length: 1382.73
--------------------------------------------------------------------------------
                   Total timesteps: 19392000
                    Iteration time: 7.86 s
                        Total time: 888.29 s
                               ETA: 10:41:32
################################################################################

######################### Learning iteration 101/4999 ##########################
                       Computation: 23132 steps/s
                   Collection time: 7.661 s
                     Learning time: 0.639 s
               Value function loss: 0.0044
                    Surrogate loss: -0.0139
             Mean action noise std: 0.8178
                       Mean reward: 12.92
               Mean episode length: 1388.81
--------------------------------------------------------------------------------
                   Total timesteps: 19584000
                    Iteration time: 8.30 s
                        Total time: 896.59 s
                               ETA: 11:17:34
################################################################################
[cuda-debug] tensors stage=clipped_actions step=4900 actions[min=-5.7234,max=5.7535,abs=5.7535] memory_mib[allocated=943.4,reserved=2982.0]
[cuda-debug] tensors stage=before_simulate step=4900 substep=0 actions[min=-5.7234,max=5.7535,abs=5.7535] torques[min=-127.34,max=129.66,abs=129.66] joint_pos_target[min=-2.9395,max=2.0724,abs=2.9395] forces[min=-70,max=70,abs=70] root_states[min=-5.3912,max=70.61,abs=70.61] dof_pos[min=-6.2832,max=6.2827,abs=6.2832] dof_vel[min=-59.815,max=144.43,abs=144.43] memory_mib[allocated=943.7,reserved=2982.0]
[cuda-debug] stage=dof_diagnostics step=4900 substep=0 hard_limit_violation=[env=2524,item=RAR_ABAD_JOINT,value=0.0005911;env=2524,item=FBL_ABAD_JOINT,value=0.00025094;env=3716,item=RAR_ABAD_JOINT,value=0.00018889;env=1853,item=ROBOT_ARM_JOINT3,value=0.00015616;env=2348,item=ROBOT_ARM_JOINT3,value=0.00014353] target_clamp=[env=104,item=ROBOT_ARM_JOINT6,value=2.5473;env=2978,item=ROBOT_ARM_JOINT3,value=2.4224;env=3742,item=ROBOT_ARM_JOINT2,value=2.3799;env=3255,item=ROBOT_ARM_JOINT5,value=2.3677;env=1484,item=ROBOT_ARM_JOINT5,value=2.3617] velocity_excess=[env=710,item=FAR_FOOT_JOINT,value=34.432;env=1106,item=ROBOT_ARM_JOINT5,value=0.057043;env=1909,item=ROBOT_ARM_JOINT1,value=0.04483;env=110,item=ROBOT_ARM_JOINT4,value=0.022045;env=708,item=ROBOT_ARM_JOINT4,value=0.02097]
[cuda-debug] reached stage=before_simulate step=4900 substep=0
[cuda-debug] reached stage=after_fetch_results step=4900 substep=0
[cuda-debug] reached stage=after_refresh_tensors step=4900 substep=0
[cuda-debug] tensors stage=after_refresh_tensors step=4900 substep=0 root_states[min=-5.3982,max=70.611,abs=70.611] dof_pos[min=-6.2828,max=6.2826,abs=6.2828] dof_vel[min=-61.464,max=46.029,abs=61.464] rigid_body_state[min=-47.323,max=71.039,abs=71.039] contact_forces[min=-11780,max=11144,abs=11780] memory_mib[allocated=943.9,reserved=2982.0]
[cuda-debug] stage=contact_diagnostics step=4900 substep=0 top_contacts=[env=1020,item=FAR_FOOT_LINK,value=16420;env=77,item=RBL_FOOT_LINK,value=12836;env=1020,item=FAR_KNEE_LINK,value=12670;env=206,item=RAR_FOOT_LINK,value=12611;env=98,item=FBL_FOOT_LINK,value=8948.9]
[cuda-debug] reached stage=before_post_physics_step step=4900
[cuda-debug] reached stage=after_post_physics_step step=4900
[cuda-debug] tensors stage=step_outputs step=4900 observations[min=-5.7234,max=5.7535,abs=5.7535] privileged_observations[min=-98.654,max=89.928,abs=98.654] rewards[min=0,max=0.035421,abs=0.035421] memory_mib[allocated=945.6,reserved=2982.0]

######################### Learning iteration 102/4999 ##########################
                       Computation: 22304 steps/s
                   Collection time: 7.957 s
                     Learning time: 0.651 s
               Value function loss: 0.0043
                    Surrogate loss: -0.0114
             Mean action noise std: 0.8170
                       Mean reward: 12.92
               Mean episode length: 1289.98
--------------------------------------------------------------------------------
                   Total timesteps: 19776000
                    Iteration time: 8.61 s
                        Total time: 905.20 s
                               ETA: 11:42:33
################################################################################

######################### Learning iteration 103/4999 ##########################
                       Computation: 23058 steps/s
                   Collection time: 7.670 s
                     Learning time: 0.657 s
               Value function loss: 0.0058
                    Surrogate loss: -0.0119
             Mean action noise std: 0.8159
                       Mean reward: 11.80
               Mean episode length: 1350.47
--------------------------------------------------------------------------------
                   Total timesteps: 19968000
                    Iteration time: 8.33 s
                        Total time: 913.53 s
                               ETA: 11:19:26
################################################################################
[cuda-debug] tensors stage=clipped_actions step=5000 actions[min=-5.3946,max=5.014,abs=5.3946] memory_mib[allocated=943.5,reserved=2982.0]
[cuda-debug] tensors stage=before_simulate step=5000 substep=0 actions[min=-5.3946,max=5.014,abs=5.3946] torques[min=-128.3,max=120.14,abs=128.3] joint_pos_target[min=-2.9529,max=2.2688,abs=2.9529] forces[min=-70,max=70,abs=70] root_states[min=-5.3438,max=70.774,abs=70.774] dof_pos[min=-6.283,max=6.2817,abs=6.283] dof_vel[min=-48.846,max=47.334,abs=48.846] memory_mib[allocated=943.8,reserved=2982.0]
[cuda-debug] stage=dof_diagnostics step=5000 substep=0 hard_limit_violation=[env=2524,item=RAR_ABAD_JOINT,value=0.00057971;env=2524,item=FBL_ABAD_JOINT,value=0.0003103;env=2348,item=ROBOT_ARM_JOINT2,value=0.00030492;env=2967,item=RBL_ABAD_JOINT,value=0.00026214;env=1304,item=FAR_ABAD_JOINT,value=0.00025862] target_clamp=[env=833,item=ROBOT_ARM_JOINT6,value=2.8889;env=2637,item=ROBOT_ARM_JOINT1,value=2.4469;env=3579,item=ROBOT_ARM_JOINT4,value=2.4468;env=3581,item=ROBOT_ARM_JOINT6,value=2.4156;env=577,item=ROBOT_ARM_JOINT1,value=2.3334] velocity_excess=[env=2201,item=ROBOT_ARM_JOINT5,value=0.10446;env=3830,item=ROBOT_ARM_JOINT1,value=0.080064;env=1045,item=ROBOT_ARM_JOINT5,value=0.06642;env=505,item=ROBOT_ARM_JOINT5,value=0.049268;env=2486,item=ROBOT_ARM_JOINT4,value=0.041996]
[cuda-debug] reached stage=before_simulate step=5000 substep=0
[cuda-debug] reached stage=after_fetch_results step=5000 substep=0
[cuda-debug] reached stage=after_refresh_tensors step=5000 substep=0
[cuda-debug] tensors stage=after_refresh_tensors step=5000 substep=0 root_states[min=-5.4223,max=70.774,abs=70.774] dof_pos[min=-6.2831,max=6.2822,abs=6.2831] dof_vel[min=-47.939,max=46.353,abs=47.939] rigid_body_state[min=-53.036,max=71.345,abs=71.345] contact_forces[min=-11497,max=11210,abs=11497] memory_mib[allocated=944.0,reserved=2982.0]
[cuda-debug] stage=contact_diagnostics step=5000 substep=0 top_contacts=[env=1020,item=FAR_FOOT_LINK,value=15702;env=698,item=RAR_FOOT_LINK,value=14733;env=1911,item=RAR_FOOT_LINK,value=14016;env=26,item=FBL_FOOT_LINK,value=12385;env=1020,item=FAR_KNEE_LINK,value=12093]
[cuda-debug] reached stage=before_post_physics_step step=5000
[cuda-debug] reached stage=after_post_physics_step step=5000
[cuda-debug] tensors stage=step_outputs step=5000 observations[min=-5.3946,max=5.014,abs=5.3946] privileged_observations[min=-98.338,max=90.707,abs=98.338] rewards[min=0,max=0.035889,abs=0.035889] memory_mib[allocated=945.7,reserved=2982.0]

######################### Learning iteration 104/4999 ##########################
                       Computation: 22790 steps/s
                   Collection time: 7.771 s
                     Learning time: 0.653 s
               Value function loss: 0.0047
                    Surrogate loss: -0.0112
             Mean action noise std: 0.8148
                       Mean reward: 12.01
               Mean episode length: 1266.86
--------------------------------------------------------------------------------
                   Total timesteps: 20160000
                    Iteration time: 8.42 s
                        Total time: 921.95 s
                               ETA: 11:27:17
################################################################################

######################### Learning iteration 105/4999 ##########################
                       Computation: 23855 steps/s
                   Collection time: 7.378 s
                     Learning time: 0.670 s
               Value function loss: 0.0042
                    Surrogate loss: -0.0125
             Mean action noise std: 0.8136
                       Mean reward: 15.94
               Mean episode length: 1493.10
--------------------------------------------------------------------------------
                   Total timesteps: 20352000
                    Iteration time: 8.05 s
                        Total time: 930.00 s
                               ETA: 10:56:29
################################################################################
[cuda-debug] tensors stage=clipped_actions step=5100 actions[min=-5.0752,max=5.3142,abs=5.3142] memory_mib[allocated=943.6,reserved=2982.0]
[cuda-debug] tensors stage=before_simulate step=5100 substep=0 actions[min=-5.0752,max=5.3142,abs=5.3142] torques[min=-110.46,max=111.73,abs=111.73] joint_pos_target[min=-2.9671,max=2.116,abs=2.9671] forces[min=-70,max=70,abs=70] root_states[min=-5.3536,max=69.884,abs=69.884] dof_pos[min=-6.2823,max=6.2827,abs=6.2827] dof_vel[min=-39.001,max=52.097,abs=52.097] memory_mib[allocated=943.9,reserved=2982.0]
[cuda-debug] stage=dof_diagnostics step=5100 substep=0 hard_limit_violation=[env=385,item=RBL_ABAD_JOINT,value=0.00037891;env=415,item=RAR_ABAD_JOINT,value=0.00036174;env=3968,item=FAR_ABAD_JOINT,value=0.00032794;env=2524,item=RBL_ABAD_JOINT,value=0.00030428;env=2524,item=RAR_ABAD_JOINT,value=0.00027269] target_clamp=[env=1068,item=ROBOT_ARM_JOINT3,value=2.5951;env=929,item=ROBOT_ARM_JOINT4,value=2.4709;env=306,item=ROBOT_ARM_JOINT2,value=2.3245;env=2760,item=ROBOT_ARM_JOINT3,value=2.2887;env=3681,item=ROBOT_ARM_JOINT1,value=2.2685] velocity_excess=[env=1785,item=ROBOT_ARM_JOINT1,value=0.056267;env=2478,item=ROBOT_ARM_JOINT5,value=0.037633;env=2239,item=ROBOT_ARM_JOINT4,value=0.030121;env=504,item=ROBOT_ARM_JOINT1,value=0.025229;env=1117,item=ROBOT_ARM_JOINT4,value=0.024611]
[cuda-debug] reached stage=before_simulate step=5100 substep=0
[cuda-debug] reached stage=after_fetch_results step=5100 substep=0
[cuda-debug] reached stage=after_refresh_tensors step=5100 substep=0
[cuda-debug] tensors stage=after_refresh_tensors step=5100 substep=0 root_states[min=-5.219,max=69.885,abs=69.885] dof_pos[min=-6.2829,max=6.2801,abs=6.2829] dof_vel[min=-35.202,max=51.37,abs=51.37] rigid_body_state[min=-56.753,max=70.368,abs=70.368] contact_forces[min=-10088,max=11191,abs=11191] memory_mib[allocated=944.1,reserved=2982.0]
[cuda-debug] stage=contact_diagnostics step=5100 substep=0 top_contacts=[env=698,item=RAR_FOOT_LINK,value=14358;env=1447,item=FAR_FOOT_LINK,value=13301;env=3396,item=RAR_FOOT_LINK,value=11927;env=1310,item=FAR_FOOT_LINK,value=11543;env=3681,item=RAR_FOOT_LINK,value=11028]
[cuda-debug] reached stage=before_post_physics_step step=5100
[cuda-debug] reached stage=after_post_physics_step step=5100
[cuda-debug] tensors stage=step_outputs step=5100 observations[min=-5.0752,max=5.3142,abs=5.3142] privileged_observations[min=-98.788,max=98.596,abs=98.788] rewards[min=0,max=0.03529,abs=0.03529] memory_mib[allocated=945.8,reserved=2982.0]

######################### Learning iteration 106/4999 ##########################
                       Computation: 21319 steps/s
                   Collection time: 8.324 s
                     Learning time: 0.682 s
               Value function loss: 0.0046
                    Surrogate loss: -0.0118
             Mean action noise std: 0.8130
                       Mean reward: 12.08
               Mean episode length: 1424.13
--------------------------------------------------------------------------------
                   Total timesteps: 20544000
                    Iteration time: 9.01 s
                        Total time: 939.01 s
                               ETA: 12:14:25
################################################################################

######################### Learning iteration 107/4999 ##########################
                       Computation: 22040 steps/s
                   Collection time: 8.053 s
                     Learning time: 0.658 s
               Value function loss: 0.0043
                    Surrogate loss: -0.0093
             Mean action noise std: 0.8123
                       Mean reward: 14.12
               Mean episode length: 1530.84
--------------------------------------------------------------------------------
                   Total timesteps: 20736000
                    Iteration time: 8.71 s
                        Total time: 947.72 s
                               ETA: 11:50:15
################################################################################
[cuda-debug] tensors stage=clipped_actions step=5200 actions[min=-5.2605,max=4.9037,abs=5.2605] memory_mib[allocated=943.7,reserved=2982.0]
[cuda-debug] tensors stage=before_simulate step=5200 substep=0 actions[min=-5.2605,max=4.9037,abs=5.2605] torques[min=-129.18,max=120.04,abs=129.18] joint_pos_target[min=-2.9344,max=2.129,abs=2.9344] forces[min=-70,max=70,abs=70] root_states[min=-5.7165,max=70.282,abs=70.282] dof_pos[min=-6.2831,max=6.2826,abs=6.2831] dof_vel[min=-46.811,max=48.937,abs=48.937] memory_mib[allocated=944.0,reserved=2982.0]
[cuda-debug] stage=dof_diagnostics step=5200 substep=0 hard_limit_violation=[env=1039,item=ROBOT_ARM_JOINT2,value=0.00025356;env=1039,item=ROBOT_ARM_JOINT3,value=0.00022721;env=868,item=ROBOT_ARM_JOINT3,value=0.00020719;env=3393,item=ROBOT_ARM_JOINT3,value=0.00020623;env=2758,item=FAR_ABAD_JOINT,value=0.00020111] target_clamp=[env=3179,item=ROBOT_ARM_JOINT6,value=3.0486;env=1027,item=ROBOT_ARM_JOINT6,value=2.8085;env=942,item=ROBOT_ARM_JOINT6,value=2.739;env=3764,item=ROBOT_ARM_JOINT6,value=2.6498;env=3431,item=ROBOT_ARM_JOINT2,value=2.5805] velocity_excess=[env=3365,item=ROBOT_ARM_JOINT5,value=0.086552;env=3610,item=ROBOT_ARM_JOINT3,value=0.069108;env=102,item=ROBOT_ARM_JOINT4,value=0.016847;env=3783,item=ROBOT_ARM_JOINT4,value=0.01473;env=1849,item=ROBOT_ARM_JOINT3,value=0.012281]
[cuda-debug] reached stage=before_simulate step=5200 substep=0
[cuda-debug] reached stage=after_fetch_results step=5200 substep=0
[cuda-debug] reached stage=after_refresh_tensors step=5200 substep=0
[cuda-debug] tensors stage=after_refresh_tensors step=5200 substep=0 root_states[min=-5.7986,max=70.283,abs=70.283] dof_pos[min=-6.2807,max=6.2821,abs=6.2821] dof_vel[min=-64.819,max=53.459,abs=64.819] rigid_body_state[min=-63.351,max=70.786,abs=70.786] contact_forces[min=-8846.7,max=12885,abs=12885] memory_mib[allocated=944.2,reserved=2982.0]
[cuda-debug] stage=contact_diagnostics step=5200 substep=0 top_contacts=[env=3898,item=RAR_FOOT_LINK,value=14362;env=698,item=RAR_FOOT_LINK,value=11074;env=3125,item=RBL_FOOT_LINK,value=10268;env=3486,item=RBL_FOOT_LINK,value=9859.1;env=1643,item=RBL_FOOT_LINK,value=9741.1]
[cuda-debug] reached stage=before_post_physics_step step=5200
[cuda-debug] reached stage=after_post_physics_step step=5200
[cuda-debug] tensors stage=step_outputs step=5200 observations[min=-5.2605,max=4.9037,abs=5.2605] privileged_observations[min=-90.469,max=97.063,abs=97.063] rewards[min=0,max=0.034924,abs=0.034924] memory_mib[allocated=945.9,reserved=2982.0]

######################### Learning iteration 108/4999 ##########################
                       Computation: 21266 steps/s
                   Collection time: 8.363 s
                     Learning time: 0.665 s
               Value function loss: 0.0045
                    Surrogate loss: -0.0106
             Mean action noise std: 0.8118
                       Mean reward: 13.26
               Mean episode length: 1337.91
--------------------------------------------------------------------------------
                   Total timesteps: 20928000
                    Iteration time: 9.03 s
                        Total time: 956.75 s
                               ETA: 12:15:56
################################################################################

######################### Learning iteration 109/4999 ##########################
                       Computation: 22605 steps/s
                   Collection time: 7.840 s
                     Learning time: 0.653 s
               Value function loss: 0.0044
                    Surrogate loss: -0.0112
             Mean action noise std: 0.8114
                       Mean reward: 17.02
               Mean episode length: 1648.74
--------------------------------------------------------------------------------
                   Total timesteps: 21120000
                    Iteration time: 8.49 s
                        Total time: 965.24 s
                               ETA: 11:32:13
################################################################################
[cuda-debug] tensors stage=clipped_actions step=5300 actions[min=-5.6132,max=4.9826,abs=5.6132] memory_mib[allocated=943.8,reserved=2982.0]
[cuda-debug] tensors stage=before_simulate step=5300 substep=0 actions[min=-5.6132,max=4.9826,abs=5.6132] torques[min=-123.41,max=128.95,abs=128.95] joint_pos_target[min=-2.9671,max=2.1736,abs=2.9671] forces[min=-70,max=70,abs=70] root_states[min=-4.2741,max=70.656,abs=70.656] dof_pos[min=-6.2815,max=6.282,abs=6.282] dof_vel[min=-59.347,max=48.507,abs=59.347] memory_mib[allocated=944.1,reserved=2982.0]
[cuda-debug] stage=dof_diagnostics step=5300 substep=0 hard_limit_violation=[env=3634,item=FBL_ABAD_JOINT,value=0.00055373;env=550,item=FAR_ABAD_JOINT,value=0.00030136;env=3613,item=FBL_ABAD_JOINT,value=0.00030035;env=413,item=FAR_ABAD_JOINT,value=0.00028032;env=1842,item=ROBOT_ARM_JOINT3,value=0.00017095] target_clamp=[env=1481,item=ROBOT_ARM_JOINT5,value=2.5395;env=1273,item=ROBOT_ARM_JOINT4,value=2.5296;env=3313,item=ROBOT_ARM_JOINT6,value=2.5057;env=2125,item=ROBOT_ARM_JOINT5,value=2.4815;env=3782,item=ROBOT_ARM_JOINT1,value=2.4697] velocity_excess=[env=1245,item=ROBOT_ARM_JOINT5,value=0.019934;env=65,item=ROBOT_ARM_JOINT4,value=0.019702;env=315,item=ROBOT_ARM_JOINT4,value=0.018963;env=3705,item=ROBOT_ARM_JOINT5,value=0.01498;env=1953,item=ROBOT_ARM_JOINT5,value=0.012655]
[cuda-debug] reached stage=before_simulate step=5300 substep=0
[cuda-debug] reached stage=after_fetch_results step=5300 substep=0
[cuda-debug] reached stage=after_refresh_tensors step=5300 substep=0
[cuda-debug] tensors stage=after_refresh_tensors step=5300 substep=0 root_states[min=-3.7676,max=70.656,abs=70.656] dof_pos[min=-6.2821,max=6.2828,abs=6.2828] dof_vel[min=-57.542,max=43.967,abs=57.542] rigid_body_state[min=-51.863,max=71.111,abs=71.111] contact_forces[min=-11427,max=12490,abs=12490] memory_mib[allocated=944.3,reserved=2982.0]
[cuda-debug] stage=contact_diagnostics step=5300 substep=0 top_contacts=[env=1020,item=FAR_FOOT_LINK,value=15766;env=206,item=RAR_FOOT_LINK,value=13699;env=3681,item=RAR_FOOT_LINK,value=12733;env=1020,item=FAR_KNEE_LINK,value=12291;env=2465,item=FAR_FOOT_LINK,value=8170.7]
[cuda-debug] reached stage=before_post_physics_step step=5300
[cuda-debug] reached stage=after_post_physics_step step=5300
[cuda-debug] tensors stage=step_outputs step=5300 observations[min=-5.6132,max=4.9826,abs=5.6132] privileged_observations[min=-98.439,max=96.791,abs=98.439] rewards[min=0,max=0.036697,abs=0.036697] memory_mib[allocated=946.0,reserved=2982.0]

######################### Learning iteration 110/4999 ##########################
                       Computation: 21686 steps/s
                   Collection time: 8.195 s
                     Learning time: 0.658 s
               Value function loss: 0.0045
                    Surrogate loss: -0.0132
             Mean action noise std: 0.8101
                       Mean reward: 14.38
               Mean episode length: 1542.24
--------------------------------------------------------------------------------
                   Total timesteps: 21312000
                    Iteration time: 8.85 s
                        Total time: 974.09 s
                               ETA: 12:01:23
################################################################################

######################### Learning iteration 111/4999 ##########################
                       Computation: 22221 steps/s
                   Collection time: 7.954 s
                     Learning time: 0.686 s
               Value function loss: 0.0046
                    Surrogate loss: -0.0133
             Mean action noise std: 0.8092
                       Mean reward: 16.03
               Mean episode length: 1487.75
--------------------------------------------------------------------------------
                   Total timesteps: 21504000
                    Iteration time: 8.64 s
                        Total time: 982.73 s
                               ETA: 11:43:52
################################################################################
[cuda-debug] tensors stage=clipped_actions step=5400 actions[min=-5.8905,max=5.4843,abs=5.8905] memory_mib[allocated=943.9,reserved=2982.0]
[cuda-debug] tensors stage=before_simulate step=5400 substep=0 actions[min=-5.8905,max=5.4843,abs=5.8905] torques[min=-126.73,max=124.67,abs=126.73] joint_pos_target[min=-2.9671,max=2.1766,abs=2.9671] forces[min=-70,max=70,abs=70] root_states[min=-4.6547,max=71.313,abs=71.313] dof_pos[min=-6.2831,max=6.2814,abs=6.2831] dof_vel[min=-40.247,max=50.245,abs=50.245] memory_mib[allocated=944.2,reserved=2982.0]
[cuda-debug] stage=dof_diagnostics step=5400 substep=0 hard_limit_violation=[env=2524,item=RBL_ABAD_JOINT,value=0.0012863;env=3300,item=ROBOT_ARM_JOINT2,value=0.00045482;env=2524,item=RAR_ABAD_JOINT,value=0.00038356;env=1842,item=ROBOT_ARM_JOINT2,value=0.00023958;env=2732,item=ROBOT_ARM_JOINT3,value=0.00022888] target_clamp=[env=1720,item=ROBOT_ARM_JOINT3,value=2.8624;env=3624,item=ROBOT_ARM_JOINT6,value=2.5877;env=2931,item=ROBOT_ARM_JOINT4,value=2.5716;env=2191,item=ROBOT_ARM_JOINT3,value=2.4743;env=424,item=ROBOT_ARM_JOINT1,value=2.3896] velocity_excess=[env=3870,item=ROBOT_ARM_JOINT1,value=0.082161;env=125,item=ROBOT_ARM_JOINT1,value=0.030461;env=3354,item=ROBOT_ARM_JOINT6,value=0.0037084;env=696,item=ROBOT_ARM_JOINT5,value=0.0022249]
[cuda-debug] reached stage=before_simulate step=5400 substep=0
[cuda-debug] reached stage=after_fetch_results step=5400 substep=0
[cuda-debug] reached stage=after_refresh_tensors step=5400 substep=0
[cuda-debug] tensors stage=after_refresh_tensors step=5400 substep=0 root_states[min=-4.904,max=71.315,abs=71.315] dof_pos[min=-6.2829,max=6.2832,abs=6.2832] dof_vel[min=-39.94,max=51.357,abs=51.357] rigid_body_state[min=-38.731,max=71.877,abs=71.877] contact_forces[min=-7249.3,max=9747.5,abs=9747.5] memory_mib[allocated=944.5,reserved=2982.0]
[cuda-debug] stage=contact_diagnostics step=5400 substep=0 top_contacts=[env=2439,item=FAR_FOOT_LINK,value=11593;env=1643,item=RBL_FOOT_LINK,value=10967;env=1167,item=RAR_FOOT_LINK,value=10387;env=1447,item=FAR_FOOT_LINK,value=9729;env=2901,item=FBL_FOOT_LINK,value=9304.2]
[cuda-debug] reached stage=before_post_physics_step step=5400
[cuda-debug] reached stage=after_post_physics_step step=5400
[cuda-debug] tensors stage=step_outputs step=5400 observations[min=-5.8905,max=5.4843,abs=5.8905] privileged_observations[min=-98.995,max=90.89,abs=98.995] rewards[min=0,max=0.035382,abs=0.035382] memory_mib[allocated=946.1,reserved=2982.0]

######################### Learning iteration 112/4999 ##########################
                       Computation: 22369 steps/s
                   Collection time: 7.901 s
                     Learning time: 0.682 s
               Value function loss: 0.0061
                    Surrogate loss: -0.0112
             Mean action noise std: 0.8089
                       Mean reward: 17.27
               Mean episode length: 1473.99
--------------------------------------------------------------------------------
                   Total timesteps: 21696000
                    Iteration time: 8.58 s
                        Total time: 991.32 s
                               ETA: 11:39:05
################################################################################

######################### Learning iteration 113/4999 ##########################
                       Computation: 22417 steps/s
                   Collection time: 7.896 s
                     Learning time: 0.668 s
               Value function loss: 0.0044
                    Surrogate loss: -0.0106
             Mean action noise std: 0.8082
                       Mean reward: 17.83
               Mean episode length: 1551.01
--------------------------------------------------------------------------------
                   Total timesteps: 21888000
                    Iteration time: 8.56 s
                        Total time: 999.88 s
                               ETA: 11:37:27
################################################################################
[cuda-debug] tensors stage=clipped_actions step=5500 actions[min=-5.7311,max=5.3204,abs=5.7311] memory_mib[allocated=944.0,reserved=2982.0]
[cuda-debug] tensors stage=before_simulate step=5500 substep=0 actions[min=-5.7311,max=5.3204,abs=5.7311] torques[min=-142.01,max=131.6,abs=142.01] joint_pos_target[min=-2.9671,max=2.3388,abs=2.9671] forces[min=-70,max=70,abs=70] root_states[min=-4.6839,max=72.091,abs=72.091] dof_pos[min=-6.2816,max=6.283,abs=6.283] dof_vel[min=-38.651,max=54.107,abs=54.107] memory_mib[allocated=944.3,reserved=2982.0]
[cuda-debug] stage=dof_diagnostics step=5500 substep=0 hard_limit_violation=[env=573,item=FBL_ABAD_JOINT,value=0.0002197;env=1039,item=ROBOT_ARM_JOINT3,value=0.00021362;env=1306,item=ROBOT_ARM_JOINT3,value=0.00019479;env=3695,item=FAR_ABAD_JOINT,value=0.00019377;env=3393,item=ROBOT_ARM_JOINT3,value=0.0001924] target_clamp=[env=2751,item=ROBOT_ARM_JOINT6,value=2.5411;env=840,item=ROBOT_ARM_JOINT3,value=2.5188;env=2522,item=ROBOT_ARM_JOINT5,value=2.5179;env=3753,item=ROBOT_ARM_JOINT2,value=2.4973;env=1584,item=ROBOT_ARM_JOINT6,value=2.3864] velocity_excess=[env=385,item=ROBOT_ARM_JOINT5,value=0.19014;env=1414,item=ROBOT_ARM_JOINT4,value=0.018714;env=2795,item=ROBOT_ARM_JOINT4,value=0.009738;env=2527,item=ROBOT_ARM_JOINT5,value=0.006526]
[cuda-debug] reached stage=before_simulate step=5500 substep=0
[cuda-debug] reached stage=after_fetch_results step=5500 substep=0
[cuda-debug] reached stage=after_refresh_tensors step=5500 substep=0
[cuda-debug] tensors stage=after_refresh_tensors step=5500 substep=0 root_states[min=-4.6109,max=72.093,abs=72.093] dof_pos[min=-6.2825,max=6.2832,abs=6.2832] dof_vel[min=-86.548,max=49.917,abs=86.548] rigid_body_state[min=-34.158,max=76.301,abs=76.301] contact_forces[min=-9314.4,max=14236,abs=14236] memory_mib[allocated=944.5,reserved=2982.0]
[cuda-debug] stage=contact_diagnostics step=5500 substep=0 top_contacts=[env=3396,item=RAR_FOOT_LINK,value=14947;env=3674,item=RBL_FOOT_LINK,value=12121;env=1918,item=RAR_FOOT_LINK,value=11940;env=40,item=RBL_FOOT_LINK,value=10157;env=1620,item=FAR_FOOT_LINK,value=9324.7]
[cuda-debug] reached stage=before_post_physics_step step=5500
[cuda-debug] reached stage=after_post_physics_step step=5500
[cuda-debug] tensors stage=step_outputs step=5500 observations[min=-5.7311,max=5.3204,abs=5.7311] privileged_observations[min=-98.301,max=95.339,abs=98.301] rewards[min=0,max=0.037541,abs=0.037541] memory_mib[allocated=946.2,reserved=2982.0]

######################### Learning iteration 114/4999 ##########################
                       Computation: 22123 steps/s
                   Collection time: 7.997 s
                     Learning time: 0.681 s
               Value function loss: 0.0043
                    Surrogate loss: -0.0127
             Mean action noise std: 0.8071
                       Mean reward: 15.58
               Mean episode length: 1539.70
--------------------------------------------------------------------------------
                   Total timesteps: 22080000
                    Iteration time: 8.68 s
                        Total time: 1008.56 s
                               ETA: 11:46:34
################################################################################

######################### Learning iteration 115/4999 ##########################
                       Computation: 22087 steps/s
                   Collection time: 8.017 s
                     Learning time: 0.676 s
               Value function loss: 0.0044
                    Surrogate loss: -0.0131
             Mean action noise std: 0.8067
                       Mean reward: 14.55
               Mean episode length: 1375.14
--------------------------------------------------------------------------------
                   Total timesteps: 22272000
                    Iteration time: 8.69 s
                        Total time: 1017.25 s
                               ETA: 11:47:35
################################################################################
[cuda-debug] tensors stage=clipped_actions step=5600 actions[min=-5.9863,max=5.5819,abs=5.9863] memory_mib[allocated=944.1,reserved=2982.0]
[cuda-debug] tensors stage=before_simulate step=5600 substep=0 actions[min=-5.9863,max=5.5819,abs=5.9863] torques[min=-122.14,max=121.69,abs=122.14] joint_pos_target[min=-2.9671,max=2.3827,abs=2.9671] forces[min=-70,max=70,abs=70] root_states[min=-4.1903,max=72.949,abs=72.949] dof_pos[min=-6.2817,max=6.283,abs=6.283] dof_vel[min=-46.73,max=60.344,abs=60.344] memory_mib[allocated=944.4,reserved=2982.0]
[cuda-debug] stage=dof_diagnostics step=5600 substep=0 hard_limit_violation=[env=2846,item=RAR_ABAD_JOINT,value=0.00053823;env=957,item=ROBOT_ARM_JOINT3,value=0.00020933;env=592,item=ROBOT_ARM_JOINT3,value=0.00019908;env=1039,item=ROBOT_ARM_JOINT3,value=0.00019431;env=2807,item=ROBOT_ARM_JOINT3,value=0.00019097] target_clamp=[env=2131,item=ROBOT_ARM_JOINT6,value=2.5505;env=2108,item=ROBOT_ARM_JOINT1,value=2.4928;env=748,item=ROBOT_ARM_JOINT5,value=2.487;env=1518,item=ROBOT_ARM_JOINT1,value=2.4855;env=2980,item=ROBOT_ARM_JOINT5,value=2.4306] velocity_excess=[env=3076,item=ROBOT_ARM_JOINT4,value=0.046867;env=1221,item=ROBOT_ARM_JOINT3,value=0.029979;env=1760,item=ROBOT_ARM_JOINT4,value=0.005125]
[cuda-debug] reached stage=before_simulate step=5600 substep=0
[cuda-debug] reached stage=after_fetch_results step=5600 substep=0
[cuda-debug] reached stage=after_refresh_tensors step=5600 substep=0
[cuda-debug] tensors stage=after_refresh_tensors step=5600 substep=0 root_states[min=-3.408,max=72.95,abs=72.95] dof_pos[min=-6.2818,max=6.2827,abs=6.2827] dof_vel[min=-62.227,max=53.138,abs=62.227] rigid_body_state[min=-48.608,max=73.485,abs=73.485] contact_forces[min=-7408.9,max=11641,abs=11641] memory_mib[allocated=944.6,reserved=2982.0]
[cuda-debug] stage=contact_diagnostics step=5600 substep=0 top_contacts=[env=3039,item=RAR_HIP_LINK,value=11890;env=2979,item=FAR_FOOT_LINK,value=10129;env=473,item=FBL_FOOT_LINK,value=8271.3;env=698,item=RAR_FOOT_LINK,value=8159.2;env=3078,item=FBL_FOOT_LINK,value=8005.1]
[cuda-debug] reached stage=before_post_physics_step step=5600
[cuda-debug] reached stage=after_post_physics_step step=5600
[cuda-debug] tensors stage=step_outputs step=5600 observations[min=-5.9863,max=5.5819,abs=5.9863] privileged_observations[min=-98.796,max=90.583,abs=98.796] rewards[min=0,max=0.036235,abs=0.036235] memory_mib[allocated=946.3,reserved=2982.0]

######################### Learning iteration 116/4999 ##########################
                       Computation: 21893 steps/s
                   Collection time: 8.099 s
                     Learning time: 0.671 s
               Value function loss: 0.0049
                    Surrogate loss: -0.0135
             Mean action noise std: 0.8059
                       Mean reward: 15.05
               Mean episode length: 1460.02
--------------------------------------------------------------------------------
                   Total timesteps: 22464000
                    Iteration time: 8.77 s
                        Total time: 1026.02 s
                               ETA: 11:53:43
################################################################################

######################### Learning iteration 117/4999 ##########################
                       Computation: 21981 steps/s
                   Collection time: 8.061 s
                     Learning time: 0.674 s
               Value function loss: 0.0047
                    Surrogate loss: -0.0081
             Mean action noise std: 0.8053
                       Mean reward: 15.68
               Mean episode length: 1482.23
--------------------------------------------------------------------------------
                   Total timesteps: 22656000
                    Iteration time: 8.73 s
                        Total time: 1034.76 s
                               ETA: 11:50:43
################################################################################
[cuda-debug] tensors stage=clipped_actions step=5700 actions[min=-5.0233,max=6.1642,abs=6.1642] memory_mib[allocated=944.2,reserved=2982.0]
[cuda-debug] tensors stage=before_simulate step=5700 substep=0 actions[min=-5.0233,max=6.1642,abs=6.1642] torques[min=-135.76,max=116.39,abs=135.76] joint_pos_target[min=-2.9671,max=2.5338,abs=2.9671] forces[min=-70,max=70,abs=70] root_states[min=-3.9929,max=70.971,abs=70.971] dof_pos[min=-6.2799,max=6.2809,abs=6.2809] dof_vel[min=-58.068,max=42.502,abs=58.068] memory_mib[allocated=944.5,reserved=2982.0]
[cuda-debug] stage=dof_diagnostics step=5700 substep=0 hard_limit_violation=[env=3918,item=FAR_ABAD_JOINT,value=0.00037682;env=592,item=ROBOT_ARM_JOINT3,value=0.00019717;env=3962,item=FAR_ABAD_JOINT,value=0.00018013;env=3993,item=FBL_ABAD_JOINT,value=0.00017542;env=2748,item=ROBOT_ARM_JOINT2,value=0.00017383] target_clamp=[env=478,item=ROBOT_ARM_JOINT4,value=2.9865;env=3101,item=ROBOT_ARM_JOINT4,value=2.8151;env=3041,item=ROBOT_ARM_JOINT3,value=2.6577;env=2233,item=ROBOT_ARM_JOINT6,value=2.5817;env=1158,item=ROBOT_ARM_JOINT1,value=2.4097] velocity_excess=[env=3650,item=ROBOT_ARM_JOINT4,value=0.15371;env=3170,item=ROBOT_ARM_JOINT4,value=0.014754;env=3891,item=ROBOT_ARM_JOINT4,value=0.007678]
[cuda-debug] reached stage=before_simulate step=5700 substep=0
[cuda-debug] reached stage=after_fetch_results step=5700 substep=0
[cuda-debug] reached stage=after_refresh_tensors step=5700 substep=0
[cuda-debug] tensors stage=after_refresh_tensors step=5700 substep=0 root_states[min=-3.9258,max=70.972,abs=70.972] dof_pos[min=-6.2813,max=6.2832,abs=6.2832] dof_vel[min=-56.555,max=43.82,abs=56.555] rigid_body_state[min=-38.468,max=71.517,abs=71.517] contact_forces[min=-9284.5,max=10510,abs=10510] memory_mib[allocated=944.7,reserved=2982.0]
[cuda-debug] stage=contact_diagnostics step=5700 substep=0 top_contacts=[env=2596,item=FAR_FOOT_LINK,value=11575;env=1447,item=FAR_FOOT_LINK,value=9820.7;env=3255,item=FBL_FOOT_LINK,value=9590.1;env=1851,item=RBL_FOOT_LINK,value=8510.2;env=47,item=RBL_FOOT_LINK,value=8171.6]
[cuda-debug] reached stage=before_post_physics_step step=5700
[cuda-debug] reached stage=after_post_physics_step step=5700
[cuda-debug] tensors stage=step_outputs step=5700 observations[min=-5.0233,max=6.1642,abs=6.1642] privileged_observations[min=-96.269,max=98.534,abs=98.534] rewards[min=0,max=0.037664,abs=0.037664] memory_mib[allocated=946.4,reserved=2982.0]

######################### Learning iteration 118/4999 ##########################
                       Computation: 21921 steps/s
                   Collection time: 8.083 s
                     Learning time: 0.676 s
               Value function loss: 0.0045
                    Surrogate loss: -0.0122
             Mean action noise std: 0.8044
                       Mean reward: 15.53
               Mean episode length: 1479.38
--------------------------------------------------------------------------------
                   Total timesteps: 22848000
                    Iteration time: 8.76 s
                        Total time: 1043.51 s
                               ETA: 11:52:29
################################################################################

######################### Learning iteration 119/4999 ##########################
                       Computation: 20633 steps/s
                   Collection time: 8.629 s
                     Learning time: 0.676 s
               Value function loss: 0.0081
                    Surrogate loss: -0.0121
             Mean action noise std: 0.8041
                       Mean reward: 14.14
               Mean episode length: 1350.31
--------------------------------------------------------------------------------
                   Total timesteps: 23040000
                    Iteration time: 9.31 s
                        Total time: 1052.82 s
                               ETA: 12:36:49
################################################################################
[cuda-debug] tensors stage=clipped_actions step=5800 actions[min=-5.4146,max=5.587,abs=5.587] memory_mib[allocated=944.3,reserved=2982.0]
[cuda-debug] tensors stage=before_simulate step=5800 substep=0 actions[min=-5.4146,max=5.587,abs=5.587] torques[min=-116.9,max=114.62,abs=116.9] joint_pos_target[min=-2.9671,max=2.46,abs=2.9671] forces[min=-70,max=70,abs=70] root_states[min=-3.8016,max=71.572,abs=71.572] dof_pos[min=-6.2817,max=6.2828,abs=6.2828] dof_vel[min=-50.037,max=58.882,abs=58.882] memory_mib[allocated=944.6,reserved=2982.0]
[cuda-debug] stage=dof_diagnostics step=5800 substep=0 hard_limit_violation=[env=3583,item=RAR_ABAD_JOINT,value=0.00047952;env=3026,item=ROBOT_ARM_JOINT3,value=0.00020695;env=1023,item=ROBOT_ARM_JOINT3,value=0.00020504;env=998,item=ROBOT_ARM_JOINT3,value=0.00019979;env=3650,item=ROBOT_ARM_JOINT3,value=0.00019288] target_clamp=[env=201,item=ROBOT_ARM_JOINT4,value=2.5454;env=2277,item=ROBOT_ARM_JOINT1,value=2.3859;env=336,item=ROBOT_ARM_JOINT6,value=2.344;env=3859,item=ROBOT_ARM_JOINT1,value=2.3255;env=613,item=ROBOT_ARM_JOINT6,value=2.3147] velocity_excess=[env=949,item=ROBOT_ARM_JOINT6,value=0.033133;env=1223,item=ROBOT_ARM_JOINT4,value=0.019196;env=3958,item=ROBOT_ARM_JOINT4,value=0.017246]
[cuda-debug] reached stage=before_simulate step=5800 substep=0
[cuda-debug] reached stage=after_fetch_results step=5800 substep=0
[cuda-debug] reached stage=after_refresh_tensors step=5800 substep=0
[cuda-debug] tensors stage=after_refresh_tensors step=5800 substep=0 root_states[min=-3.6685,max=71.573,abs=71.573] dof_pos[min=-6.2821,max=6.2822,abs=6.2822] dof_vel[min=-54.007,max=60.162,abs=60.162] rigid_body_state[min=-52.896,max=72.103,abs=72.103] contact_forces[min=-7017.5,max=9837.1,abs=9837.1] memory_mib[allocated=944.8,reserved=2982.0]
[cuda-debug] stage=contact_diagnostics step=5800 substep=0 top_contacts=[env=2589,item=FAR_FOOT_LINK,value=11467;env=3396,item=RAR_FOOT_LINK,value=8291.6;env=47,item=RBL_FOOT_LINK,value=7993.7;env=3319,item=RAR_FOOT_LINK,value=7622.5;env=473,item=FBL_FOOT_LINK,value=7585.9]
[cuda-debug] reached stage=before_post_physics_step step=5800
[cuda-debug] reached stage=after_post_physics_step step=5800
[cuda-debug] tensors stage=step_outputs step=5800 observations[min=-5.4146,max=5.587,abs=5.587] privileged_observations[min=-98.146,max=98.832,abs=98.832] rewards[min=0,max=0.036165,abs=0.036165] memory_mib[allocated=946.5,reserved=2982.0]

######################### Learning iteration 120/4999 ##########################
                       Computation: 21486 steps/s
                   Collection time: 8.258 s
                     Learning time: 0.678 s
               Value function loss: 0.0049
                    Surrogate loss: -0.0069
             Mean action noise std: 0.8035
                       Mean reward: 16.71
               Mean episode length: 1552.55
--------------------------------------------------------------------------------
                   Total timesteps: 23232000
                    Iteration time: 8.94 s
                        Total time: 1061.76 s
                               ETA: 12:06:38
################################################################################

######################### Learning iteration 121/4999 ##########################
                       Computation: 21710 steps/s
                   Collection time: 8.162 s
                     Learning time: 0.682 s
               Value function loss: 0.0047
                    Surrogate loss: -0.0129
             Mean action noise std: 0.8021
                       Mean reward: 16.76
               Mean episode length: 1435.25
--------------------------------------------------------------------------------
                   Total timesteps: 23424000
                    Iteration time: 8.84 s
                        Total time: 1070.60 s
                               ETA: 11:58:59
################################################################################
[cuda-debug] tensors stage=clipped_actions step=5900 actions[min=-6.5097,max=6.0292,abs=6.5097] memory_mib[allocated=944.4,reserved=2982.0]
[cuda-debug] tensors stage=before_simulate step=5900 substep=0 actions[min=-6.5097,max=6.0292,abs=6.5097] torques[min=-119.06,max=118.59,abs=119.06] joint_pos_target[min=-2.9671,max=2.3331,abs=2.9671] forces[min=-70,max=70,abs=70] root_states[min=-4.5575,max=71.815,abs=71.815] dof_pos[min=-6.2828,max=6.2826,abs=6.2828] dof_vel[min=-43.283,max=42.139,abs=43.283] memory_mib[allocated=944.7,reserved=2982.0]
[cuda-debug] stage=dof_diagnostics step=5900 substep=0 hard_limit_violation=[env=3026,item=FBL_ABAD_JOINT,value=0.0002991;env=3461,item=FBL_ABAD_JOINT,value=0.00026286;env=66,item=FAR_ABAD_JOINT,value=0.00020355;env=3026,item=ROBOT_ARM_JOINT3,value=0.00020242;env=1096,item=FAR_ABAD_JOINT,value=0.00020045] target_clamp=[env=1129,item=ROBOT_ARM_JOINT6,value=2.8938;env=2665,item=ROBOT_ARM_JOINT1,value=2.8179;env=3259,item=ROBOT_ARM_JOINT4,value=2.7009;env=2656,item=ROBOT_ARM_JOINT6,value=2.6212;env=3572,item=ROBOT_ARM_JOINT6,value=2.5689] velocity_excess=[env=2992,item=ROBOT_ARM_JOINT3,value=0.084589;env=1477,item=ROBOT_ARM_JOINT4,value=0.046431;env=3249,item=ROBOT_ARM_JOINT4,value=0.031029;env=1465,item=ROBOT_ARM_JOINT4,value=0.024392;env=3251,item=ROBOT_ARM_JOINT3,value=0.015786]
[cuda-debug] reached stage=before_simulate step=5900 substep=0
[cuda-debug] reached stage=after_fetch_results step=5900 substep=0
[cuda-debug] reached stage=after_refresh_tensors step=5900 substep=0
[cuda-debug] tensors stage=after_refresh_tensors step=5900 substep=0 root_states[min=-3.9031,max=71.816,abs=71.816] dof_pos[min=-6.2832,max=6.2829,abs=6.2832] dof_vel[min=-41.261,max=41.821,abs=41.821] rigid_body_state[min=-34.024,max=72.331,abs=72.331] contact_forces[min=-9023.6,max=14542,abs=14542] memory_mib[allocated=944.9,reserved=2982.0]
[cuda-debug] stage=contact_diagnostics step=5900 substep=0 top_contacts=[env=2113,item=RBL_FOOT_LINK,value=14560;env=2744,item=FAR_FOOT_LINK,value=11842;env=2734,item=FAR_FOOT_LINK,value=11061;env=3163,item=RBL_FOOT_LINK,value=10463;env=459,item=FAR_FOOT_LINK,value=9203.6]
[cuda-debug] reached stage=before_post_physics_step step=5900
[cuda-debug] reached stage=after_post_physics_step step=5900
[cuda-debug] tensors stage=step_outputs step=5900 observations[min=-6.5097,max=6.0292,abs=6.5097] privileged_observations[min=-97.567,max=98.995,abs=98.995] rewards[min=0,max=0.036049,abs=0.036049] memory_mib[allocated=946.6,reserved=2982.0]

######################### Learning iteration 122/4999 ##########################
                       Computation: 20752 steps/s
                   Collection time: 8.575 s
                     Learning time: 0.676 s
               Value function loss: 0.0047
                    Surrogate loss: -0.0138
             Mean action noise std: 0.8016
                       Mean reward: 16.80
               Mean episode length: 1506.20
--------------------------------------------------------------------------------
                   Total timesteps: 23616000
                    Iteration time: 9.25 s
                        Total time: 1079.85 s
                               ETA: 12:32:01
################################################################################

######################### Learning iteration 123/4999 ##########################
                       Computation: 20943 steps/s
                   Collection time: 8.511 s
                     Learning time: 0.656 s
               Value function loss: 0.0043
                    Surrogate loss: -0.0120
             Mean action noise std: 0.8007
                       Mean reward: 17.71
               Mean episode length: 1373.02
--------------------------------------------------------------------------------
                   Total timesteps: 23808000
                    Iteration time: 9.17 s
                        Total time: 1089.02 s
                               ETA: 12:25:00
################################################################################
[cuda-debug] tensors stage=clipped_actions step=6000 actions[min=-5.6199,max=5.3542,abs=5.6199] memory_mib[allocated=944.4,reserved=2982.0]
[cuda-debug] tensors stage=before_simulate step=6000 substep=0 actions[min=-5.6199,max=5.3542,abs=5.6199] torques[min=-117.92,max=132.08,abs=132.08] joint_pos_target[min=-2.9671,max=2.3865,abs=2.9671] forces[min=-70,max=70,abs=70] root_states[min=-4.392,max=71.905,abs=71.905] dof_pos[min=-6.2827,max=6.2816,abs=6.2827] dof_vel[min=-40.512,max=43.649,abs=43.649] memory_mib[allocated=944.8,reserved=2982.0]
[cuda-debug] stage=dof_diagnostics step=6000 substep=0 hard_limit_violation=[env=737,item=FBL_ABAD_JOINT,value=0.0048934;env=737,item=RAR_ABAD_JOINT,value=0.0019225;env=998,item=ROBOT_ARM_JOINT2,value=0.00030463;env=1023,item=ROBOT_ARM_JOINT2,value=0.00029857;env=1023,item=ROBOT_ARM_JOINT3,value=0.00026298] target_clamp=[env=2179,item=ROBOT_ARM_JOINT2,value=2.9163;env=2911,item=ROBOT_ARM_JOINT6,value=2.8816;env=992,item=ROBOT_ARM_JOINT3,value=2.735;env=992,item=ROBOT_ARM_JOINT2,value=2.6143;env=510,item=ROBOT_ARM_JOINT2,value=2.6048] velocity_excess=[env=2522,item=ROBOT_ARM_JOINT1,value=0.098624;env=1216,item=ROBOT_ARM_JOINT4,value=0.06931;env=2724,item=ROBOT_ARM_JOINT4,value=0.044569;env=3551,item=ROBOT_ARM_JOINT5,value=0.031163;env=2538,item=ROBOT_ARM_JOINT4,value=0.025843]
[cuda-debug] reached stage=before_simulate step=6000 substep=0
[cuda-debug] reached stage=after_fetch_results step=6000 substep=0
[cuda-debug] reached stage=after_refresh_tensors step=6000 substep=0
[cuda-debug] tensors stage=after_refresh_tensors step=6000 substep=0 root_states[min=-4.5321,max=71.905,abs=71.905] dof_pos[min=-6.2828,max=6.2831,abs=6.2831] dof_vel[min=-36.931,max=43.322,abs=43.322] rigid_body_state[min=-37.591,max=72.444,abs=72.444] contact_forces[min=-11493,max=8909.1,abs=11493] memory_mib[allocated=945.0,reserved=2982.0]
[cuda-debug] stage=contact_diagnostics step=6000 substep=0 top_contacts=[env=3737,item=FBL_FOOT_LINK,value=14175;env=1362,item=RAR_FOOT_LINK,value=10744;env=1599,item=RBL_FOOT_LINK,value=10719;env=3255,item=FBL_FOOT_LINK,value=10544;env=718,item=FAR_FOOT_LINK,value=10520]
[cuda-debug] reached stage=before_post_physics_step step=6000
[cuda-debug] reached stage=after_post_physics_step step=6000
[cuda-debug] tensors stage=step_outputs step=6000 observations[min=-5.6199,max=5.3542,abs=5.6199] privileged_observations[min=-98.954,max=91.269,abs=98.954] rewards[min=0,max=0.03918,abs=0.03918] memory_mib[allocated=946.6,reserved=2982.0]

######################### Learning iteration 124/4999 ##########################
                       Computation: 22453 steps/s
                   Collection time: 7.881 s
                     Learning time: 0.670 s
               Value function loss: 0.0047
                    Surrogate loss: -0.0107
             Mean action noise std: 0.8007
                       Mean reward: 17.20
               Mean episode length: 1472.22
--------------------------------------------------------------------------------
                   Total timesteps: 24000000
                    Iteration time: 8.55 s
                        Total time: 1097.57 s
                               ETA: 11:34:46
################################################################################

######################### Learning iteration 125/4999 ##########################
                       Computation: 23535 steps/s
                   Collection time: 7.505 s
                     Learning time: 0.653 s
               Value function loss: 0.0047
                    Surrogate loss: -0.0094
             Mean action noise std: 0.8001
                       Mean reward: 20.10
               Mean episode length: 1672.85
--------------------------------------------------------------------------------
                   Total timesteps: 24192000
                    Iteration time: 8.16 s
                        Total time: 1105.73 s
                               ETA: 11:02:41
################################################################################

######################### Learning iteration 126/4999 ##########################
                       Computation: 24548 steps/s
                   Collection time: 7.169 s
                     Learning time: 0.653 s
               Value function loss: 0.0044
                    Surrogate loss: -0.0133
             Mean action noise std: 0.7990
                       Mean reward: 16.79
               Mean episode length: 1523.29
--------------------------------------------------------------------------------
                   Total timesteps: 24384000
                    Iteration time: 7.82 s
                        Total time: 1113.55 s
                               ETA: 10:35:12
################################################################################
[cuda-debug] tensors stage=clipped_actions step=6100 actions[min=-5.7799,max=5.4836,abs=5.7799] memory_mib[allocated=943.4,reserved=2982.0]
[cuda-debug] tensors stage=before_simulate step=6100 substep=0 actions[min=-5.7799,max=5.4836,abs=5.7799] torques[min=-120.78,max=115.32,abs=120.78] joint_pos_target[min=-2.9671,max=2.4216,abs=2.9671] forces[min=-70,max=70,abs=70] root_states[min=-5.8613,max=72.122,abs=72.122] dof_pos[min=-6.2822,max=6.2818,abs=6.2822] dof_vel[min=-42.604,max=45.147,abs=45.147] memory_mib[allocated=943.7,reserved=2982.0]
[cuda-debug] stage=dof_diagnostics step=6100 substep=0 hard_limit_violation=[env=1066,item=RAR_ABAD_JOINT,value=0.00029087;env=3873,item=FAR_ABAD_JOINT,value=0.00024658;env=2807,item=ROBOT_ARM_JOINT2,value=0.00022406;env=1023,item=ROBOT_ARM_JOINT3,value=0.00019693;env=2781,item=ROBOT_ARM_JOINT3,value=0.00019503] target_clamp=[env=1759,item=ROBOT_ARM_JOINT5,value=2.5855;env=116,item=ROBOT_ARM_JOINT5,value=2.5371;env=259,item=ROBOT_ARM_JOINT6,value=2.4757;env=2094,item=ROBOT_ARM_JOINT6,value=2.4646;env=3290,item=ROBOT_ARM_JOINT6,value=2.2914] velocity_excess=[env=3117,item=ROBOT_ARM_JOINT4,value=0.035588;env=796,item=ROBOT_ARM_JOINT4,value=0.030085;env=1523,item=ROBOT_ARM_JOINT4,value=0.00041676]
[cuda-debug] reached stage=before_simulate step=6100 substep=0
[cuda-debug] reached stage=after_fetch_results step=6100 substep=0
[cuda-debug] reached stage=after_refresh_tensors step=6100 substep=0
[cuda-debug] tensors stage=after_refresh_tensors step=6100 substep=0 root_states[min=-6.124,max=72.123,abs=72.123] dof_pos[min=-6.283,max=6.283,abs=6.283] dof_vel[min=-42.047,max=42.67,abs=42.67] rigid_body_state[min=-37.096,max=72.638,abs=72.638] contact_forces[min=-14605,max=14967,abs=14967] memory_mib[allocated=943.9,reserved=2982.0]
[cuda-debug] stage=contact_diagnostics step=6100 substep=0 top_contacts=[env=1930,item=RBL_FOOT_LINK,value=16384;env=3255,item=FBL_FOOT_LINK,value=15466;env=2589,item=FAR_FOOT_LINK,value=11148;env=3159,item=RBL_FOOT_LINK,value=10080;env=1362,item=RAR_FOOT_LINK,value=9990.3]
[cuda-debug] reached stage=before_post_physics_step step=6100
[cuda-debug] reached stage=after_post_physics_step step=6100
[cuda-debug] tensors stage=step_outputs step=6100 observations[min=-5.7799,max=5.4836,abs=5.7799] privileged_observations[min=-97.248,max=95.711,abs=97.248] rewards[min=0,max=0.037492,abs=0.037492] memory_mib[allocated=945.6,reserved=2982.0]

######################### Learning iteration 127/4999 ##########################
                       Computation: 22464 steps/s
                   Collection time: 7.892 s
                     Learning time: 0.655 s
               Value function loss: 0.0064
                    Surrogate loss: -0.0120
             Mean action noise std: 0.7986
                       Mean reward: 19.82
               Mean episode length: 1705.36
--------------------------------------------------------------------------------
                   Total timesteps: 24576000
                    Iteration time: 8.55 s
                        Total time: 1122.10 s
                               ETA: 11:34:00
################################################################################

######################### Learning iteration 128/4999 ##########################
                       Computation: 22217 steps/s
                   Collection time: 7.951 s
                     Learning time: 0.691 s
               Value function loss: 0.0049
                    Surrogate loss: -0.0118
             Mean action noise std: 0.7983
                       Mean reward: 17.54
               Mean episode length: 1492.06
--------------------------------------------------------------------------------
                   Total timesteps: 24768000
                    Iteration time: 8.64 s
                        Total time: 1130.74 s
                               ETA: 11:41:34
################################################################################
[cuda-debug] tensors stage=clipped_actions step=6200 actions[min=-6.1652,max=5.8249,abs=6.1652] memory_mib[allocated=943.5,reserved=2982.0]
[cuda-debug] tensors stage=before_simulate step=6200 substep=0 actions[min=-6.1652,max=5.8249,abs=6.1652] torques[min=-131.94,max=120.49,abs=131.94] joint_pos_target[min=-2.9671,max=2.3519,abs=2.9671] forces[min=-70,max=70,abs=70] root_states[min=-4.288,max=72.73,abs=72.73] dof_pos[min=-6.2821,max=6.2831,abs=6.2831] dof_vel[min=-45.264,max=46.325,abs=46.325] memory_mib[allocated=943.8,reserved=2982.0]
[cuda-debug] stage=dof_diagnostics step=6200 substep=0 hard_limit_violation=[env=1071,item=RAR_ABAD_JOINT,value=0.0020911;env=1071,item=FAR_ABAD_JOINT,value=0.0011962;env=67,item=RAR_ABAD_JOINT,value=0.00053567;env=1196,item=ROBOT_ARM_JOINT2,value=0.00029606;env=2697,item=RAR_ABAD_JOINT,value=0.0002352] target_clamp=[env=2936,item=ROBOT_ARM_JOINT3,value=2.8367;env=2219,item=ROBOT_ARM_JOINT6,value=2.6909;env=2752,item=ROBOT_ARM_JOINT3,value=2.5343;env=2227,item=ROBOT_ARM_JOINT6,value=2.5329;env=633,item=ROBOT_ARM_JOINT4,value=2.4471] velocity_excess=[env=3083,item=ROBOT_ARM_JOINT1,value=0.0078011;env=1639,item=ROBOT_ARM_JOINT4,value=0.0011082]
[cuda-debug] reached stage=before_simulate step=6200 substep=0
[cuda-debug] reached stage=after_fetch_results step=6200 substep=0
[cuda-debug] reached stage=after_refresh_tensors step=6200 substep=0
[cuda-debug] tensors stage=after_refresh_tensors step=6200 substep=0 root_states[min=-4.6135,max=72.731,abs=72.731] dof_pos[min=-6.282,max=6.2826,abs=6.2826] dof_vel[min=-43.719,max=47.345,abs=47.345] rigid_body_state[min=-39.635,max=73.271,abs=73.271] contact_forces[min=-13879,max=14502,abs=14502] memory_mib[allocated=944.0,reserved=2982.0]
[cuda-debug] stage=contact_diagnostics step=6200 substep=0 top_contacts=[env=3159,item=RBL_FOOT_LINK,value=21137;env=1007,item=RAR_FOOT_LINK,value=13210;env=77,item=RBL_FOOT_LINK,value=11964;env=2589,item=FAR_FOOT_LINK,value=11203;env=2694,item=RBL_FOOT_LINK,value=8381.8]
[cuda-debug] reached stage=before_post_physics_step step=6200
[cuda-debug] reached stage=after_post_physics_step step=6200
[cuda-debug] tensors stage=step_outputs step=6200 observations[min=-6.1652,max=5.8249,abs=6.1652] privileged_observations[min=-98.979,max=86.548,abs=98.979] rewards[min=0,max=0.035932,abs=0.035932] memory_mib[allocated=945.7,reserved=2982.0]

######################### Learning iteration 129/4999 ##########################
                       Computation: 21377 steps/s
                   Collection time: 8.328 s
                     Learning time: 0.654 s
               Value function loss: 0.0047
                    Surrogate loss: -0.0126
             Mean action noise std: 0.7981
                       Mean reward: 20.41
               Mean episode length: 1559.91
--------------------------------------------------------------------------------
                   Total timesteps: 24960000
                    Iteration time: 8.98 s
                        Total time: 1139.72 s
                               ETA: 12:08:59
################################################################################

######################### Learning iteration 130/4999 ##########################
                       Computation: 21968 steps/s
                   Collection time: 8.070 s
                     Learning time: 0.669 s
               Value function loss: 0.0045
                    Surrogate loss: -0.0124
             Mean action noise std: 0.7977
                       Mean reward: 19.74
               Mean episode length: 1591.35
--------------------------------------------------------------------------------
                   Total timesteps: 25152000
                    Iteration time: 8.74 s
                        Total time: 1148.46 s
                               ETA: 11:49:13
################################################################################
[cuda-debug] tensors stage=clipped_actions step=6300 actions[min=-5.5426,max=6.2026,abs=6.2026] memory_mib[allocated=943.6,reserved=2982.0]
[cuda-debug] tensors stage=before_simulate step=6300 substep=0 actions[min=-5.5426,max=6.2026,abs=6.2026] torques[min=-112.89,max=129.18,abs=129.18] joint_pos_target[min=-2.9671,max=2.2177,abs=2.9671] forces[min=-70,max=70,abs=70] root_states[min=-4.2448,max=73.185,abs=73.185] dof_pos[min=-6.2828,max=6.2826,abs=6.2828] dof_vel[min=-55.563,max=55.341,abs=55.563] memory_mib[allocated=943.9,reserved=2982.0]
[cuda-debug] stage=dof_diagnostics step=6300 substep=0 hard_limit_violation=[env=573,item=RBL_ABAD_JOINT,value=0.0010455;env=3170,item=FAR_ABAD_JOINT,value=0.00078529;env=3566,item=FAR_ABAD_JOINT,value=0.00031543;env=1196,item=ROBOT_ARM_JOINT3,value=0.00028324;env=1294,item=ROBOT_ARM_JOINT2,value=0.00025297] target_clamp=[env=320,item=ROBOT_ARM_JOINT5,value=2.778;env=1328,item=ROBOT_ARM_JOINT6,value=2.5844;env=2661,item=ROBOT_ARM_JOINT5,value=2.5194;env=2962,item=ROBOT_ARM_JOINT3,value=2.5175;env=2730,item=ROBOT_ARM_JOINT4,value=2.4483] velocity_excess=[env=3817,item=ROBOT_ARM_JOINT4,value=0.21607;env=1510,item=ROBOT_ARM_JOINT5,value=0.054852;env=3219,item=ROBOT_ARM_JOINT4,value=0.023774;env=3147,item=ROBOT_ARM_JOINT4,value=0.00243]
[cuda-debug] reached stage=before_simulate step=6300 substep=0
[cuda-debug] reached stage=after_fetch_results step=6300 substep=0
[cuda-debug] reached stage=after_refresh_tensors step=6300 substep=0
[cuda-debug] tensors stage=after_refresh_tensors step=6300 substep=0 root_states[min=-4.0074,max=73.186,abs=73.186] dof_pos[min=-6.2823,max=6.2811,abs=6.2823] dof_vel[min=-41.014,max=53.302,abs=53.302] rigid_body_state[min=-41.667,max=73.745,abs=73.745] contact_forces[min=-14981,max=9927.7,abs=14981] memory_mib[allocated=944.1,reserved=2982.0]
[cuda-debug] stage=contact_diagnostics step=6300 substep=0 top_contacts=[env=3255,item=FBL_FOOT_LINK,value=15710;env=3737,item=FBL_FOOT_LINK,value=15122;env=1447,item=FAR_FOOT_LINK,value=12711;env=2589,item=FAR_FOOT_LINK,value=10951;env=966,item=FBL_FOOT_LINK,value=10786]
[cuda-debug] reached stage=before_post_physics_step step=6300
[cuda-debug] reached stage=after_post_physics_step step=6300
[cuda-debug] tensors stage=step_outputs step=6300 observations[min=-5.5426,max=6.2026,abs=6.2026] privileged_observations[min=-97.868,max=92.685,abs=97.868] rewards[min=0,max=0.035736,abs=0.035736] memory_mib[allocated=945.8,reserved=2982.0]

######################### Learning iteration 131/4999 ##########################
                       Computation: 21608 steps/s
                   Collection time: 8.217 s
                     Learning time: 0.668 s
               Value function loss: 0.0048
                    Surrogate loss: -0.0101
             Mean action noise std: 0.7970
                       Mean reward: 19.73
               Mean episode length: 1526.12
--------------------------------------------------------------------------------
                   Total timesteps: 25344000
                    Iteration time: 8.89 s
                        Total time: 1157.34 s
                               ETA: 12:00:53
################################################################################

######################### Learning iteration 132/4999 ##########################
                       Computation: 21463 steps/s
                   Collection time: 8.264 s
                     Learning time: 0.682 s
               Value function loss: 0.0051
                    Surrogate loss: -0.0118
             Mean action noise std: 0.7962
                       Mean reward: 17.13
               Mean episode length: 1516.14
--------------------------------------------------------------------------------
                   Total timesteps: 25536000
                    Iteration time: 8.95 s
                        Total time: 1166.29 s
                               ETA: 12:05:38
################################################################################
[cuda-debug] tensors stage=clipped_actions step=6400 actions[min=-5.4702,max=5.5619,abs=5.5619] memory_mib[allocated=943.7,reserved=2982.0]
[cuda-debug] tensors stage=before_simulate step=6400 substep=0 actions[min=-5.4702,max=5.5619,abs=5.5619] torques[min=-134.25,max=115.15,abs=134.25] joint_pos_target[min=-2.9671,max=2.2864,abs=2.9671] forces[min=-70,max=70,abs=70] root_states[min=-6.1964,max=72.167,abs=72.167] dof_pos[min=-6.2827,max=6.2825,abs=6.2827] dof_vel[min=-39.87,max=53.686,abs=53.686] memory_mib[allocated=944.0,reserved=2982.0]
[cuda-debug] stage=dof_diagnostics step=6400 substep=0 hard_limit_violation=[env=3915,item=FAR_ABAD_JOINT,value=0.00077283;env=1405,item=ROBOT_ARM_JOINT3,value=0.00020552;env=230,item=RAR_ABAD_JOINT,value=0.00019312;env=2781,item=ROBOT_ARM_JOINT3,value=0.00018644;env=1850,item=ROBOT_ARM_JOINT3,value=0.00017738] target_clamp=[env=2531,item=ROBOT_ARM_JOINT1,value=2.7494;env=2610,item=ROBOT_ARM_JOINT5,value=2.6835;env=619,item=ROBOT_ARM_JOINT6,value=2.6494;env=3650,item=ROBOT_ARM_JOINT6,value=2.6421;env=2514,item=ROBOT_ARM_JOINT6,value=2.5846] velocity_excess=[env=3915,item=ROBOT_ARM_JOINT6,value=0.098393;env=2816,item=ROBOT_ARM_JOINT3,value=0.02645;env=3538,item=ROBOT_ARM_JOINT4,value=0.013647;env=3548,item=ROBOT_ARM_JOINT4,value=0.0070734;env=3051,item=ROBOT_ARM_JOINT4,value=0.0051832]
[cuda-debug] reached stage=before_simulate step=6400 substep=0
[cuda-debug] reached stage=after_fetch_results step=6400 substep=0
[cuda-debug] reached stage=after_refresh_tensors step=6400 substep=0
[cuda-debug] tensors stage=after_refresh_tensors step=6400 substep=0 root_states[min=-5.1926,max=72.167,abs=72.167] dof_pos[min=-6.2822,max=6.2819,abs=6.2822] dof_vel[min=-37.408,max=53.315,abs=53.315] rigid_body_state[min=-38.311,max=72.606,abs=72.606] contact_forces[min=-9675.9,max=9040.3,abs=9675.9] memory_mib[allocated=944.2,reserved=2982.0]
[cuda-debug] stage=contact_diagnostics step=6400 substep=0 top_contacts=[env=737,item=RAR_FOOT_LINK,value=13365;env=2589,item=FAR_FOOT_LINK,value=11149;env=3159,item=RBL_FOOT_LINK,value=10900;env=1004,item=FBL_FOOT_LINK,value=9018.1;env=473,item=FBL_FOOT_LINK,value=8674.5]
[cuda-debug] reached stage=before_post_physics_step step=6400
[cuda-debug] reached stage=after_post_physics_step step=6400
[cuda-debug] tensors stage=step_outputs step=6400 observations[min=-5.4702,max=5.5619,abs=5.5619] privileged_observations[min=-95.131,max=94.014,abs=95.131] rewards[min=0,max=0.037652,abs=0.037652] memory_mib[allocated=945.9,reserved=2982.0]

######################### Learning iteration 133/4999 ##########################
                       Computation: 20480 steps/s
                   Collection time: 8.700 s
                     Learning time: 0.675 s
               Value function loss: 0.0070
                    Surrogate loss: -0.0137
             Mean action noise std: 0.7956
                       Mean reward: 18.60
               Mean episode length: 1441.17
--------------------------------------------------------------------------------
                   Total timesteps: 25728000
                    Iteration time: 9.37 s
                        Total time: 1175.66 s
                               ETA: 12:40:18
################################################################################

######################### Learning iteration 134/4999 ##########################
                       Computation: 21680 steps/s
                   Collection time: 8.160 s
                     Learning time: 0.696 s
               Value function loss: 0.0050
                    Surrogate loss: -0.0119
             Mean action noise std: 0.7955
                       Mean reward: 18.97
               Mean episode length: 1527.05
--------------------------------------------------------------------------------
                   Total timesteps: 25920000
                    Iteration time: 8.86 s
                        Total time: 1184.52 s
                               ETA: 11:58:03
################################################################################
[cuda-debug] tensors stage=clipped_actions step=6500 actions[min=-6.5658,max=7.0202,abs=7.0202] memory_mib[allocated=943.7,reserved=2982.0]
[cuda-debug] tensors stage=before_simulate step=6500 substep=0 actions[min=-6.5658,max=7.0202,abs=7.0202] torques[min=-123.8,max=118.23,abs=123.8] joint_pos_target[min=-2.9671,max=2.2202,abs=2.9671] forces[min=-70,max=70,abs=70] root_states[min=-5.3208,max=72.212,abs=72.212] dof_pos[min=-6.2832,max=6.2806,abs=6.2832] dof_vel[min=-63.708,max=52.154,abs=63.708] memory_mib[allocated=944.1,reserved=2982.0]
[cuda-debug] stage=dof_diagnostics step=6500 substep=0 hard_limit_violation=[env=3714,item=ROBOT_ARM_JOINT3,value=0.00021124;env=592,item=ROBOT_ARM_JOINT3,value=0.00020671;env=1496,item=ROBOT_ARM_JOINT3,value=0.00017428;env=1023,item=ROBOT_ARM_JOINT3,value=0.00016522;env=1694,item=ROBOT_ARM_JOINT3,value=0.00015688] target_clamp=[env=3943,item=ROBOT_ARM_JOINT3,value=2.8267;env=3991,item=ROBOT_ARM_JOINT5,value=2.7486;env=2842,item=ROBOT_ARM_JOINT4,value=2.55;env=3195,item=ROBOT_ARM_JOINT3,value=2.5086;env=2224,item=ROBOT_ARM_JOINT6,value=2.4872] velocity_excess=[env=3694,item=ROBOT_ARM_JOINT5,value=0.035822;env=3433,item=ROBOT_ARM_JOINT4,value=0.032728;env=1618,item=ROBOT_ARM_JOINT5,value=0.028966;env=1239,item=ROBOT_ARM_JOINT5,value=0.016177;env=2549,item=ROBOT_ARM_JOINT4,value=0.0082684]
[cuda-debug] reached stage=before_simulate step=6500 substep=0
[cuda-debug] reached stage=after_fetch_results step=6500 substep=0
[cuda-debug] reached stage=after_refresh_tensors step=6500 substep=0
[cuda-debug] tensors stage=after_refresh_tensors step=6500 substep=0 root_states[min=-5.3402,max=72.213,abs=72.213] dof_pos[min=-6.2818,max=6.2822,abs=6.2822] dof_vel[min=-55.858,max=48.923,abs=55.858] rigid_body_state[min=-50.317,max=72.762,abs=72.762] contact_forces[min=-8368.6,max=10356,abs=10356] memory_mib[allocated=944.3,reserved=2982.0]
[cuda-debug] stage=contact_diagnostics step=6500 substep=0 top_contacts=[env=737,item=RAR_FOOT_LINK,value=10546;env=1661,item=RBL_FOOT_LINK,value=10371;env=3737,item=FBL_FOOT_LINK,value=9581.3;env=3486,item=RBL_FOOT_LINK,value=8010.7;env=473,item=FBL_FOOT_LINK,value=7911.7]
[cuda-debug] reached stage=before_post_physics_step step=6500
[cuda-debug] reached stage=after_post_physics_step step=6500
[cuda-debug] tensors stage=step_outputs step=6500 observations[min=-6.5658,max=7.0202,abs=7.0202] privileged_observations[min=-97.851,max=92.521,abs=97.851] rewards[min=0,max=0.036381,abs=0.036381] memory_mib[allocated=946.0,reserved=2982.0]

######################### Learning iteration 135/4999 ##########################
                       Computation: 21072 steps/s
                   Collection time: 8.457 s
                     Learning time: 0.655 s
               Value function loss: 0.0049
                    Surrogate loss: -0.0126
             Mean action noise std: 0.7949
                       Mean reward: 21.09
               Mean episode length: 1507.17
--------------------------------------------------------------------------------
                   Total timesteps: 26112000
                    Iteration time: 9.11 s
                        Total time: 1193.63 s
                               ETA: 12:18:38
################################################################################

######################### Learning iteration 136/4999 ##########################
                       Computation: 23604 steps/s
                   Collection time: 7.491 s
                     Learning time: 0.643 s
               Value function loss: 0.0049
                    Surrogate loss: -0.0123
             Mean action noise std: 0.7949
                       Mean reward: 20.60
               Mean episode length: 1497.81
--------------------------------------------------------------------------------
                   Total timesteps: 26304000
                    Iteration time: 8.13 s
                        Total time: 1201.77 s
                               ETA: 10:59:15
################################################################################
[cuda-debug] tensors stage=clipped_actions step=6600 actions[min=-6.5855,max=5.4877,abs=6.5855] memory_mib[allocated=943.9,reserved=2982.0]
[cuda-debug] tensors stage=before_simulate step=6600 substep=0 actions[min=-6.5855,max=5.4877,abs=6.5855] torques[min=-124.99,max=118.99,abs=124.99] joint_pos_target[min=-2.9671,max=2.5422,abs=2.9671] forces[min=-70,max=70,abs=70] root_states[min=-7.347,max=72.224,abs=72.224] dof_pos[min=-6.2822,max=6.2823,abs=6.2823] dof_vel[min=-52.689,max=44.788,abs=52.689] memory_mib[allocated=944.2,reserved=2982.0]
[cuda-debug] stage=dof_diagnostics step=6600 substep=0 hard_limit_violation=[env=3881,item=RAR_ABAD_JOINT,value=0.0013413;env=1617,item=ROBOT_ARM_JOINT2,value=0.00032432;env=1694,item=ROBOT_ARM_JOINT3,value=0.00018525;env=947,item=FAR_ABAD_JOINT,value=0.00017983;env=2603,item=ROBOT_ARM_JOINT3,value=0.00016403] target_clamp=[env=1454,item=ROBOT_ARM_JOINT2,value=3.0577;env=235,item=ROBOT_ARM_JOINT4,value=2.7355;env=1498,item=ROBOT_ARM_JOINT4,value=2.5786;env=612,item=ROBOT_ARM_JOINT2,value=2.5487;env=3604,item=ROBOT_ARM_JOINT3,value=2.5446] velocity_excess=[env=1085,item=ROBOT_ARM_JOINT4,value=0.064167;env=2248,item=ROBOT_ARM_JOINT5,value=0.053572;env=1501,item=ROBOT_ARM_JOINT5,value=0.027755]
[cuda-debug] reached stage=before_simulate step=6600 substep=0
[cuda-debug] reached stage=after_fetch_results step=6600 substep=0
[cuda-debug] reached stage=after_refresh_tensors step=6600 substep=0
[cuda-debug] tensors stage=after_refresh_tensors step=6600 substep=0 root_states[min=-7.6189,max=72.224,abs=72.224] dof_pos[min=-6.2817,max=6.2812,abs=6.2817] dof_vel[min=-49.913,max=42.902,abs=49.913] rigid_body_state[min=-53.447,max=72.681,abs=72.681] contact_forces[min=-15004,max=8489.4,abs=15004] memory_mib[allocated=944.4,reserved=2982.0]
[cuda-debug] stage=contact_diagnostics step=6600 substep=0 top_contacts=[env=3255,item=FBL_FOOT_LINK,value=15602;env=3737,item=FBL_FOOT_LINK,value=14105;env=3908,item=RAR_FOOT_LINK,value=9150.4;env=1502,item=RAR_FOOT_LINK,value=9045.8;env=303,item=RBL_FOOT_LINK,value=8973.7]
[cuda-debug] reached stage=before_post_physics_step step=6600
[cuda-debug] reached stage=after_post_physics_step step=6600
[cuda-debug] tensors stage=step_outputs step=6600 observations[min=-6.5855,max=5.4877,abs=6.5855] privileged_observations[min=-98.791,max=95.683,abs=98.791] rewards[min=0,max=0.035284,abs=0.035284] memory_mib[allocated=946.1,reserved=2982.0]

######################### Learning iteration 137/4999 ##########################
                       Computation: 22810 steps/s
                   Collection time: 7.777 s
                     Learning time: 0.640 s
               Value function loss: 0.0050
                    Surrogate loss: -0.0125
             Mean action noise std: 0.7950
                       Mean reward: 20.18
               Mean episode length: 1593.16
--------------------------------------------------------------------------------
                   Total timesteps: 26496000
                    Iteration time: 8.42 s
                        Total time: 1210.18 s
                               ETA: 11:22:04
################################################################################

######################### Learning iteration 138/4999 ##########################
                       Computation: 22750 steps/s
                   Collection time: 7.787 s
                     Learning time: 0.653 s
               Value function loss: 0.0050
                    Surrogate loss: -0.0120
             Mean action noise std: 0.7948
                       Mean reward: 21.02
               Mean episode length: 1599.57
--------------------------------------------------------------------------------
                   Total timesteps: 26688000
                    Iteration time: 8.44 s
                        Total time: 1218.62 s
                               ETA: 11:23:43
################################################################################
[cuda-debug] tensors stage=clipped_actions step=6700 actions[min=-5.7057,max=5.5181,abs=5.7057] memory_mib[allocated=944.0,reserved=2982.0]
[cuda-debug] tensors stage=before_simulate step=6700 substep=0 actions[min=-5.7057,max=5.5181,abs=5.7057] torques[min=-141.06,max=133.68,abs=141.06] joint_pos_target[min=-2.9671,max=2.537,abs=2.9671] forces[min=-70,max=70,abs=70] root_states[min=-4.2805,max=72.395,abs=72.395] dof_pos[min=-6.2817,max=6.2832,abs=6.2832] dof_vel[min=-75.885,max=45.073,abs=75.885] memory_mib[allocated=944.3,reserved=2982.0]
[cuda-debug] stage=dof_diagnostics step=6700 substep=0 hard_limit_violation=[env=1575,item=RAR_ABAD_JOINT,value=0.00087607;env=2148,item=ROBOT_ARM_JOINT3,value=0.00017834;env=574,item=ROBOT_ARM_JOINT3,value=0.00017118;env=3091,item=ROBOT_ARM_JOINT3,value=0.00015736;env=1947,item=ROBOT_ARM_JOINT3,value=0.00015116] target_clamp=[env=2157,item=ROBOT_ARM_JOINT6,value=2.7585;env=1008,item=ROBOT_ARM_JOINT5,value=2.5165;env=3992,item=ROBOT_ARM_JOINT2,value=2.4631;env=423,item=ROBOT_ARM_JOINT6,value=2.4112;env=304,item=ROBOT_ARM_JOINT4,value=2.3941] velocity_excess=[env=3863,item=ROBOT_ARM_JOINT4,value=0.030249]
[cuda-debug] reached stage=before_simulate step=6700 substep=0
[cuda-debug] reached stage=after_fetch_results step=6700 substep=0
[cuda-debug] reached stage=after_refresh_tensors step=6700 substep=0
[cuda-debug] tensors stage=after_refresh_tensors step=6700 substep=0 root_states[min=-4.3549,max=72.396,abs=72.396] dof_pos[min=-6.2832,max=6.2828,abs=6.2832] dof_vel[min=-68.983,max=42.856,abs=68.983] rigid_body_state[min=-62.415,max=72.838,abs=72.838] contact_forces[min=-9728,max=10736,abs=10736] memory_mib[allocated=944.5,reserved=2982.0]
[cuda-debug] stage=contact_diagnostics step=6700 substep=0 top_contacts=[env=1447,item=FAR_FOOT_LINK,value=13458;env=737,item=RAR_FOOT_LINK,value=12200;env=2589,item=FAR_FOOT_LINK,value=11438;env=3908,item=RAR_FOOT_LINK,value=10346;env=2245,item=FAR_FOOT_LINK,value=9937.8]
[cuda-debug] reached stage=before_post_physics_step step=6700
[cuda-debug] reached stage=after_post_physics_step step=6700
[cuda-debug] tensors stage=step_outputs step=6700 observations[min=-5.7057,max=5.5181,abs=5.7057] privileged_observations[min=-98.985,max=97.017,abs=98.985] rewards[min=0,max=0.036954,abs=0.036954] memory_mib[allocated=946.2,reserved=2982.0]

######################### Learning iteration 139/4999 ##########################
                       Computation: 21316 steps/s
                   Collection time: 8.342 s
                     Learning time: 0.665 s
               Value function loss: 0.0048
                    Surrogate loss: -0.0117
             Mean action noise std: 0.7939
                       Mean reward: 20.74
               Mean episode length: 1615.19
--------------------------------------------------------------------------------
                   Total timesteps: 26880000
                    Iteration time: 9.01 s
                        Total time: 1227.63 s
                               ETA: 12:09:35
################################################################################

######################### Learning iteration 140/4999 ##########################
                       Computation: 22178 steps/s
                   Collection time: 8.006 s
                     Learning time: 0.651 s
               Value function loss: 0.0047
                    Surrogate loss: -0.0127
             Mean action noise std: 0.7936
                       Mean reward: 20.50
               Mean episode length: 1442.13
--------------------------------------------------------------------------------
                   Total timesteps: 27072000
                    Iteration time: 8.66 s
                        Total time: 1236.29 s
                               ETA: 11:41:04
################################################################################
[cuda-debug] tensors stage=clipped_actions step=6800 actions[min=-6.7317,max=6.164,abs=6.7317] memory_mib[allocated=944.0,reserved=2982.0]
[cuda-debug] tensors stage=before_simulate step=6800 substep=0 actions[min=-6.7317,max=6.164,abs=6.7317] torques[min=-121.57,max=122.58,abs=122.58] joint_pos_target[min=-2.9671,max=2.702,abs=2.9671] forces[min=-70,max=70,abs=70] root_states[min=-3.6957,max=72.889,abs=72.889] dof_pos[min=-6.2828,max=6.2832,abs=6.2832] dof_vel[min=-34.639,max=49.336,abs=49.336] memory_mib[allocated=944.3,reserved=2982.0]
[cuda-debug] stage=dof_diagnostics step=6800 substep=0 hard_limit_violation=[env=3303,item=FAR_ABAD_JOINT,value=0.00061774;env=1309,item=RAR_ABAD_JOINT,value=0.00046879;env=2589,item=FBL_ABAD_JOINT,value=0.00033885;env=2526,item=ROBOT_ARM_JOINT2,value=0.00021226;env=1073,item=ROBOT_ARM_JOINT3,value=0.00021219] target_clamp=[env=1823,item=ROBOT_ARM_JOINT6,value=3.0526;env=1766,item=ROBOT_ARM_JOINT4,value=2.6475;env=239,item=ROBOT_ARM_JOINT4,value=2.6208;env=2093,item=ROBOT_ARM_JOINT5,value=2.5818;env=645,item=ROBOT_ARM_JOINT5,value=2.5387] velocity_excess=[env=190,item=ROBOT_ARM_JOINT5,value=0.035476;env=1261,item=ROBOT_ARM_JOINT4,value=0.02015;env=2682,item=ROBOT_ARM_JOINT1,value=0.019634]
[cuda-debug] reached stage=before_simulate step=6800 substep=0
[cuda-debug] reached stage=after_fetch_results step=6800 substep=0
[cuda-debug] reached stage=after_refresh_tensors step=6800 substep=0
[cuda-debug] tensors stage=after_refresh_tensors step=6800 substep=0 root_states[min=-3.6092,max=72.89,abs=72.89] dof_pos[min=-6.2831,max=6.282,abs=6.2831] dof_vel[min=-34.861,max=49.753,abs=49.753] rigid_body_state[min=-37.799,max=73.386,abs=73.386] contact_forces[min=-10193,max=8641.1,abs=10193] memory_mib[allocated=944.5,reserved=2982.0]
[cuda-debug] stage=contact_diagnostics step=6800 substep=0 top_contacts=[env=3737,item=FBL_FOOT_LINK,value=13157;env=3303,item=RAR_FOOT_LINK,value=10921;env=2589,item=FAR_FOOT_LINK,value=10921;env=3303,item=RAR_KNEE_LINK,value=7947.3;env=2021,item=RBL_FOOT_LINK,value=7719.8]
[cuda-debug] reached stage=before_post_physics_step step=6800
[cuda-debug] reached stage=after_post_physics_step step=6800
[cuda-debug] tensors stage=step_outputs step=6800 observations[min=-6.7317,max=6.164,abs=6.7317] privileged_observations[min=-93.972,max=88.786,abs=93.972] rewards[min=0,max=0.03614,abs=0.03614] memory_mib[allocated=946.2,reserved=2982.0]

######################### Learning iteration 141/4999 ##########################
                       Computation: 22447 steps/s
                   Collection time: 7.911 s
                     Learning time: 0.642 s
               Value function loss: 0.0055
                    Surrogate loss: -0.0132
             Mean action noise std: 0.7932
                       Mean reward: 20.88
               Mean episode length: 1539.92
--------------------------------------------------------------------------------
                   Total timesteps: 27264000
                    Iteration time: 8.55 s
                        Total time: 1244.84 s
                               ETA: 11:32:31
################################################################################

######################### Learning iteration 142/4999 ##########################
                       Computation: 22581 steps/s
                   Collection time: 7.838 s
                     Learning time: 0.664 s
               Value function loss: 0.0050
                    Surrogate loss: -0.0121
             Mean action noise std: 0.7929
                       Mean reward: 21.17
               Mean episode length: 1633.31
--------------------------------------------------------------------------------
                   Total timesteps: 27456000
                    Iteration time: 8.50 s
                        Total time: 1253.34 s
                               ETA: 11:28:16
################################################################################
[cuda-debug] tensors stage=clipped_actions step=6900 actions[min=-5.8851,max=5.8414,abs=5.8851] memory_mib[allocated=944.2,reserved=2982.0]
[cuda-debug] tensors stage=before_simulate step=6900 substep=0 actions[min=-5.8851,max=5.8414,abs=5.8851] torques[min=-131.99,max=114.04,abs=131.99] joint_pos_target[min=-2.9671,max=2.75,abs=2.9671] forces[min=-70,max=70,abs=70] root_states[min=-5.6414,max=73.304,abs=73.304] dof_pos[min=-6.2827,max=6.2831,abs=6.2831] dof_vel[min=-51.557,max=49.189,abs=51.557] memory_mib[allocated=944.5,reserved=2982.0]
[cuda-debug] stage=dof_diagnostics step=6900 substep=0 hard_limit_violation=[env=3180,item=FAR_ABAD_JOINT,value=0.00040203;env=2298,item=ROBOT_ARM_JOINT3,value=0.00031328;env=2501,item=ROBOT_ARM_JOINT3,value=0.00023985;env=1073,item=ROBOT_ARM_JOINT3,value=0.00018501;env=3665,item=ROBOT_ARM_JOINT3,value=0.00017595] target_clamp=[env=1074,item=ROBOT_ARM_JOINT6,value=2.9679;env=692,item=ROBOT_ARM_JOINT5,value=2.8514;env=1610,item=ROBOT_ARM_JOINT6,value=2.8491;env=1177,item=ROBOT_ARM_JOINT6,value=2.7394;env=2375,item=ROBOT_ARM_JOINT6,value=2.57] velocity_excess=[env=2599,item=ROBOT_ARM_JOINT6,value=3.4074;env=1360,item=ROBOT_ARM_JOINT4,value=0.038572;env=2562,item=ROBOT_ARM_JOINT5,value=0.025943;env=344,item=ROBOT_ARM_JOINT4,value=0.015626;env=1143,item=ROBOT_ARM_JOINT4,value=0.013843]
[cuda-debug] reached stage=before_simulate step=6900 substep=0
[cuda-debug] reached stage=after_fetch_results step=6900 substep=0
[cuda-debug] reached stage=after_refresh_tensors step=6900 substep=0
[cuda-debug] tensors stage=after_refresh_tensors step=6900 substep=0 root_states[min=-6.146,max=73.304,abs=73.304] dof_pos[min=-6.2825,max=6.283,abs=6.283] dof_vel[min=-53.481,max=50.395,abs=53.481] rigid_body_state[min=-35.189,max=73.753,abs=73.753] contact_forces[min=-8976.9,max=8310.3,abs=8976.9] memory_mib[allocated=944.7,reserved=2982.0]
[cuda-debug] stage=contact_diagnostics step=6900 substep=0 top_contacts=[env=1447,item=FAR_FOOT_LINK,value=12416;env=1959,item=FBL_FOOT_LINK,value=11402;env=3737,item=FBL_FOOT_LINK,value=10922;env=386,item=RBL_FOOT_LINK,value=9280.1;env=633,item=FBL_FOOT_LINK,value=9187.8]
[cuda-debug] reached stage=before_post_physics_step step=6900
[cuda-debug] reached stage=after_post_physics_step step=6900
[cuda-debug] tensors stage=step_outputs step=6900 observations[min=-5.8851,max=5.8414,abs=5.8851] privileged_observations[min=-97.5,max=96.565,abs=97.5] rewards[min=0,max=0.036407,abs=0.036407] memory_mib[allocated=946.4,reserved=2982.0]

######################### Learning iteration 143/4999 ##########################
                       Computation: 20615 steps/s
                   Collection time: 8.634 s
                     Learning time: 0.679 s
               Value function loss: 0.0048
                    Surrogate loss: -0.0135
             Mean action noise std: 0.7928
                       Mean reward: 17.55
               Mean episode length: 1528.60
--------------------------------------------------------------------------------
                   Total timesteps: 27648000
                    Iteration time: 9.31 s
                        Total time: 1262.65 s
                               ETA: 12:33:45
################################################################################

######################### Learning iteration 144/4999 ##########################
                       Computation: 20780 steps/s
                   Collection time: 8.580 s
                     Learning time: 0.659 s
               Value function loss: 0.0046
                    Surrogate loss: -0.0131
             Mean action noise std: 0.7924
                       Mean reward: 22.54
               Mean episode length: 1631.87
--------------------------------------------------------------------------------
                   Total timesteps: 27840000
                    Iteration time: 9.24 s
                        Total time: 1271.89 s
                               ETA: 12:27:37
################################################################################
[cuda-debug] tensors stage=clipped_actions step=7000 actions[min=-5.7464,max=6.1053,abs=6.1053] memory_mib[allocated=944.3,reserved=2982.0]
[cuda-debug] tensors stage=before_simulate step=7000 substep=0 actions[min=-5.7464,max=6.1053,abs=6.1053] torques[min=-167.25,max=108.26,abs=167.25] joint_pos_target[min=-2.9671,max=2.7915,abs=2.9671] forces[min=-70,max=70,abs=70] root_states[min=-4.4795,max=73.729,abs=73.729] dof_pos[min=-6.2814,max=6.2825,abs=6.2825] dof_vel[min=-91.064,max=52.357,abs=91.064] memory_mib[allocated=944.6,reserved=2982.0]
[cuda-debug] stage=dof_diagnostics step=7000 substep=0 hard_limit_violation=[env=2526,item=ROBOT_ARM_JOINT3,value=0.0002594;env=1023,item=ROBOT_ARM_JOINT3,value=0.00020361;env=1755,item=RBL_ABAD_JOINT,value=0.00019729;env=3091,item=ROBOT_ARM_JOINT3,value=0.00018883;env=1369,item=ROBOT_ARM_JOINT3,value=0.00018406] target_clamp=[env=2248,item=ROBOT_ARM_JOINT2,value=3.2002;env=573,item=ROBOT_ARM_JOINT3,value=2.9497;env=3330,item=ROBOT_ARM_JOINT6,value=2.8769;env=1897,item=ROBOT_ARM_JOINT1,value=2.8213;env=1140,item=ROBOT_ARM_JOINT6,value=2.7478] velocity_excess=[env=3875,item=ROBOT_ARM_JOINT3,value=0.066231;env=878,item=ROBOT_ARM_JOINT5,value=0.0036201]
[cuda-debug] reached stage=before_simulate step=7000 substep=0
[cuda-debug] reached stage=after_fetch_results step=7000 substep=0
[cuda-debug] reached stage=after_refresh_tensors step=7000 substep=0
[cuda-debug] tensors stage=after_refresh_tensors step=7000 substep=0 root_states[min=-4.71,max=73.729,abs=73.729] dof_pos[min=-6.2828,max=6.2831,abs=6.2831] dof_vel[min=-80.581,max=48.751,abs=80.581] rigid_body_state[min=-51.211,max=74.187,abs=74.187] contact_forces[min=-7610.2,max=8439.4,abs=8439.4] memory_mib[allocated=944.9,reserved=2982.0]
[cuda-debug] stage=contact_diagnostics step=7000 substep=0 top_contacts=[env=3737,item=FBL_FOOT_LINK,value=10411;env=737,item=RAR_FOOT_LINK,value=10318;env=473,item=FBL_FOOT_LINK,value=9050.5;env=782,item=RAR_FOOT_LINK,value=8777.5;env=1504,item=FBL_FOOT_LINK,value=8612.6]
[cuda-debug] reached stage=before_post_physics_step step=7000
[cuda-debug] reached stage=after_post_physics_step step=7000
[cuda-debug] tensors stage=step_outputs step=7000 observations[min=-5.7464,max=6.1053,abs=6.1053] privileged_observations[min=-93.714,max=98.988,abs=98.988] rewards[min=0,max=0.036303,abs=0.036303] memory_mib[allocated=946.5,reserved=2982.0]

######################### Learning iteration 145/4999 ##########################
                       Computation: 23112 steps/s
                   Collection time: 7.655 s
                     Learning time: 0.652 s
               Value function loss: 0.0048
                    Surrogate loss: -0.0120
             Mean action noise std: 0.7921
                       Mean reward: 22.43
               Mean episode length: 1637.86
--------------------------------------------------------------------------------
                   Total timesteps: 28032000
                    Iteration time: 8.31 s
                        Total time: 1280.20 s
                               ETA: 11:12:02
################################################################################

######################### Learning iteration 146/4999 ##########################
                       Computation: 24444 steps/s
                   Collection time: 7.203 s
                     Learning time: 0.652 s
               Value function loss: 0.0048
                    Surrogate loss: -0.0115
             Mean action noise std: 0.7915
                       Mean reward: 23.06
               Mean episode length: 1674.82
--------------------------------------------------------------------------------
                   Total timesteps: 28224000
                    Iteration time: 7.85 s
                        Total time: 1288.06 s
                               ETA: 10:35:17
################################################################################
[cuda-debug] tensors stage=clipped_actions step=7100 actions[min=-7.3254,max=5.917,abs=7.3254] memory_mib[allocated=944.4,reserved=2982.0]
[cuda-debug] tensors stage=before_simulate step=7100 substep=0 actions[min=-7.3254,max=5.917,abs=7.3254] torques[min=-114.34,max=126.53,abs=126.53] joint_pos_target[min=-2.9671,max=2.7542,abs=2.9671] forces[min=-70,max=70,abs=70] root_states[min=-4.5229,max=73.834,abs=73.834] dof_pos[min=-6.282,max=6.2821,abs=6.2821] dof_vel[min=-39.399,max=54.604,abs=54.604] memory_mib[allocated=944.7,reserved=2982.0]
[cuda-debug] stage=dof_diagnostics step=7100 substep=0 hard_limit_violation=[env=1397,item=RAR_ABAD_JOINT,value=0.00050682;env=3579,item=ROBOT_ARM_JOINT2,value=0.0004378;env=1489,item=ROBOT_ARM_JOINT2,value=0.00030448;env=3579,item=ROBOT_ARM_JOINT3,value=0.00023222;env=1489,item=ROBOT_ARM_JOINT3,value=0.00021553] target_clamp=[env=3209,item=ROBOT_ARM_JOINT6,value=3.2969;env=3106,item=ROBOT_ARM_JOINT6,value=2.9859;env=3009,item=ROBOT_ARM_JOINT5,value=2.7888;env=509,item=ROBOT_ARM_JOINT3,value=2.6794;env=1289,item=ROBOT_ARM_JOINT1,value=2.6349] velocity_excess=[env=3011,item=ROBOT_ARM_JOINT4,value=0.022787;env=1819,item=ROBOT_ARM_JOINT5,value=0.020397]
[cuda-debug] reached stage=before_simulate step=7100 substep=0
[cuda-debug] reached stage=after_fetch_results step=7100 substep=0
[cuda-debug] reached stage=after_refresh_tensors step=7100 substep=0
[cuda-debug] tensors stage=after_refresh_tensors step=7100 substep=0 root_states[min=-4.4064,max=73.835,abs=73.835] dof_pos[min=-6.2823,max=6.2827,abs=6.2827] dof_vel[min=-36.553,max=50.403,abs=50.403] rigid_body_state[min=-32.485,max=74.299,abs=74.299] contact_forces[min=-9940.1,max=8220,abs=9940.1] memory_mib[allocated=944.9,reserved=2982.0]
[cuda-debug] stage=contact_diagnostics step=7100 substep=0 top_contacts=[env=730,item=FBL_FOOT_LINK,value=10316;env=386,item=RBL_FOOT_LINK,value=10266;env=1661,item=RBL_FOOT_LINK,value=10090;env=3395,item=RBL_FOOT_LINK,value=9708.5;env=1911,item=FBL_FOOT_LINK,value=7985.5]
[cuda-debug] reached stage=before_post_physics_step step=7100
[cuda-debug] reached stage=after_post_physics_step step=7100
[cuda-debug] tensors stage=step_outputs step=7100 observations[min=-7.3254,max=5.917,abs=7.3254] privileged_observations[min=-96.414,max=92.423,abs=96.414] rewards[min=0,max=0.036054,abs=0.036054] memory_mib[allocated=946.6,reserved=2982.0]

######################### Learning iteration 147/4999 ##########################
                       Computation: 23390 steps/s
                   Collection time: 7.539 s
                     Learning time: 0.670 s
               Value function loss: 0.0047
                    Surrogate loss: -0.0125
             Mean action noise std: 0.7911
                       Mean reward: 22.62
               Mean episode length: 1652.99
--------------------------------------------------------------------------------
                   Total timesteps: 28416000
                    Iteration time: 8.21 s
                        Total time: 1296.26 s
                               ETA: 11:03:47
################################################################################

######################### Learning iteration 148/4999 ##########################
                       Computation: 22604 steps/s
                   Collection time: 7.852 s
                     Learning time: 0.642 s
               Value function loss: 0.0048
                    Surrogate loss: -0.0126
             Mean action noise std: 0.7903
                       Mean reward: 21.05
               Mean episode length: 1647.30
--------------------------------------------------------------------------------
                   Total timesteps: 28608000
                    Iteration time: 8.49 s
                        Total time: 1304.76 s
                               ETA: 11:26:43
################################################################################
[cuda-debug] tensors stage=clipped_actions step=7200 actions[min=-6.4907,max=6.9076,abs=6.9076] memory_mib[allocated=944.5,reserved=2982.0]
[cuda-debug] tensors stage=before_simulate step=7200 substep=0 actions[min=-6.4907,max=6.9076,abs=6.9076] torques[min=-138.63,max=114.53,abs=138.63] joint_pos_target[min=-2.9671,max=2.7201,abs=2.9671] forces[min=-70,max=70,abs=70] root_states[min=-4.0818,max=73.948,abs=73.948] dof_pos[min=-6.2829,max=6.2822,abs=6.2829] dof_vel[min=-40.338,max=50.65,abs=50.65] memory_mib[allocated=944.8,reserved=2982.0]
[cuda-debug] stage=dof_diagnostics step=7200 substep=0 hard_limit_violation=[env=2191,item=RAR_ABAD_JOINT,value=0.00056249;env=2592,item=ROBOT_ARM_JOINT2,value=0.00033117;env=3737,item=RAR_ABAD_JOINT,value=0.00022346;env=1369,item=ROBOT_ARM_JOINT3,value=0.00017667;env=841,item=ROBOT_ARM_JOINT3,value=0.0001688] target_clamp=[env=915,item=ROBOT_ARM_JOINT6,value=3.0713;env=2636,item=ROBOT_ARM_JOINT6,value=2.8783;env=3626,item=ROBOT_ARM_JOINT3,value=2.8598;env=3192,item=ROBOT_ARM_JOINT3,value=2.5909;env=3142,item=ROBOT_ARM_JOINT6,value=2.5617] velocity_excess=[env=2874,item=ROBOT_ARM_JOINT4,value=0.01761;env=2485,item=ROBOT_ARM_JOINT5,value=0.0092077;env=85,item=ROBOT_ARM_JOINT4,value=0.0086899]
[cuda-debug] reached stage=before_simulate step=7200 substep=0
[cuda-debug] reached stage=after_fetch_results step=7200 substep=0
[cuda-debug] reached stage=after_refresh_tensors step=7200 substep=0
[cuda-debug] tensors stage=after_refresh_tensors step=7200 substep=0 root_states[min=-3.7561,max=73.948,abs=73.948] dof_pos[min=-6.2829,max=6.2818,abs=6.2829] dof_vel[min=-37.146,max=54.916,abs=54.916] rigid_body_state[min=-39.877,max=74.445,abs=74.445] contact_forces[min=-8217.7,max=21927,abs=21927] memory_mib[allocated=945.0,reserved=2982.0]
[cuda-debug] stage=contact_diagnostics step=7200 substep=0 top_contacts=[env=2311,item=RAR_HIP_LINK,value=23109;env=3599,item=FBL_FOOT_LINK,value=12402;env=1568,item=RAR_FOOT_LINK,value=10368;env=303,item=RBL_FOOT_LINK,value=8847.4;env=330,item=RBL_FOOT_LINK,value=8726.8]
[cuda-debug] reached stage=before_post_physics_step step=7200
[cuda-debug] reached stage=after_post_physics_step step=7200
[cuda-debug] tensors stage=step_outputs step=7200 observations[min=-6.4907,max=6.9076,abs=6.9076] privileged_observations[min=-88.323,max=98.168,abs=98.168] rewards[min=0,max=0.037212,abs=0.037212] memory_mib[allocated=946.7,reserved=2982.0]

######################### Learning iteration 149/4999 ##########################
                       Computation: 22271 steps/s
                   Collection time: 7.950 s
                     Learning time: 0.671 s
               Value function loss: 0.0064
                    Surrogate loss: -0.0130
             Mean action noise std: 0.7901
                       Mean reward: 25.63
               Mean episode length: 1728.60
--------------------------------------------------------------------------------
                   Total timesteps: 28800000
                    Iteration time: 8.62 s
                        Total time: 1313.38 s
                               ETA: 11:36:50
################################################################################

######################### Learning iteration 150/4999 ##########################
                       Computation: 21940 steps/s
                   Collection time: 8.079 s
                     Learning time: 0.672 s
               Value function loss: 0.0051
                    Surrogate loss: -0.0121
             Mean action noise std: 0.7900
                       Mean reward: 23.38
               Mean episode length: 1686.94
--------------------------------------------------------------------------------
                   Total timesteps: 28992000
                    Iteration time: 8.75 s
                        Total time: 1322.13 s
                               ETA: 11:47:12
################################################################################

######################### Learning iteration 151/4999 ##########################
                       Computation: 22522 steps/s
                   Collection time: 7.872 s
                     Learning time: 0.653 s
               Value function loss: 0.0052
                    Surrogate loss: -0.0085
             Mean action noise std: 0.7899
                       Mean reward: 24.62
               Mean episode length: 1657.98
--------------------------------------------------------------------------------
                   Total timesteps: 29184000
                    Iteration time: 8.52 s
                        Total time: 1330.65 s
                               ETA: 11:28:48
################################################################################
[cuda-debug] tensors stage=clipped_actions step=7300 actions[min=-6.5303,max=6.4908,abs=6.5303] memory_mib[allocated=943.4,reserved=2982.0]
[cuda-debug] tensors stage=before_simulate step=7300 substep=0 actions[min=-6.5303,max=6.4908,abs=6.5303] torques[min=-115.13,max=111.37,abs=115.13] joint_pos_target[min=-2.9671,max=2.7896,abs=2.9671] forces[min=-70,max=70,abs=70] root_states[min=-4.2402,max=73.887,abs=73.887] dof_pos[min=-6.2824,max=6.2824,abs=6.2824] dof_vel[min=-38.633,max=59.741,abs=59.741] memory_mib[allocated=943.7,reserved=2982.0]
[cuda-debug] stage=dof_diagnostics step=7300 substep=0 hard_limit_violation=[env=3303,item=FAR_ABAD_JOINT,value=0.00078309;env=629,item=ROBOT_ARM_JOINT2,value=0.00031384;env=456,item=ROBOT_ARM_JOINT3,value=0.00021744;env=2828,item=ROBOT_ARM_JOINT3,value=0.00021124;env=3393,item=ROBOT_ARM_JOINT2,value=0.00020973] target_clamp=[env=3849,item=ROBOT_ARM_JOINT2,value=2.7751;env=2675,item=ROBOT_ARM_JOINT4,value=2.7233;env=1102,item=ROBOT_ARM_JOINT4,value=2.6013;env=1848,item=ROBOT_ARM_JOINT5,value=2.5939;env=2055,item=ROBOT_ARM_JOINT4,value=2.563] velocity_excess=[env=2017,item=ROBOT_ARM_JOINT1,value=0.056819;env=2202,item=ROBOT_ARM_JOINT4,value=0.034645;env=2021,item=ROBOT_ARM_JOINT4,value=0.013566]
[cuda-debug] reached stage=before_simulate step=7300 substep=0
[cuda-debug] reached stage=after_fetch_results step=7300 substep=0
[cuda-debug] reached stage=after_refresh_tensors step=7300 substep=0
[cuda-debug] tensors stage=after_refresh_tensors step=7300 substep=0 root_states[min=-4.0279,max=73.887,abs=73.887] dof_pos[min=-6.2812,max=6.2828,abs=6.2828] dof_vel[min=-38.993,max=57.181,abs=57.181] rigid_body_state[min=-40.197,max=74.376,abs=74.376] contact_forces[min=-8747,max=10936,abs=10936] memory_mib[allocated=943.9,reserved=2982.0]
[cuda-debug] stage=contact_diagnostics step=7300 substep=0 top_contacts=[env=3737,item=FBL_FOOT_LINK,value=12270;env=1362,item=RAR_FOOT_LINK,value=11843;env=2311,item=RAR_HIP_LINK,value=11747;env=2589,item=FAR_FOOT_LINK,value=10982;env=3395,item=RBL_FOOT_LINK,value=9777.6]
[cuda-debug] reached stage=before_post_physics_step step=7300
[cuda-debug] reached stage=after_post_physics_step step=7300
[cuda-debug] tensors stage=step_outputs step=7300 observations[min=-6.5303,max=6.4908,abs=6.5303] privileged_observations[min=-97.438,max=98.984,abs=98.984] rewards[min=0,max=0.037621,abs=0.037621] memory_mib[allocated=945.6,reserved=2982.0]

######################### Learning iteration 152/4999 ##########################
                       Computation: 20386 steps/s
                   Collection time: 8.736 s
                     Learning time: 0.683 s
               Value function loss: 0.0049
                    Surrogate loss: -0.0092
             Mean action noise std: 0.7897
                       Mean reward: 24.68
               Mean episode length: 1653.32
--------------------------------------------------------------------------------
                   Total timesteps: 29376000
                    Iteration time: 9.42 s
                        Total time: 1340.07 s
                               ETA: 12:40:49
################################################################################

######################### Learning iteration 153/4999 ##########################
                       Computation: 20553 steps/s
                   Collection time: 8.696 s
                     Learning time: 0.646 s
               Value function loss: 0.0055
                    Surrogate loss: -0.0119
             Mean action noise std: 0.7895
                       Mean reward: 21.75
               Mean episode length: 1654.43
--------------------------------------------------------------------------------
                   Total timesteps: 29568000
                    Iteration time: 9.34 s
                        Total time: 1349.41 s
                               ETA: 12:34:29
################################################################################
[cuda-debug] tensors stage=clipped_actions step=7400 actions[min=-5.7988,max=6.4028,abs=6.4028] memory_mib[allocated=943.5,reserved=2982.0]
[cuda-debug] tensors stage=before_simulate step=7400 substep=0 actions[min=-5.7988,max=6.4028,abs=6.4028] torques[min=-116.96,max=114.27,abs=116.96] joint_pos_target[min=-2.9671,max=2.7589,abs=2.9671] forces[min=-70,max=70,abs=70] root_states[min=-4.6008,max=73.725,abs=73.725] dof_pos[min=-6.2822,max=6.2817,abs=6.2822] dof_vel[min=-39.067,max=42.186,abs=42.186] memory_mib[allocated=943.8,reserved=2982.0]
[cuda-debug] stage=dof_diagnostics step=7400 substep=0 hard_limit_violation=[env=309,item=RAR_ABAD_JOINT,value=0.0047237;env=112,item=RAR_ABAD_JOINT,value=0.00068593;env=629,item=ROBOT_ARM_JOINT2,value=0.00025169;env=629,item=ROBOT_ARM_JOINT3,value=0.00024605;env=3245,item=ROBOT_ARM_JOINT3,value=0.00021267] target_clamp=[env=1710,item=ROBOT_ARM_JOINT5,value=2.8277;env=1563,item=ROBOT_ARM_JOINT5,value=2.8067;env=816,item=ROBOT_ARM_JOINT2,value=2.7736;env=2732,item=ROBOT_ARM_JOINT6,value=2.6438;env=2132,item=ROBOT_ARM_JOINT6,value=2.605] velocity_excess=[env=309,item=ROBOT_ARM_JOINT5,value=8.6386;env=309,item=ROBOT_ARM_JOINT6,value=1.6338;env=2544,item=ROBOT_ARM_JOINT4,value=0.0082636]
[cuda-debug] reached stage=before_simulate step=7400 substep=0
[cuda-debug] reached stage=after_fetch_results step=7400 substep=0
[cuda-debug] reached stage=after_refresh_tensors step=7400 substep=0
[cuda-debug] tensors stage=after_refresh_tensors step=7400 substep=0 root_states[min=-4.404,max=73.725,abs=73.725] dof_pos[min=-6.2813,max=6.2825,abs=6.2825] dof_vel[min=-39.938,max=42.148,abs=42.148] rigid_body_state[min=-33.228,max=74.254,abs=74.254] contact_forces[min=-10535,max=12095,abs=12095] memory_mib[allocated=944.0,reserved=2982.0]
[cuda-debug] stage=contact_diagnostics step=7400 substep=0 top_contacts=[env=3737,item=FBL_FOOT_LINK,value=15057;env=2552,item=RBL_FOOT_LINK,value=12099;env=2589,item=FAR_FOOT_LINK,value=10395;env=3395,item=RBL_FOOT_LINK,value=9782.5;env=3115,item=RAR_FOOT_LINK,value=9351]
[cuda-debug] reached stage=before_post_physics_step step=7400
[cuda-debug] reached stage=after_post_physics_step step=7400
[cuda-debug] tensors stage=step_outputs step=7400 observations[min=-5.7988,max=6.4028,abs=6.4028] privileged_observations[min=-97.513,max=98.815,abs=98.815] rewards[min=0,max=0.039091,abs=0.039091] memory_mib[allocated=945.7,reserved=2982.0]

######################### Learning iteration 154/4999 ##########################
                       Computation: 21073 steps/s
                   Collection time: 8.448 s
                     Learning time: 0.663 s
               Value function loss: 0.0050
                    Surrogate loss: -0.0110
             Mean action noise std: 0.7891
                       Mean reward: 21.47
               Mean episode length: 1576.77
--------------------------------------------------------------------------------
                   Total timesteps: 29760000
                    Iteration time: 9.11 s
                        Total time: 1358.53 s
                               ETA: 12:15:43
################################################################################

######################### Learning iteration 155/4999 ##########################
                       Computation: 19588 steps/s
                   Collection time: 9.125 s
                     Learning time: 0.676 s
               Value function loss: 0.0051
                    Surrogate loss: -0.0087
             Mean action noise std: 0.7893
                       Mean reward: 23.01
               Mean episode length: 1601.70
--------------------------------------------------------------------------------
                   Total timesteps: 29952000
                    Iteration time: 9.80 s
                        Total time: 1368.33 s
                               ETA: 13:11:19
################################################################################
[cuda-debug] tensors stage=clipped_actions step=7500 actions[min=-6.5031,max=5.7042,abs=6.5031] memory_mib[allocated=943.6,reserved=2982.0]
[cuda-debug] tensors stage=before_simulate step=7500 substep=0 actions[min=-6.5031,max=5.7042,abs=6.5031] torques[min=-127.21,max=113.09,abs=127.21] joint_pos_target[min=-2.9671,max=2.9222,abs=2.9671] forces[min=-70,max=70,abs=70] root_states[min=-3.7886,max=73.645,abs=73.645] dof_pos[min=-6.2831,max=6.2825,abs=6.2831] dof_vel[min=-47.117,max=46.868,abs=47.117] memory_mib[allocated=943.9,reserved=2982.0]
[cuda-debug] stage=dof_diagnostics step=7500 substep=0 hard_limit_violation=[env=1175,item=ROBOT_ARM_JOINT3,value=0.00022864;env=3579,item=ROBOT_ARM_JOINT3,value=0.00019884;env=2501,item=ROBOT_ARM_JOINT3,value=0.00019836;env=3618,item=RAR_ABAD_JOINT,value=0.00018799;env=1356,item=ROBOT_ARM_JOINT3,value=0.00018573] target_clamp=[env=670,item=ROBOT_ARM_JOINT1,value=2.7728;env=188,item=ROBOT_ARM_JOINT2,value=2.7101;env=475,item=ROBOT_ARM_JOINT6,value=2.6892;env=662,item=ROBOT_ARM_JOINT6,value=2.6598;env=956,item=ROBOT_ARM_JOINT1,value=2.5483] velocity_excess=[env=2421,item=ROBOT_ARM_JOINT4,value=0.11043;env=3190,item=ROBOT_ARM_JOINT5,value=0.04923;env=485,item=ROBOT_ARM_JOINT4,value=0.042052;env=3573,item=ROBOT_ARM_JOINT4,value=0.030845;env=21,item=ROBOT_ARM_JOINT4,value=0.013849]
[cuda-debug] reached stage=before_simulate step=7500 substep=0
[cuda-debug] reached stage=after_fetch_results step=7500 substep=0
[cuda-debug] reached stage=after_refresh_tensors step=7500 substep=0
[cuda-debug] tensors stage=after_refresh_tensors step=7500 substep=0 root_states[min=-3.4916,max=73.645,abs=73.645] dof_pos[min=-6.2831,max=6.2814,abs=6.2831] dof_vel[min=-31.191,max=51.134,abs=51.134] rigid_body_state[min=-38.761,max=74.156,abs=74.156] contact_forces[min=-11933,max=11163,abs=11933] memory_mib[allocated=944.1,reserved=2982.0]
[cuda-debug] stage=contact_diagnostics step=7500 substep=0 top_contacts=[env=2283,item=FBL_FOOT_LINK,value=12221;env=1951,item=FAR_FOOT_LINK,value=11668;env=330,item=RBL_FOOT_LINK,value=10238;env=2552,item=RBL_KNEE_LINK,value=9450.4;env=2251,item=RBL_FOOT_LINK,value=8799.5]
[cuda-debug] reached stage=before_post_physics_step step=7500
[cuda-debug] reached stage=after_post_physics_step step=7500
[cuda-debug] tensors stage=step_outputs step=7500 observations[min=-6.5031,max=5.7042,abs=6.5031] privileged_observations[min=-96.255,max=92.086,abs=96.255] rewards[min=0,max=0.037868,abs=0.037868] memory_mib[allocated=945.8,reserved=2982.0]

######################### Learning iteration 156/4999 ##########################
                       Computation: 18103 steps/s
                   Collection time: 9.914 s
                     Learning time: 0.692 s
               Value function loss: 0.0049
                    Surrogate loss: -0.0103
             Mean action noise std: 0.7896
                       Mean reward: 21.39
               Mean episode length: 1542.31
--------------------------------------------------------------------------------
                   Total timesteps: 30144000
                    Iteration time: 10.61 s
                        Total time: 1378.93 s
                               ETA: 14:16:03
################################################################################

######################### Learning iteration 157/4999 ##########################
                       Computation: 17527 steps/s
                   Collection time: 10.277 s
                     Learning time: 0.677 s
               Value function loss: 0.0052
                    Surrogate loss: -0.0090
             Mean action noise std: 0.7889
                       Mean reward: 22.88
               Mean episode length: 1518.79
--------------------------------------------------------------------------------
                   Total timesteps: 30336000
                    Iteration time: 10.95 s
                        Total time: 1389.89 s
                               ETA: 14:43:59
################################################################################
[cuda-debug] tensors stage=clipped_actions step=7600 actions[min=-6.3782,max=6.0315,abs=6.3782] memory_mib[allocated=943.7,reserved=2982.0]
[cuda-debug] tensors stage=before_simulate step=7600 substep=0 actions[min=-6.3782,max=6.0315,abs=6.3782] torques[min=-116.96,max=121.23,abs=121.23] joint_pos_target[min=-2.9671,max=2.5857,abs=2.9671] forces[min=-70,max=70,abs=70] root_states[min=-4.8504,max=73.564,abs=73.564] dof_pos[min=-6.2826,max=6.2813,abs=6.2826] dof_vel[min=-40.868,max=57.44,abs=57.44] memory_mib[allocated=944.0,reserved=2982.0]
[cuda-debug] stage=dof_diagnostics step=7600 substep=0 hard_limit_violation=[env=570,item=RAR_ABAD_JOINT,value=0.00058752;env=2606,item=FBL_ABAD_JOINT,value=0.0005731;env=2787,item=FAR_ABAD_JOINT,value=0.0003593;env=2167,item=ROBOT_ARM_JOINT2,value=0.00030633;env=737,item=FBL_ABAD_JOINT,value=0.00027829] target_clamp=[env=1039,item=ROBOT_ARM_JOINT4,value=2.9828;env=1863,item=ROBOT_ARM_JOINT2,value=2.9263;env=588,item=ROBOT_ARM_JOINT1,value=2.7207;env=349,item=ROBOT_ARM_JOINT6,value=2.6446;env=3116,item=ROBOT_ARM_JOINT3,value=2.6159] velocity_excess=[env=1599,item=ROBOT_ARM_JOINT5,value=0.069628;env=3115,item=ROBOT_ARM_JOINT4,value=0.02838]
[cuda-debug] reached stage=before_simulate step=7600 substep=0
[cuda-debug] reached stage=after_fetch_results step=7600 substep=0
[cuda-debug] reached stage=after_refresh_tensors step=7600 substep=0
[cuda-debug] tensors stage=after_refresh_tensors step=7600 substep=0 root_states[min=-4.6858,max=73.563,abs=73.563] dof_pos[min=-6.2825,max=6.2818,abs=6.2825] dof_vel[min=-36.166,max=54.672,abs=54.672] rigid_body_state[min=-37.732,max=74.074,abs=74.074] contact_forces[min=-11322,max=14876,abs=14876] memory_mib[allocated=944.2,reserved=2982.0]
[cuda-debug] stage=contact_diagnostics step=7600 substep=0 top_contacts=[env=2936,item=RAR_FOOT_LINK,value=16584;env=1371,item=RBL_FOOT_LINK,value=12630;env=1679,item=RBL_FOOT_LINK,value=12112;env=3395,item=RBL_FOOT_LINK,value=10081;env=3908,item=RAR_FOOT_LINK,value=9315.8]
[cuda-debug] reached stage=before_post_physics_step step=7600
[cuda-debug] reached stage=after_post_physics_step step=7600
[cuda-debug] tensors stage=step_outputs step=7600 observations[min=-6.3782,max=6.0315,abs=6.3782] privileged_observations[min=-97.937,max=98.976,abs=98.976] rewards[min=0,max=0.036956,abs=0.036956] memory_mib[allocated=945.9,reserved=2982.0]

######################### Learning iteration 158/4999 ##########################
                       Computation: 16231 steps/s
                   Collection time: 11.118 s
                     Learning time: 0.711 s
               Value function loss: 0.0050
                    Surrogate loss: -0.0127
             Mean action noise std: 0.7891
                       Mean reward: 23.04
               Mean episode length: 1514.36
--------------------------------------------------------------------------------
                   Total timesteps: 30528000
                    Iteration time: 11.83 s
                        Total time: 1401.72 s
                               ETA: 15:54:21
################################################################################

######################### Learning iteration 159/4999 ##########################
                       Computation: 17709 steps/s
                   Collection time: 10.163 s
                     Learning time: 0.678 s
               Value function loss: 0.0053
                    Surrogate loss: -0.0122
             Mean action noise std: 0.7890
                       Mean reward: 19.74
               Mean episode length: 1491.42
--------------------------------------------------------------------------------
                   Total timesteps: 30720000
                    Iteration time: 10.84 s
                        Total time: 1412.56 s
                               ETA: 14:34:33
################################################################################
[cuda-debug] tensors stage=clipped_actions step=7700 actions[min=-6.1501,max=7.1129,abs=7.1129] memory_mib[allocated=943.7,reserved=2982.0]
[cuda-debug] tensors stage=before_simulate step=7700 substep=0 actions[min=-6.1501,max=7.1129,abs=7.1129] torques[min=-122.78,max=117.88,abs=122.78] joint_pos_target[min=-2.9671,max=2.8981,abs=2.9671] forces[min=-70,max=70,abs=70] root_states[min=-4.4226,max=73.474,abs=73.474] dof_pos[min=-6.2825,max=6.2824,abs=6.2825] dof_vel[min=-44.697,max=50.097,abs=50.097] memory_mib[allocated=944.1,reserved=2982.0]
[cuda-debug] stage=dof_diagnostics step=7700 substep=0 hard_limit_violation=[env=2167,item=ROBOT_ARM_JOINT2,value=0.00056089;env=1653,item=RAR_ABAD_JOINT,value=0.00051755;env=3933,item=ROBOT_ARM_JOINT2,value=0.00030879;env=2501,item=ROBOT_ARM_JOINT2,value=0.00030156;env=2096,item=FAR_ABAD_JOINT,value=0.00023955] target_clamp=[env=2608,item=ROBOT_ARM_JOINT5,value=2.7573;env=1339,item=ROBOT_ARM_JOINT5,value=2.6671;env=314,item=ROBOT_ARM_JOINT4,value=2.6203;env=2785,item=ROBOT_ARM_JOINT5,value=2.6182;env=940,item=ROBOT_ARM_JOINT2,value=2.5752] velocity_excess=[env=3320,item=ROBOT_ARM_JOINT4,value=0.022153;env=2820,item=ROBOT_ARM_JOINT5,value=0.010624;env=3356,item=ROBOT_ARM_JOINT4,value=0.0054188]
[cuda-debug] reached stage=before_simulate step=7700 substep=0
[cuda-debug] reached stage=after_fetch_results step=7700 substep=0
[cuda-debug] reached stage=after_refresh_tensors step=7700 substep=0
[cuda-debug] tensors stage=after_refresh_tensors step=7700 substep=0 root_states[min=-4.4411,max=73.474,abs=73.474] dof_pos[min=-6.2813,max=6.2825,abs=6.2825] dof_vel[min=-45.723,max=49.515,abs=49.515] rigid_body_state[min=-36.875,max=73.962,abs=73.962] contact_forces[min=-29742,max=54285,abs=54285] memory_mib[allocated=944.3,reserved=2982.0]
[cuda-debug] stage=contact_diagnostics step=7700 substep=0 top_contacts=[env=2311,item=FAR_KNEE_LINK,value=54423;env=2311,item=BASE_LINK,value=48623;env=2311,item=RAR_HIP_LINK,value=32164;env=3737,item=FBL_FOOT_LINK,value=15306;env=3599,item=FBL_FOOT_LINK,value=12779]
[cuda-debug] reached stage=before_post_physics_step step=7700
[cuda-debug] reached stage=after_post_physics_step step=7700
[cuda-debug] tensors stage=step_outputs step=7700 observations[min=-6.1501,max=7.1129,abs=7.1129] privileged_observations[min=-98.909,max=90.614,abs=98.909] rewards[min=0,max=0.036923,abs=0.036923] memory_mib[allocated=946.0,reserved=2982.0]

######################### Learning iteration 160/4999 ##########################
                       Computation: 14418 steps/s
                   Collection time: 12.661 s
                     Learning time: 0.655 s
               Value function loss: 0.0050
                    Surrogate loss: -0.0112
             Mean action noise std: 0.7885
                       Mean reward: 23.72
               Mean episode length: 1522.98
--------------------------------------------------------------------------------
                   Total timesteps: 30912000
                    Iteration time: 13.32 s
                        Total time: 1425.87 s
                               ETA: 17:53:59
################################################################################

######################### Learning iteration 161/4999 ##########################
                       Computation: 17548 steps/s
                   Collection time: 10.289 s
                     Learning time: 0.652 s
               Value function loss: 0.0051
                    Surrogate loss: -0.0097
             Mean action noise std: 0.7878
                       Mean reward: 19.51
               Mean episode length: 1608.58
--------------------------------------------------------------------------------
                   Total timesteps: 31104000
                    Iteration time: 10.94 s
                        Total time: 1436.81 s
                               ETA: 14:42:12
################################################################################
[cuda-debug] tensors stage=clipped_actions step=7800 actions[min=-6.1416,max=6.4877,abs=6.4877] memory_mib[allocated=943.9,reserved=2982.0]
[cuda-debug] tensors stage=before_simulate step=7800 substep=0 actions[min=-6.1416,max=6.4877,abs=6.4877] torques[min=-133.04,max=117.72,abs=133.04] joint_pos_target[min=-2.9671,max=3.095,abs=3.095] forces[min=-70,max=70,abs=70] root_states[min=-3.797,max=73.416,abs=73.416] dof_pos[min=-6.2828,max=6.2822,abs=6.2828] dof_vel[min=-32.154,max=44.322,abs=44.322] memory_mib[allocated=944.2,reserved=2982.0]
[cuda-debug] stage=dof_diagnostics step=7800 substep=0 hard_limit_violation=[env=1394,item=RAR_ABAD_JOINT,value=0.00062877;env=3479,item=ROBOT_ARM_JOINT3,value=0.00021863;env=3906,item=RAR_ABAD_JOINT,value=0.00019991;env=3579,item=ROBOT_ARM_JOINT2,value=0.00019569;env=3579,item=ROBOT_ARM_JOINT3,value=0.00018668] target_clamp=[env=3829,item=ROBOT_ARM_JOINT6,value=2.9044;env=2584,item=ROBOT_ARM_JOINT5,value=2.7459;env=2516,item=ROBOT_ARM_JOINT4,value=2.5872;env=1707,item=ROBOT_ARM_JOINT3,value=2.528;env=251,item=ROBOT_ARM_JOINT5,value=2.515] velocity_excess=[env=1114,item=ROBOT_ARM_JOINT5,value=0.038063;env=2312,item=ROBOT_ARM_JOINT4,value=0.037793;env=1336,item=ROBOT_ARM_JOINT4,value=0.035214]
[cuda-debug] reached stage=before_simulate step=7800 substep=0
[cuda-debug] reached stage=after_fetch_results step=7800 substep=0
[cuda-debug] reached stage=after_refresh_tensors step=7800 substep=0
[cuda-debug] tensors stage=after_refresh_tensors step=7800 substep=0 root_states[min=-3.5779,max=73.416,abs=73.416] dof_pos[min=-6.2826,max=6.2829,abs=6.2829] dof_vel[min=-60.422,max=43.443,abs=60.422] rigid_body_state[min=-31.37,max=73.923,abs=73.923] contact_forces[min=-12470,max=10035,abs=12470] memory_mib[allocated=944.4,reserved=2982.0]
[cuda-debug] stage=contact_diagnostics step=7800 substep=0 top_contacts=[env=3737,item=FBL_FOOT_LINK,value=14286;env=1036,item=RBL_FOOT_LINK,value=12702;env=2478,item=RAR_KNEE_LINK,value=12298;env=3599,item=FBL_FOOT_LINK,value=11926;env=2283,item=FBL_FOOT_LINK,value=10786]
[cuda-debug] reached stage=before_post_physics_step step=7800
[cuda-debug] reached stage=after_post_physics_step step=7800
[cuda-debug] tensors stage=step_outputs step=7800 observations[min=-6.1416,max=6.4877,abs=6.4877] privileged_observations[min=-98.868,max=97.409,abs=98.868] rewards[min=0,max=0.037753,abs=0.037753] memory_mib[allocated=946.1,reserved=2982.0]

######################### Learning iteration 162/4999 ##########################
                       Computation: 17182 steps/s
                   Collection time: 10.519 s
                     Learning time: 0.655 s
               Value function loss: 0.0051
                    Surrogate loss: -0.0097
             Mean action noise std: 0.7874
                       Mean reward: 25.78
               Mean episode length: 1747.23
--------------------------------------------------------------------------------
                   Total timesteps: 31296000
                    Iteration time: 11.17 s
                        Total time: 1447.99 s
                               ETA: 15:00:48
################################################################################

######################### Learning iteration 163/4999 ##########################
                       Computation: 19092 steps/s
                   Collection time: 9.414 s
                     Learning time: 0.642 s
               Value function loss: 0.0052
                    Surrogate loss: -0.0092
             Mean action noise std: 0.7871
                       Mean reward: 25.10
               Mean episode length: 1620.89
--------------------------------------------------------------------------------
                   Total timesteps: 31488000
                    Iteration time: 10.06 s
                        Total time: 1458.04 s
                               ETA: 13:30:31
################################################################################
[cuda-debug] tensors stage=clipped_actions step=7900 actions[min=-6.4219,max=6.126,abs=6.4219] memory_mib[allocated=944.0,reserved=2982.0]
[cuda-debug] tensors stage=before_simulate step=7900 substep=0 actions[min=-6.4219,max=6.126,abs=6.4219] torques[min=-130.67,max=106.38,abs=130.67] joint_pos_target[min=-2.9671,max=3.1,abs=3.1] forces[min=-70,max=70,abs=70] root_states[min=-6.0408,max=73.413,abs=73.413] dof_pos[min=-6.2828,max=6.2824,abs=6.2828] dof_vel[min=-39.78,max=50.508,abs=50.508] memory_mib[allocated=944.3,reserved=2982.0]
[cuda-debug] stage=dof_diagnostics step=7900 substep=0 hard_limit_violation=[env=806,item=RAR_ABAD_JOINT,value=0.00048411;env=534,item=ROBOT_ARM_JOINT2,value=0.00036947;env=3043,item=RAR_ABAD_JOINT,value=0.00024343;env=534,item=ROBOT_ARM_JOINT3,value=0.00017858;env=2167,item=ROBOT_ARM_JOINT3,value=0.00016737] target_clamp=[env=181,item=ROBOT_ARM_JOINT5,value=3.0159;env=2426,item=ROBOT_ARM_JOINT6,value=2.7975;env=1986,item=ROBOT_ARM_JOINT6,value=2.7715;env=3665,item=ROBOT_ARM_JOINT3,value=2.7388;env=1016,item=ROBOT_ARM_JOINT5,value=2.7254] velocity_excess=[env=3349,item=ROBOT_ARM_JOINT4,value=0.07484;env=263,item=ROBOT_ARM_JOINT4,value=0.050965;env=1839,item=ROBOT_ARM_JOINT4,value=0.043279;env=601,item=ROBOT_ARM_JOINT3,value=0.035374;env=1839,item=ROBOT_ARM_JOINT3,value=0.029213]
[cuda-debug] reached stage=before_simulate step=7900 substep=0
[cuda-debug] reached stage=after_fetch_results step=7900 substep=0
[cuda-debug] reached stage=after_refresh_tensors step=7900 substep=0
[cuda-debug] tensors stage=after_refresh_tensors step=7900 substep=0 root_states[min=-6.1287,max=73.413,abs=73.413] dof_pos[min=-6.2806,max=6.2804,abs=6.2806] dof_vel[min=-37.568,max=50.204,abs=50.204] rigid_body_state[min=-42.641,max=73.917,abs=73.917] contact_forces[min=-9215,max=28240,abs=28240] memory_mib[allocated=944.5,reserved=2982.0]
[cuda-debug] stage=contact_diagnostics step=7900 substep=0 top_contacts=[env=497,item=RAR_HIP_LINK,value=31779;env=3737,item=FBL_FOOT_LINK,value=13370;env=529,item=FBL_FOOT_LINK,value=12327;env=2210,item=FAR_FOOT_LINK,value=9643.6;env=3319,item=FAR_FOOT_LINK,value=9327.7]
[cuda-debug] reached stage=before_post_physics_step step=7900
[cuda-debug] reached stage=after_post_physics_step step=7900
[cuda-debug] tensors stage=step_outputs step=7900 observations[min=-6.4219,max=6.126,abs=6.4219] privileged_observations[min=-98.958,max=96.832,abs=98.958] rewards[min=0,max=0.036206,abs=0.036206] memory_mib[allocated=946.2,reserved=2982.0]

######################### Learning iteration 164/4999 ##########################
                       Computation: 17350 steps/s
                   Collection time: 10.422 s
                     Learning time: 0.645 s
               Value function loss: 0.0051
                    Surrogate loss: -0.0129
             Mean action noise std: 0.7877
                       Mean reward: 23.29
               Mean episode length: 1689.60
--------------------------------------------------------------------------------
                   Total timesteps: 31680000
                    Iteration time: 11.07 s
                        Total time: 1469.11 s
                               ETA: 14:51:45
################################################################################

######################### Learning iteration 165/4999 ##########################
                       Computation: 18408 steps/s
                   Collection time: 9.775 s
                     Learning time: 0.655 s
               Value function loss: 0.0087
                    Surrogate loss: -0.0103
             Mean action noise std: 0.7879
                       Mean reward: 23.60
               Mean episode length: 1704.36
--------------------------------------------------------------------------------
                   Total timesteps: 31872000
                    Iteration time: 10.43 s
                        Total time: 1479.54 s
                               ETA: 14:00:17
################################################################################
[cuda-debug] tensors stage=clipped_actions step=8000 actions[min=-6.3568,max=5.6566,abs=6.3568] memory_mib[allocated=944.0,reserved=2982.0]
[cuda-debug] tensors stage=before_simulate step=8000 substep=0 actions[min=-6.3568,max=5.6566,abs=6.3568] torques[min=-130.31,max=116.02,abs=130.31] joint_pos_target[min=-2.9671,max=2.8966,abs=2.9671] forces[min=-70,max=70,abs=70] root_states[min=-5.2382,max=71.657,abs=71.657] dof_pos[min=-6.2831,max=6.2817,abs=6.2831] dof_vel[min=-39.086,max=60.573,abs=60.573] memory_mib[allocated=944.4,reserved=2982.0]
[cuda-debug] stage=dof_diagnostics step=8000 substep=0 hard_limit_violation=[env=3114,item=ROBOT_ARM_JOINT2,value=0.00058283;env=3918,item=FAR_ABAD_JOINT,value=0.00032729;env=1830,item=RAR_ABAD_JOINT,value=0.00022411;env=1488,item=ROBOT_ARM_JOINT3,value=0.00016928;env=3479,item=ROBOT_ARM_JOINT3,value=0.0001514] target_clamp=[env=3014,item=ROBOT_ARM_JOINT6,value=2.8877;env=2186,item=ROBOT_ARM_JOINT6,value=2.8373;env=3856,item=ROBOT_ARM_JOINT5,value=2.6353;env=2529,item=ROBOT_ARM_JOINT5,value=2.5709;env=3315,item=ROBOT_ARM_JOINT6,value=2.557] velocity_excess=[env=534,item=ROBOT_ARM_JOINT4,value=0.09465;env=3435,item=ROBOT_ARM_JOINT4,value=0.087951;env=1773,item=ROBOT_ARM_JOINT1,value=0.023073;env=3604,item=ROBOT_ARM_JOINT4,value=0.0060997]
[cuda-debug] reached stage=before_simulate step=8000 substep=0
[cuda-debug] reached stage=after_fetch_results step=8000 substep=0
[cuda-debug] reached stage=after_refresh_tensors step=8000 substep=0
[cuda-debug] tensors stage=after_refresh_tensors step=8000 substep=0 root_states[min=-5.4931,max=71.658,abs=71.658] dof_pos[min=-6.2814,max=6.2831,abs=6.2831] dof_vel[min=-38.195,max=59.443,abs=59.443] rigid_body_state[min=-52.386,max=72.159,abs=72.159] contact_forces[min=-13556,max=11981,abs=13556] memory_mib[allocated=944.6,reserved=2982.0]
[cuda-debug] stage=contact_diagnostics step=8000 substep=0 top_contacts=[env=2626,item=FBL_FOOT_LINK,value=14112;env=2184,item=RAR_FOOT_LINK,value=13362;env=2184,item=FAR_FOOT_LINK,value=12868;env=2210,item=FAR_FOOT_LINK,value=12476;env=1362,item=RAR_FOOT_LINK,value=12261]
[cuda-debug] reached stage=before_post_physics_step step=8000
[cuda-debug] reached stage=after_post_physics_step step=8000
[cuda-debug] tensors stage=step_outputs step=8000 observations[min=-6.3568,max=5.6566,abs=6.3568] privileged_observations[min=-98.56,max=98.307,abs=98.56] rewards[min=0,max=0.035517,abs=0.035517] memory_mib[allocated=946.3,reserved=2982.0]

######################### Learning iteration 166/4999 ##########################
                       Computation: 15970 steps/s
                   Collection time: 11.386 s
                     Learning time: 0.636 s
               Value function loss: 0.0056
                    Surrogate loss: -0.0102
             Mean action noise std: 0.7880
                       Mean reward: 25.17
               Mean episode length: 1727.94
--------------------------------------------------------------------------------
                   Total timesteps: 32064000
                    Iteration time: 12.02 s
                        Total time: 1491.56 s
                               ETA: 16:08:22
################################################################################

######################### Learning iteration 167/4999 ##########################
                       Computation: 19291 steps/s
                   Collection time: 9.316 s
                     Learning time: 0.637 s
               Value function loss: 0.0047
                    Surrogate loss: -0.0124
             Mean action noise std: 0.7880
                       Mean reward: 24.12
               Mean episode length: 1564.98
--------------------------------------------------------------------------------
                   Total timesteps: 32256000
                    Iteration time: 9.95 s
                        Total time: 1501.52 s
                               ETA: 13:21:30
################################################################################
[cuda-debug] tensors stage=clipped_actions step=8100 actions[min=-5.8243,max=6.5355,abs=6.5355] memory_mib[allocated=944.1,reserved=2982.0]
[cuda-debug] tensors stage=before_simulate step=8100 substep=0 actions[min=-5.8243,max=6.5355,abs=6.5355] torques[min=-116.72,max=115.11,abs=116.72] joint_pos_target[min=-2.9671,max=3.1,abs=3.1] forces[min=-70,max=70,abs=70] root_states[min=-4.4615,max=71.664,abs=71.664] dof_pos[min=-6.2831,max=6.2821,abs=6.2831] dof_vel[min=-35.649,max=40.035,abs=40.035] memory_mib[allocated=944.5,reserved=2982.0]
[cuda-debug] stage=dof_diagnostics step=8100 substep=0 hard_limit_violation=[env=747,item=ROBOT_ARM_JOINT3,value=0.00023937;env=3150,item=ROBOT_ARM_JOINT2,value=0.00023403;env=1547,item=RAR_ABAD_JOINT,value=0.00022483;env=2595,item=ROBOT_ARM_JOINT2,value=0.00020407;env=3150,item=ROBOT_ARM_JOINT3,value=0.00019526] target_clamp=[env=3095,item=ROBOT_ARM_JOINT3,value=2.8376;env=1148,item=ROBOT_ARM_JOINT1,value=2.6459;env=1713,item=ROBOT_ARM_JOINT2,value=2.5911;env=2415,item=ROBOT_ARM_JOINT6,value=2.5838;env=1679,item=ROBOT_ARM_JOINT1,value=2.5718] velocity_excess=[env=608,item=ROBOT_ARM_JOINT3,value=0.076938;env=1530,item=ROBOT_ARM_JOINT4,value=0.05514;env=2772,item=ROBOT_ARM_JOINT1,value=0.049495;env=2591,item=ROBOT_ARM_JOINT4,value=0.026724;env=35,item=ROBOT_ARM_JOINT4,value=0.021447]
[cuda-debug] reached stage=before_simulate step=8100 substep=0
[cuda-debug] reached stage=after_fetch_results step=8100 substep=0
[cuda-debug] reached stage=after_refresh_tensors step=8100 substep=0
[cuda-debug] tensors stage=after_refresh_tensors step=8100 substep=0 root_states[min=-3.4864,max=71.664,abs=71.664] dof_pos[min=-6.2817,max=6.2829,abs=6.2829] dof_vel[min=-36.364,max=65.905,abs=65.905] rigid_body_state[min=-64.049,max=72.12,abs=72.12] contact_forces[min=-7495,max=16123,abs=16123] memory_mib[allocated=944.7,reserved=2982.0]
[cuda-debug] stage=contact_diagnostics step=8100 substep=0 top_contacts=[env=476,item=RAR_FOOT_LINK,value=16862;env=18,item=FBL_FOOT_LINK,value=12356;env=2210,item=FAR_FOOT_LINK,value=10932;env=3599,item=FBL_FOOT_LINK,value=9995.8;env=737,item=RAR_FOOT_LINK,value=9772.3]
[cuda-debug] reached stage=before_post_physics_step step=8100
[cuda-debug] reached stage=after_post_physics_step step=8100
[cuda-debug] tensors stage=step_outputs step=8100 observations[min=-5.8243,max=6.5355,abs=6.5355] privileged_observations[min=-98.986,max=98.345,abs=98.986] rewards[min=0,max=0.038253,abs=0.038253] memory_mib[allocated=946.4,reserved=2982.0]

######################### Learning iteration 168/4999 ##########################
                       Computation: 20858 steps/s
                   Collection time: 8.538 s
                     Learning time: 0.667 s
               Value function loss: 0.0051
                    Surrogate loss: -0.0115
             Mean action noise std: 0.7877
                       Mean reward: 22.54
               Mean episode length: 1641.08
--------------------------------------------------------------------------------
                   Total timesteps: 32448000
                    Iteration time: 9.21 s
                        Total time: 1510.72 s
                               ETA: 12:21:09
################################################################################

######################### Learning iteration 169/4999 ##########################
                       Computation: 19163 steps/s
                   Collection time: 9.355 s
                     Learning time: 0.664 s
               Value function loss: 0.0054
                    Surrogate loss: -0.0116
             Mean action noise std: 0.7874
                       Mean reward: 24.52
               Mean episode length: 1657.84
--------------------------------------------------------------------------------
                   Total timesteps: 32640000
                    Iteration time: 10.02 s
                        Total time: 1520.74 s
                               ETA: 13:26:31
################################################################################
[cuda-debug] tensors stage=clipped_actions step=8200 actions[min=-6.7194,max=7.1756,abs=7.1756] memory_mib[allocated=944.2,reserved=2982.0]
[cuda-debug] tensors stage=before_simulate step=8200 substep=0 actions[min=-6.7194,max=7.1756,abs=7.1756] torques[min=-110.83,max=111.8,abs=111.8] joint_pos_target[min=-2.9671,max=2.6819,abs=2.9671] forces[min=-70,max=70,abs=70] root_states[min=-3.3091,max=71.67,abs=71.67] dof_pos[min=-6.2831,max=6.283,abs=6.2831] dof_vel[min=-43.171,max=42.713,abs=43.171] memory_mib[allocated=944.6,reserved=2982.0]
[cuda-debug] stage=dof_diagnostics step=8200 substep=0 hard_limit_violation=[env=3059,item=RAR_ABAD_JOINT,value=0.00058496;env=76,item=FBL_ABAD_JOINT,value=0.00033712;env=3611,item=ROBOT_ARM_JOINT3,value=0.00022411;env=2167,item=ROBOT_ARM_JOINT3,value=0.00017595;env=747,item=ROBOT_ARM_JOINT3,value=0.00016928] target_clamp=[env=3415,item=ROBOT_ARM_JOINT5,value=2.9129;env=1483,item=ROBOT_ARM_JOINT2,value=2.7739;env=1048,item=ROBOT_ARM_JOINT4,value=2.751;env=1079,item=ROBOT_ARM_JOINT6,value=2.6775;env=1825,item=ROBOT_ARM_JOINT6,value=2.6326] velocity_excess=[env=1898,item=ROBOT_ARM_JOINT4,value=0.092293;env=242,item=ROBOT_ARM_JOINT4,value=0.014091;env=3011,item=ROBOT_ARM_JOINT4,value=0.0030289]
[cuda-debug] reached stage=before_simulate step=8200 substep=0
[cuda-debug] reached stage=after_fetch_results step=8200 substep=0
[cuda-debug] reached stage=after_refresh_tensors step=8200 substep=0
[cuda-debug] tensors stage=after_refresh_tensors step=8200 substep=0 root_states[min=-3.1824,max=71.67,abs=71.67] dof_pos[min=-6.2821,max=6.2832,abs=6.2832] dof_vel[min=-44.911,max=45.605,abs=45.605] rigid_body_state[min=-36.168,max=72.143,abs=72.143] contact_forces[min=-17562,max=24475,abs=24475] memory_mib[allocated=944.8,reserved=2982.0]
[cuda-debug] stage=contact_diagnostics step=8200 substep=0 top_contacts=[env=806,item=BASE_LINK,value=31774;env=476,item=RAR_FOOT_LINK,value=17476;env=1109,item=FAR_FOOT_LINK,value=14096;env=1007,item=FBL_FOOT_LINK,value=11065;env=330,item=RBL_FOOT_LINK,value=10466]
[cuda-debug] reached stage=before_post_physics_step step=8200
[cuda-debug] reached stage=after_post_physics_step step=8200
[cuda-debug] tensors stage=step_outputs step=8200 observations[min=-6.7194,max=7.1756,abs=7.1756] privileged_observations[min=-98.155,max=86.902,abs=98.155] rewards[min=0,max=0.037054,abs=0.037054] memory_mib[allocated=946.5,reserved=2982.0]

######################### Learning iteration 170/4999 ##########################
                       Computation: 20200 steps/s
                   Collection time: 8.843 s
                     Learning time: 0.661 s
               Value function loss: 0.0054
                    Surrogate loss: -0.0104
             Mean action noise std: 0.7870
                       Mean reward: 24.76
               Mean episode length: 1741.54
--------------------------------------------------------------------------------
                   Total timesteps: 32832000
                    Iteration time: 9.50 s
                        Total time: 1530.24 s
                               ETA: 12:44:58
################################################################################

######################### Learning iteration 171/4999 ##########################
                       Computation: 19879 steps/s
                   Collection time: 8.970 s
                     Learning time: 0.688 s
               Value function loss: 0.0054
                    Surrogate loss: -0.0093
             Mean action noise std: 0.7868
                       Mean reward: 26.41
               Mean episode length: 1729.11
--------------------------------------------------------------------------------
                   Total timesteps: 33024000
                    Iteration time: 9.66 s
                        Total time: 1539.90 s
                               ETA: 12:57:10
################################################################################
[cuda-debug] tensors stage=clipped_actions step=8300 actions[min=-6.1895,max=5.9181,abs=6.1895] memory_mib[allocated=944.3,reserved=2982.0]
[cuda-debug] tensors stage=before_simulate step=8300 substep=0 actions[min=-6.1895,max=5.9181,abs=6.1895] torques[min=-127.19,max=124.2,abs=127.19] joint_pos_target[min=-2.9671,max=2.855,abs=2.9671] forces[min=-70,max=70,abs=70] root_states[min=-4.8961,max=71.679,abs=71.679] dof_pos[min=-6.2816,max=6.2822,abs=6.2822] dof_vel[min=-40.204,max=37.099,abs=40.204] memory_mib[allocated=944.7,reserved=2982.0]
[cuda-debug] stage=dof_diagnostics step=8300 substep=0 hard_limit_violation=[env=3626,item=ROBOT_ARM_JOINT2,value=0.00065958;env=608,item=ROBOT_ARM_JOINT2,value=0.00033707;env=2718,item=ROBOT_ARM_JOINT3,value=0.00021386;env=3626,item=ROBOT_ARM_JOINT3,value=0.00019693;env=608,item=ROBOT_ARM_JOINT3,value=0.00018692] target_clamp=[env=2652,item=ROBOT_ARM_JOINT6,value=3.5691;env=860,item=ROBOT_ARM_JOINT6,value=2.8838;env=2863,item=ROBOT_ARM_JOINT6,value=2.8822;env=2218,item=ROBOT_ARM_JOINT4,value=2.8438;env=0,item=ROBOT_ARM_JOINT6,value=2.8421] velocity_excess=[env=2311,item=ROBOT_ARM_JOINT1,value=0.16841;env=3823,item=ROBOT_ARM_JOINT5,value=0.14565;env=3265,item=ROBOT_ARM_JOINT5,value=0.06138;env=2290,item=ROBOT_ARM_JOINT4,value=0.039839;env=1622,item=ROBOT_ARM_JOINT4,value=0.02853]
[cuda-debug] reached stage=before_simulate step=8300 substep=0
[cuda-debug] reached stage=after_fetch_results step=8300 substep=0
[cuda-debug] reached stage=after_refresh_tensors step=8300 substep=0
[cuda-debug] tensors stage=after_refresh_tensors step=8300 substep=0 root_states[min=-4.8651,max=71.679,abs=71.679] dof_pos[min=-6.2809,max=6.2825,abs=6.2825] dof_vel[min=-35.433,max=40.023,abs=40.023] rigid_body_state[min=-37.83,max=72.229,abs=72.229] contact_forces[min=-7619,max=8178.2,abs=8178.2] memory_mib[allocated=944.9,reserved=2982.0]
[cuda-debug] stage=contact_diagnostics step=8300 substep=0 top_contacts=[env=3599,item=FBL_FOOT_LINK,value=11208;env=2210,item=FAR_FOOT_LINK,value=9928.6;env=2626,item=FBL_FOOT_LINK,value=8723.1;env=2184,item=FAR_FOOT_LINK,value=8445.9;env=1222,item=FBL_FOOT_LINK,value=7878.3]
[cuda-debug] reached stage=before_post_physics_step step=8300
[cuda-debug] reached stage=after_post_physics_step step=8300
[cuda-debug] tensors stage=step_outputs step=8300 observations[min=-6.1895,max=5.9181,abs=6.1895] privileged_observations[min=-98.431,max=97.944,abs=98.431] rewards[min=0,max=0.036729,abs=0.036729] memory_mib[allocated=946.6,reserved=2982.0]

######################### Learning iteration 172/4999 ##########################
                       Computation: 19286 steps/s
                   Collection time: 9.279 s
                     Learning time: 0.676 s
               Value function loss: 0.0060
                    Surrogate loss: -0.0106
             Mean action noise std: 0.7868
                       Mean reward: 23.47
               Mean episode length: 1634.03
--------------------------------------------------------------------------------
                   Total timesteps: 33216000
                    Iteration time: 9.96 s
                        Total time: 1549.86 s
                               ETA: 13:20:53
################################################################################

######################### Learning iteration 173/4999 ##########################
                       Computation: 19100 steps/s
                   Collection time: 9.376 s
                     Learning time: 0.677 s
               Value function loss: 0.0053
                    Surrogate loss: -0.0116
             Mean action noise std: 0.7865
                       Mean reward: 24.94
               Mean episode length: 1726.24
--------------------------------------------------------------------------------
                   Total timesteps: 33408000
                    Iteration time: 10.05 s
                        Total time: 1559.91 s
                               ETA: 13:28:32
################################################################################
[cuda-debug] tensors stage=clipped_actions step=8400 actions[min=-6.4623,max=6.6722,abs=6.6722] memory_mib[allocated=944.5,reserved=2982.0]
[cuda-debug] tensors stage=before_simulate step=8400 substep=0 actions[min=-6.4623,max=6.6722,abs=6.6722] torques[min=-114.64,max=135.59,abs=135.59] joint_pos_target[min=-2.9671,max=2.9138,abs=2.9671] forces[min=-70,max=70,abs=70] root_states[min=-5.1458,max=72.029,abs=72.029] dof_pos[min=-6.283,max=6.2826,abs=6.283] dof_vel[min=-39.706,max=38.509,abs=39.706] memory_mib[allocated=944.8,reserved=2982.0]
[cuda-debug] stage=dof_diagnostics step=8400 substep=0 hard_limit_violation=[env=1384,item=RAR_ABAD_JOINT,value=0.00064266;env=76,item=FAR_ABAD_JOINT,value=0.00051254;env=3936,item=RAR_ABAD_JOINT,value=0.00025058;env=3703,item=ROBOT_ARM_JOINT3,value=0.0002172;env=608,item=ROBOT_ARM_JOINT3,value=0.00021029] target_clamp=[env=1154,item=ROBOT_ARM_JOINT1,value=3.3096;env=2687,item=ROBOT_ARM_JOINT6,value=2.8364;env=158,item=ROBOT_ARM_JOINT6,value=2.8082;env=1553,item=ROBOT_ARM_JOINT6,value=2.7322;env=2047,item=ROBOT_ARM_JOINT6,value=2.6681] velocity_excess=[env=822,item=ROBOT_ARM_JOINT5,value=0.047793;env=3672,item=ROBOT_ARM_JOINT4,value=0.02325;env=2048,item=ROBOT_ARM_JOINT4,value=0.020262;env=721,item=ROBOT_ARM_JOINT4,value=0.020258;env=1076,item=ROBOT_ARM_JOINT4,value=0.019538]
[cuda-debug] reached stage=before_simulate step=8400 substep=0
[cuda-debug] reached stage=after_fetch_results step=8400 substep=0
[cuda-debug] reached stage=after_refresh_tensors step=8400 substep=0
[cuda-debug] tensors stage=after_refresh_tensors step=8400 substep=0 root_states[min=-5.304,max=72.029,abs=72.029] dof_pos[min=-6.2829,max=6.2831,abs=6.2831] dof_vel[min=-41.992,max=35.693,abs=41.992] rigid_body_state[min=-35.635,max=72.584,abs=72.584] contact_forces[min=-15794,max=12892,abs=15794] memory_mib[allocated=945.0,reserved=2982.0]
[cuda-debug] stage=contact_diagnostics step=8400 substep=0 top_contacts=[env=1691,item=FBL_FOOT_LINK,value=17603;env=806,item=BASE_LINK,value=16632;env=2626,item=FBL_FOOT_LINK,value=16445;env=2311,item=RAR_FOOT_LINK,value=10251;env=2210,item=FAR_FOOT_LINK,value=10044]
[cuda-debug] reached stage=before_post_physics_step step=8400
[cuda-debug] reached stage=after_post_physics_step step=8400
[cuda-debug] tensors stage=step_outputs step=8400 observations[min=-6.4623,max=6.6722,abs=6.6722] privileged_observations[min=-97.06,max=90.425,abs=97.06] rewards[min=0,max=0.037302,abs=0.037302] memory_mib[allocated=946.7,reserved=2982.0]

######################### Learning iteration 174/4999 ##########################
                       Computation: 18813 steps/s
                   Collection time: 9.521 s
                     Learning time: 0.684 s
               Value function loss: 0.0053
                    Surrogate loss: -0.0115
             Mean action noise std: 0.7857
                       Mean reward: 23.48
               Mean episode length: 1669.73
--------------------------------------------------------------------------------
                   Total timesteps: 33600000
                    Iteration time: 10.21 s
                        Total time: 1570.11 s
                               ETA: 13:40:39
################################################################################

######################### Learning iteration 175/4999 ##########################
                       Computation: 19239 steps/s
                   Collection time: 9.310 s
                     Learning time: 0.669 s
               Value function loss: 0.0053
                    Surrogate loss: -0.0100
             Mean action noise std: 0.7858
                       Mean reward: 24.76
               Mean episode length: 1725.27
--------------------------------------------------------------------------------
                   Total timesteps: 33792000
                    Iteration time: 9.98 s
                        Total time: 1580.09 s
                               ETA: 13:22:21
################################################################################

######################### Learning iteration 176/4999 ##########################
                       Computation: 17308 steps/s
                   Collection time: 10.418 s
                     Learning time: 0.675 s
               Value function loss: 0.0055
                    Surrogate loss: -0.0087
             Mean action noise std: 0.7855
                       Mean reward: 25.09
               Mean episode length: 1764.84
--------------------------------------------------------------------------------
                   Total timesteps: 33984000
                    Iteration time: 11.09 s
                        Total time: 1591.19 s
                               ETA: 14:51:42
################################################################################
[cuda-debug] tensors stage=clipped_actions step=8500 actions[min=-6.5708,max=5.6922,abs=6.5708] memory_mib[allocated=943.3,reserved=2982.0]
[cuda-debug] tensors stage=before_simulate step=8500 substep=0 actions[min=-6.5708,max=5.6922,abs=6.5708] torques[min=-146.78,max=137.42,abs=146.78] joint_pos_target[min=-2.9671,max=3.0424,abs=3.0424] forces[min=-70,max=70,abs=70] root_states[min=-4.4659,max=72.309,abs=72.309] dof_pos[min=-6.2831,max=6.2823,abs=6.2831] dof_vel[min=-34.09,max=38.274,abs=38.274] memory_mib[allocated=943.7,reserved=2982.0]
[cuda-debug] stage=dof_diagnostics step=8500 substep=0 hard_limit_violation=[env=2650,item=RBL_ABAD_JOINT,value=0.00083119;env=1822,item=FBL_ABAD_JOINT,value=0.00068223;env=3703,item=ROBOT_ARM_JOINT3,value=0.00019598;env=1303,item=ROBOT_ARM_JOINT3,value=0.00018406;env=3652,item=ROBOT_ARM_JOINT3,value=0.00017619] target_clamp=[env=11,item=ROBOT_ARM_JOINT2,value=3.0695;env=1984,item=ROBOT_ARM_JOINT2,value=2.9656;env=660,item=ROBOT_ARM_JOINT6,value=2.8511;env=3706,item=ROBOT_ARM_JOINT3,value=2.7859;env=3676,item=ROBOT_ARM_JOINT6,value=2.6744] velocity_excess=[env=1006,item=ROBOT_ARM_JOINT5,value=4.1997;env=1006,item=ROBOT_ARM_JOINT6,value=2.7002;env=2650,item=ROBOT_ARM_JOINT6,value=2.1393;env=3090,item=ROBOT_ARM_JOINT4,value=0.038533;env=1937,item=ROBOT_ARM_JOINT4,value=0.029975]
[cuda-debug] reached stage=before_simulate step=8500 substep=0
[cuda-debug] reached stage=after_fetch_results step=8500 substep=0
[cuda-debug] reached stage=after_refresh_tensors step=8500 substep=0
[cuda-debug] tensors stage=after_refresh_tensors step=8500 substep=0 root_states[min=-3.8839,max=72.309,abs=72.309] dof_pos[min=-6.2827,max=6.2824,abs=6.2827] dof_vel[min=-32.397,max=36.494,abs=36.494] rigid_body_state[min=-35.999,max=72.876,abs=72.876] contact_forces[min=-10211,max=16420,abs=16420] memory_mib[allocated=943.9,reserved=2982.0]
[cuda-debug] stage=contact_diagnostics step=8500 substep=0 top_contacts=[env=476,item=RAR_FOOT_LINK,value=17179;env=806,item=RAR_HIP_LINK,value=12800;env=806,item=RBL_FOOT_LINK,value=12463;env=806,item=FAR_FOOT_LINK,value=12379;env=2210,item=FAR_FOOT_LINK,value=11557]
[cuda-debug] reached stage=before_post_physics_step step=8500
[cuda-debug] reached stage=after_post_physics_step step=8500
[cuda-debug] tensors stage=step_outputs step=8500 observations[min=-6.5708,max=5.6922,abs=6.5708] privileged_observations[min=-98.863,max=90.064,abs=98.863] rewards[min=0,max=0.038366,abs=0.038366] memory_mib[allocated=945.6,reserved=2982.0]

######################### Learning iteration 177/4999 ##########################
                       Computation: 17730 steps/s
                   Collection time: 10.159 s
                     Learning time: 0.670 s
               Value function loss: 0.0056
                    Surrogate loss: -0.0126
             Mean action noise std: 0.7854
                       Mean reward: 23.02
               Mean episode length: 1589.96
--------------------------------------------------------------------------------
                   Total timesteps: 34176000
                    Iteration time: 10.83 s
                        Total time: 1602.02 s
                               ETA: 14:30:15
################################################################################

######################### Learning iteration 178/4999 ##########################
                       Computation: 18162 steps/s
                   Collection time: 9.898 s
                     Learning time: 0.673 s
               Value function loss: 0.0057
                    Surrogate loss: -0.0122
             Mean action noise std: 0.7853
                       Mean reward: 25.56
               Mean episode length: 1749.74
--------------------------------------------------------------------------------
                   Total timesteps: 34368000
                    Iteration time: 10.57 s
                        Total time: 1612.59 s
                               ETA: 14:09:23
################################################################################
[cuda-debug] tensors stage=clipped_actions step=8600 actions[min=-6.7082,max=7.219,abs=7.219] memory_mib[allocated=943.5,reserved=2982.0]
[cuda-debug] tensors stage=before_simulate step=8600 substep=0 actions[min=-6.7082,max=7.219,abs=7.219] torques[min=-134.38,max=111.82,abs=134.38] joint_pos_target[min=-2.9671,max=2.8304,abs=2.9671] forces[min=-70,max=70,abs=70] root_states[min=-4.155,max=72.515,abs=72.515] dof_pos[min=-6.2828,max=6.2824,abs=6.2828] dof_vel[min=-32.086,max=52.96,abs=52.96] memory_mib[allocated=943.8,reserved=2982.0]
[cuda-debug] stage=dof_diagnostics step=8600 substep=0 hard_limit_violation=[env=3342,item=FBL_ABAD_JOINT,value=0.00039405;env=456,item=FAR_ABAD_JOINT,value=0.00030869;env=2417,item=ROBOT_ARM_JOINT3,value=0.00021219;env=2718,item=ROBOT_ARM_JOINT3,value=0.00020909;env=1037,item=ROBOT_ARM_JOINT3,value=0.00019145] target_clamp=[env=533,item=ROBOT_ARM_JOINT1,value=3.0264;env=2416,item=ROBOT_ARM_JOINT6,value=2.7816;env=479,item=ROBOT_ARM_JOINT6,value=2.7426;env=1903,item=ROBOT_ARM_JOINT2,value=2.5994;env=3507,item=ROBOT_ARM_JOINT6,value=2.5779] velocity_excess=[env=3552,item=ROBOT_ARM_JOINT4,value=0.02749;env=1406,item=ROBOT_ARM_JOINT4,value=0.022355;env=17,item=ROBOT_ARM_JOINT4,value=0.0099087]
[cuda-debug] reached stage=before_simulate step=8600 substep=0
[cuda-debug] reached stage=after_fetch_results step=8600 substep=0
[cuda-debug] reached stage=after_refresh_tensors step=8600 substep=0
[cuda-debug] tensors stage=after_refresh_tensors step=8600 substep=0 root_states[min=-4.0025,max=72.515,abs=72.515] dof_pos[min=-6.279,max=6.2828,abs=6.2828] dof_vel[min=-29.844,max=52.408,abs=52.408] rigid_body_state[min=-32.646,max=73.063,abs=73.063] contact_forces[min=-13945,max=11915,abs=13945] memory_mib[allocated=944.0,reserved=2982.0]
[cuda-debug] stage=contact_diagnostics step=8600 substep=0 top_contacts=[env=2728,item=FAR_FOOT_LINK,value=14343;env=2201,item=FBL_FOOT_LINK,value=14265;env=2210,item=FAR_FOOT_LINK,value=13196;env=806,item=RBL_FOOT_LINK,value=12036;env=2626,item=FBL_FOOT_LINK,value=11385]
[cuda-debug] reached stage=before_post_physics_step step=8600
[cuda-debug] reached stage=after_post_physics_step step=8600
[cuda-debug] tensors stage=step_outputs step=8600 observations[min=-6.7082,max=7.219,abs=7.219] privileged_observations[min=-98.448,max=98.029,abs=98.448] rewards[min=0,max=0.037217,abs=0.037217] memory_mib[allocated=945.7,reserved=2982.0]

######################### Learning iteration 179/4999 ##########################
                       Computation: 20305 steps/s
                   Collection time: 8.801 s
                     Learning time: 0.654 s
               Value function loss: 0.0054
                    Surrogate loss: -0.0123
             Mean action noise std: 0.7858
                       Mean reward: 24.74
               Mean episode length: 1764.01
--------------------------------------------------------------------------------
                   Total timesteps: 34560000
                    Iteration time: 9.46 s
                        Total time: 1622.04 s
                               ETA: 12:39:35
################################################################################

######################### Learning iteration 180/4999 ##########################
                       Computation: 18636 steps/s
                   Collection time: 9.663 s
                     Learning time: 0.640 s
               Value function loss: 0.0059
                    Surrogate loss: -0.0091
             Mean action noise std: 0.7856
                       Mean reward: 21.76
               Mean episode length: 1659.17
--------------------------------------------------------------------------------
                   Total timesteps: 34752000
                    Iteration time: 10.30 s
                        Total time: 1632.35 s
                               ETA: 13:47:27
################################################################################
[cuda-debug] tensors stage=clipped_actions step=8700 actions[min=-6.9777,max=6.7435,abs=6.9777] memory_mib[allocated=943.6,reserved=2982.0]
[cuda-debug] tensors stage=before_simulate step=8700 substep=0 actions[min=-6.9777,max=6.7435,abs=6.9777] torques[min=-124.16,max=110.94,abs=124.16] joint_pos_target[min=-2.9671,max=2.8132,abs=2.9671] forces[min=-70,max=70,abs=70] root_states[min=-3.7544,max=70.089,abs=70.089] dof_pos[min=-6.283,max=6.283,abs=6.283] dof_vel[min=-44.576,max=38.223,abs=44.576] memory_mib[allocated=943.9,reserved=2982.0]
[cuda-debug] stage=dof_diagnostics step=8700 substep=0 hard_limit_violation=[env=2718,item=ROBOT_ARM_JOINT3,value=0.00021362;env=2417,item=ROBOT_ARM_JOINT3,value=0.00019193;env=1211,item=ROBOT_ARM_JOINT3,value=0.00017023;env=2417,item=ROBOT_ARM_JOINT2,value=0.00016151;env=863,item=ROBOT_ARM_JOINT3,value=0.00015283] target_clamp=[env=1776,item=ROBOT_ARM_JOINT6,value=3.2313;env=1986,item=ROBOT_ARM_JOINT6,value=2.8382;env=1176,item=ROBOT_ARM_JOINT5,value=2.7315;env=3104,item=ROBOT_ARM_JOINT5,value=2.6348;env=2091,item=ROBOT_ARM_JOINT2,value=2.5443] velocity_excess=[env=736,item=ROBOT_ARM_JOINT6,value=1.0785;env=2958,item=ROBOT_ARM_JOINT4,value=0.015536]
[cuda-debug] reached stage=before_simulate step=8700 substep=0
[cuda-debug] reached stage=after_fetch_results step=8700 substep=0
[cuda-debug] reached stage=after_refresh_tensors step=8700 substep=0
[cuda-debug] tensors stage=after_refresh_tensors step=8700 substep=0 root_states[min=-3.7639,max=70.089,abs=70.089] dof_pos[min=-6.2809,max=6.2823,abs=6.2823] dof_vel[min=-41.189,max=38.548,abs=41.189] rigid_body_state[min=-37.63,max=70.686,abs=70.686] contact_forces[min=-6276.1,max=22131,abs=22131] memory_mib[allocated=944.1,reserved=2982.0]
[cuda-debug] stage=contact_diagnostics step=8700 substep=0 top_contacts=[env=3207,item=BASE_LINK,value=22495;env=3207,item=RBL_FOOT_LINK,value=13609;env=2210,item=FAR_FOOT_LINK,value=10496;env=690,item=FAR_FOOT_LINK,value=9753;env=2626,item=FBL_FOOT_LINK,value=9081.5]
[cuda-debug] reached stage=before_post_physics_step step=8700
[cuda-debug] reached stage=after_post_physics_step step=8700
[cuda-debug] tensors stage=step_outputs step=8700 observations[min=-6.9777,max=6.7435,abs=6.9777] privileged_observations[min=-95.073,max=93.322,abs=95.073] rewards[min=0,max=0.037288,abs=0.037288] memory_mib[allocated=945.8,reserved=2982.0]

######################### Learning iteration 181/4999 ##########################
                       Computation: 12297 steps/s
                   Collection time: 14.955 s
                     Learning time: 0.658 s
               Value function loss: 0.0053
                    Surrogate loss: -0.0104
             Mean action noise std: 0.7854
                       Mean reward: 21.58
               Mean episode length: 1652.49
--------------------------------------------------------------------------------
                   Total timesteps: 34944000
                    Iteration time: 15.61 s
                        Total time: 1647.96 s
                               ETA: 20:53:41
################################################################################

######################### Learning iteration 182/4999 ##########################
                       Computation: 11204 steps/s
                   Collection time: 16.484 s
                     Learning time: 0.651 s
               Value function loss: 0.0056
                    Surrogate loss: -0.0102
             Mean action noise std: 0.7855
                       Mean reward: 25.14
               Mean episode length: 1655.48
--------------------------------------------------------------------------------
                   Total timesteps: 35136000
                    Iteration time: 17.14 s
                        Total time: 1665.09 s
                               ETA: 22:55:41
################################################################################
[cuda-debug] tensors stage=clipped_actions step=8800 actions[min=-6.2105,max=6.3693,abs=6.3693] memory_mib[allocated=943.6,reserved=2982.0]
[cuda-debug] tensors stage=before_simulate step=8800 substep=0 actions[min=-6.2105,max=6.3693,abs=6.3693] torques[min=-111.85,max=107.06,abs=111.85] joint_pos_target[min=-2.9671,max=3.08,abs=3.08] forces[min=-70,max=70,abs=70] root_states[min=-4.1105,max=69.997,abs=69.997] dof_pos[min=-6.283,max=6.2821,abs=6.283] dof_vel[min=-45.833,max=36.869,abs=45.833] memory_mib[allocated=944.0,reserved=2982.0]
[cuda-debug] stage=dof_diagnostics step=8800 substep=0 hard_limit_violation=[env=261,item=ROBOT_ARM_JOINT3,value=0.00019169;env=1520,item=ROBOT_ARM_JOINT3,value=0.00018191;env=2548,item=RAR_ABAD_JOINT,value=0.000166;env=2417,item=ROBOT_ARM_JOINT2,value=0.00015356;env=2417,item=ROBOT_ARM_JOINT3,value=0.00014138] target_clamp=[env=3720,item=ROBOT_ARM_JOINT1,value=3.1844;env=3586,item=ROBOT_ARM_JOINT5,value=2.9408;env=1313,item=ROBOT_ARM_JOINT2,value=2.8394;env=610,item=ROBOT_ARM_JOINT3,value=2.8314;env=1822,item=ROBOT_ARM_JOINT5,value=2.787] velocity_excess=[env=3485,item=ROBOT_ARM_JOINT4,value=0.026855;env=97,item=ROBOT_ARM_JOINT4,value=0.023348;env=1583,item=ROBOT_ARM_JOINT4,value=0.0039806]
[cuda-debug] reached stage=before_simulate step=8800 substep=0
[cuda-debug] reached stage=after_fetch_results step=8800 substep=0
[cuda-debug] reached stage=after_refresh_tensors step=8800 substep=0
[cuda-debug] tensors stage=after_refresh_tensors step=8800 substep=0 root_states[min=-3.367,max=69.997,abs=69.997] dof_pos[min=-6.2831,max=6.2819,abs=6.2831] dof_vel[min=-44.713,max=34.343,abs=44.713] rigid_body_state[min=-38.921,max=70.574,abs=70.574] contact_forces[min=-36014,max=93950,abs=93950] memory_mib[allocated=944.2,reserved=2982.0]
[cuda-debug] stage=contact_diagnostics step=8800 substep=0 top_contacts=[env=736,item=RAR_HIP_LINK,value=1.0081e+05;env=3207,item=RAR_HIP_LINK,value=30014;env=2626,item=FBL_FOOT_LINK,value=19052;env=564,item=FBL_FOOT_LINK,value=10186;env=2210,item=FAR_FOOT_LINK,value=9802.8]
[cuda-debug] reached stage=before_post_physics_step step=8800
[cuda-debug] reached stage=after_post_physics_step step=8800
[cuda-debug] tensors stage=step_outputs step=8800 observations[min=-6.2105,max=6.3693,abs=6.3693] privileged_observations[min=-97.588,max=98.988,abs=98.988] rewards[min=0,max=0.036156,abs=0.036156] memory_mib[allocated=945.8,reserved=2982.0]

######################### Learning iteration 183/4999 ##########################
                       Computation: 11274 steps/s
                   Collection time: 16.351 s
                     Learning time: 0.678 s
               Value function loss: 0.0051
                    Surrogate loss: -0.0078
             Mean action noise std: 0.7852
                       Mean reward: 23.93
               Mean episode length: 1704.04
--------------------------------------------------------------------------------
                   Total timesteps: 35328000
                    Iteration time: 17.03 s
                        Total time: 1682.12 s
                               ETA: 22:46:52
################################################################################

######################### Learning iteration 184/4999 ##########################
                       Computation: 12831 steps/s
                   Collection time: 14.275 s
                     Learning time: 0.688 s
               Value function loss: 0.0053
                    Surrogate loss: -0.0084
             Mean action noise std: 0.7848
                       Mean reward: 26.39
               Mean episode length: 1702.28
--------------------------------------------------------------------------------
                   Total timesteps: 35520000
                    Iteration time: 14.96 s
                        Total time: 1697.09 s
                               ETA: 20:00:46
################################################################################
[cuda-debug] tensors stage=clipped_actions step=8900 actions[min=-6.3155,max=6.7178,abs=6.7178] memory_mib[allocated=943.7,reserved=2982.0]
[cuda-debug] tensors stage=before_simulate step=8900 substep=0 actions[min=-6.3155,max=6.7178,abs=6.7178] torques[min=-113.08,max=118.34,abs=118.34] joint_pos_target[min=-2.9671,max=2.92,abs=2.9671] forces[min=-70,max=70,abs=70] root_states[min=-5.3379,max=70.004,abs=70.004] dof_pos[min=-6.2826,max=6.2813,abs=6.2826] dof_vel[min=-47.771,max=38.877,abs=47.771] memory_mib[allocated=944.1,reserved=2982.0]
[cuda-debug] stage=dof_diagnostics step=8900 substep=0 hard_limit_violation=[env=2485,item=FAR_ABAD_JOINT,value=0.00061655;env=3182,item=FAR_ABAD_JOINT,value=0.00061131;env=2597,item=RAR_ABAD_JOINT,value=0.0005939;env=2415,item=RAR_ABAD_JOINT,value=0.0003131;env=610,item=ROBOT_ARM_JOINT3,value=0.00019431] target_clamp=[env=3789,item=ROBOT_ARM_JOINT2,value=2.7026;env=3798,item=ROBOT_ARM_JOINT6,value=2.6938;env=2021,item=ROBOT_ARM_JOINT4,value=2.6828;env=1179,item=ROBOT_ARM_JOINT2,value=2.6607;env=3341,item=ROBOT_ARM_JOINT3,value=2.5323] velocity_excess=[env=1044,item=ROBOT_ARM_JOINT5,value=0.050374;env=260,item=ROBOT_ARM_JOINT4,value=0.040398;env=2139,item=ROBOT_ARM_JOINT4,value=0.017907;env=1667,item=ROBOT_ARM_JOINT4,value=0.0048647]
[cuda-debug] reached stage=before_simulate step=8900 substep=0
[cuda-debug] reached stage=after_fetch_results step=8900 substep=0
[cuda-debug] reached stage=after_refresh_tensors step=8900 substep=0
[cuda-debug] tensors stage=after_refresh_tensors step=8900 substep=0 root_states[min=-5.5221,max=70.005,abs=70.005] dof_pos[min=-6.2828,max=6.283,abs=6.283] dof_vel[min=-45.315,max=38.767,abs=45.315] rigid_body_state[min=-47.85,max=70.524,abs=70.524] contact_forces[min=-17434,max=24038,abs=24038] memory_mib[allocated=944.3,reserved=2982.0]
[cuda-debug] stage=contact_diagnostics step=8900 substep=0 top_contacts=[env=3207,item=RAR_HIP_LINK,value=24247;env=2626,item=FBL_FOOT_LINK,value=18076;env=3207,item=BASE_LINK,value=15794;env=2210,item=FAR_FOOT_LINK,value=12534;env=2149,item=FAR_FOOT_LINK,value=10459]
[cuda-debug] reached stage=before_post_physics_step step=8900
[cuda-debug] reached stage=after_post_physics_step step=8900
[cuda-debug] tensors stage=step_outputs step=8900 observations[min=-6.3155,max=6.7178,abs=6.7178] privileged_observations[min=-98.949,max=97.023,abs=98.949] rewards[min=0,max=0.039199,abs=0.039199] memory_mib[allocated=946.0,reserved=2982.0]

######################### Learning iteration 185/4999 ##########################
                       Computation: 14242 steps/s
                   Collection time: 12.833 s
                     Learning time: 0.648 s
               Value function loss: 0.0051
                    Surrogate loss: -0.0085
             Mean action noise std: 0.7846
                       Mean reward: 26.49
               Mean episode length: 1800.24
--------------------------------------------------------------------------------
                   Total timesteps: 35712000
                    Iteration time: 13.48 s
                        Total time: 1710.57 s
                               ETA: 18:01:35
################################################################################

######################### Learning iteration 186/4999 ##########################
                       Computation: 14385 steps/s
                   Collection time: 12.662 s
                     Learning time: 0.685 s
               Value function loss: 0.0055
                    Surrogate loss: -0.0058
             Mean action noise std: 0.7844
                       Mean reward: 23.13
               Mean episode length: 1669.74
--------------------------------------------------------------------------------
                   Total timesteps: 35904000
                    Iteration time: 13.35 s
                        Total time: 1723.91 s
                               ETA: 17:50:39
################################################################################
[cuda-debug] tensors stage=clipped_actions step=9000 actions[min=-6.1805,max=6.1715,abs=6.1805] memory_mib[allocated=943.8,reserved=2982.0]
[cuda-debug] tensors stage=before_simulate step=9000 substep=0 actions[min=-6.1805,max=6.1715,abs=6.1805] torques[min=-129.24,max=104.06,abs=129.24] joint_pos_target[min=-2.9671,max=2.8857,abs=2.9671] forces[min=-70,max=70,abs=70] root_states[min=-4.3166,max=70.188,abs=70.188] dof_pos[min=-6.2829,max=6.2831,abs=6.2831] dof_vel[min=-32.835,max=36.884,abs=36.884] memory_mib[allocated=944.2,reserved=2982.0]
[cuda-debug] stage=dof_diagnostics step=9000 substep=0 hard_limit_violation=[env=3578,item=RAR_ABAD_JOINT,value=0.00050575;env=995,item=RAR_ABAD_JOINT,value=0.00045747;env=1037,item=ROBOT_ARM_JOINT3,value=0.00020576;env=261,item=ROBOT_ARM_JOINT3,value=0.00018811;env=261,item=ROBOT_ARM_JOINT2,value=0.00016821] target_clamp=[env=2179,item=ROBOT_ARM_JOINT4,value=3.2596;env=3149,item=ROBOT_ARM_JOINT3,value=2.7015;env=2903,item=ROBOT_ARM_JOINT1,value=2.6984;env=2650,item=ROBOT_ARM_JOINT2,value=2.6346;env=3114,item=ROBOT_ARM_JOINT3,value=2.6288] velocity_excess=[env=701,item=ROBOT_ARM_JOINT4,value=0.0035038]
[cuda-debug] reached stage=before_simulate step=9000 substep=0
[cuda-debug] reached stage=after_fetch_results step=9000 substep=0
[cuda-debug] reached stage=after_refresh_tensors step=9000 substep=0
[cuda-debug] tensors stage=after_refresh_tensors step=9000 substep=0 root_states[min=-3.8607,max=70.189,abs=70.189] dof_pos[min=-6.2825,max=6.2824,abs=6.2825] dof_vel[min=-33.143,max=37.297,abs=37.297] rigid_body_state[min=-29.693,max=70.595,abs=70.595] contact_forces[min=-9085.5,max=63036,abs=63036] memory_mib[allocated=944.4,reserved=2982.0]
[cuda-debug] stage=contact_diagnostics step=9000 substep=0 top_contacts=[env=3207,item=RAR_HIP_LINK,value=63170;env=3207,item=BASE_LINK,value=62507;env=2042,item=RBL_FOOT_LINK,value=16307;env=3676,item=RBL_FOOT_LINK,value=14731;env=2626,item=FBL_FOOT_LINK,value=11563]
[cuda-debug] reached stage=before_post_physics_step step=9000
[cuda-debug] reached stage=after_post_physics_step step=9000
[cuda-debug] tensors stage=step_outputs step=9000 observations[min=-6.1805,max=6.1715,abs=6.1805] privileged_observations[min=-89.351,max=94.863,abs=94.863] rewards[min=0,max=0.034842,abs=0.034842] memory_mib[allocated=946.1,reserved=2982.0]

######################### Learning iteration 187/4999 ##########################
                       Computation: 15748 steps/s
                   Collection time: 11.526 s
                     Learning time: 0.666 s
               Value function loss: 0.0056
                    Surrogate loss: -0.0102
             Mean action noise std: 0.7838
                       Mean reward: 28.78
               Mean episode length: 1820.77
--------------------------------------------------------------------------------
                   Total timesteps: 36096000
                    Iteration time: 12.19 s
                        Total time: 1736.10 s
                               ETA: 16:17:46
################################################################################

######################### Learning iteration 188/4999 ##########################
                       Computation: 14932 steps/s
                   Collection time: 12.209 s
                     Learning time: 0.649 s
               Value function loss: 0.0051
                    Surrogate loss: -0.0118
             Mean action noise std: 0.7839
                       Mean reward: 22.52
               Mean episode length: 1590.73
--------------------------------------------------------------------------------
                   Total timesteps: 36288000
                    Iteration time: 12.86 s
                        Total time: 1748.96 s
                               ETA: 17:11:00
################################################################################
[cuda-debug] tensors stage=clipped_actions step=9100 actions[min=-6.2988,max=6.5665,abs=6.5665] memory_mib[allocated=944.0,reserved=2982.0]
[cuda-debug] tensors stage=before_simulate step=9100 substep=0 actions[min=-6.2988,max=6.5665,abs=6.5665] torques[min=-142.48,max=106.04,abs=142.48] joint_pos_target[min=-2.9671,max=2.8976,abs=2.9671] forces[min=-70,max=70,abs=70] root_states[min=-3.5588,max=70.327,abs=70.327] dof_pos[min=-6.2829,max=6.2829,abs=6.2829] dof_vel[min=-44.621,max=51.086,abs=51.086] memory_mib[allocated=944.3,reserved=2982.0]
[cuda-debug] stage=dof_diagnostics step=9100 substep=0 hard_limit_violation=[env=736,item=RAR_ABAD_JOINT,value=0.00039816;env=1810,item=ROBOT_ARM_JOINT3,value=0.00020003;env=2417,item=ROBOT_ARM_JOINT3,value=0.00018024;env=2718,item=ROBOT_ARM_JOINT3,value=0.00014877;env=610,item=ROBOT_ARM_JOINT2,value=0.00013948] target_clamp=[env=2539,item=ROBOT_ARM_JOINT2,value=2.9378;env=2392,item=ROBOT_ARM_JOINT6,value=2.9284;env=134,item=ROBOT_ARM_JOINT6,value=2.8614;env=3734,item=ROBOT_ARM_JOINT6,value=2.8299;env=1542,item=ROBOT_ARM_JOINT2,value=2.7994] velocity_excess=[env=1082,item=ROBOT_ARM_JOINT6,value=0.087185;env=2704,item=ROBOT_ARM_JOINT4,value=0.050586;env=3608,item=ROBOT_ARM_JOINT4,value=0.016092;env=438,item=ROBOT_ARM_JOINT4,value=0.0059862]
[cuda-debug] reached stage=before_simulate step=9100 substep=0
[cuda-debug] reached stage=after_fetch_results step=9100 substep=0
[cuda-debug] reached stage=after_refresh_tensors step=9100 substep=0
[cuda-debug] tensors stage=after_refresh_tensors step=9100 substep=0 root_states[min=-3.5069,max=70.327,abs=70.327] dof_pos[min=-6.2828,max=6.2811,abs=6.2828] dof_vel[min=-38.698,max=48.991,abs=48.991] rigid_body_state[min=-35.249,max=70.848,abs=70.848] contact_forces[min=-8638,max=19745,abs=19745] memory_mib[allocated=944.5,reserved=2982.0]
[cuda-debug] stage=contact_diagnostics step=9100 substep=0 top_contacts=[env=736,item=ROBOT_ARM_LINK7,value=21531;env=2042,item=RBL_FOOT_LINK,value=11170;env=330,item=RBL_FOOT_LINK,value=10767;env=2554,item=FBL_FOOT_LINK,value=10712;env=2210,item=FAR_FOOT_LINK,value=10569]
[cuda-debug] reached stage=before_post_physics_step step=9100
[cuda-debug] reached stage=after_post_physics_step step=9100
[cuda-debug] tensors stage=step_outputs step=9100 observations[min=-6.2988,max=6.5665,abs=6.5665] privileged_observations[min=-93.952,max=93.675,abs=93.952] rewards[min=0,max=0.036406,abs=0.036406] memory_mib[allocated=946.2,reserved=2982.0]
/buildAgent/work/99bede84aa0a52c2/source/gpusolver/src/PxgTGSCudaSolverCore.cpp (1612) : internal error : GPU mArtiSolvePartitionFunction fail to launch kernel!!


/buildAgent/work/99bede84aa0a52c2/source/gpuarticulation/src/PxgArticulationCore.cpp (1064) : internal error : GPU averageDeltaV fail to launch kernel!!


/buildAgent/work/99bede84aa0a52c2/source/gpuarticulation/src/PxgArticulationCore.cpp (1074) : internal error : GPU averageDeltaV fail to launch kernel!!


/buildAgent/work/99bede84aa0a52c2/source/gpusolver/src/PxgTGSCudaSolverCore.cpp (1612) : internal error : GPU mArtiSolvePartitionFunction fail to launch kernel!!


/buildAgent/work/99bede84aa0a52c2/source/gpuarticulation/src/PxgArticulationCore.cpp (1064) : internal error : GPU averageDeltaV fail to launch kernel!!


/buildAgent/work/99bede84aa0a52c2/source/gpuarticulation/src/PxgArticulationCore.cpp (1074) : internal error : GPU averageDeltaV fail to launch kernel!!


/buildAgent/work/99bede84aa0a52c2/source/gpusolver/src/PxgTGSCudaSolverCore.cpp (1612) : internal error : GPU mArtiSolvePartitionFunction fail to launch kernel!!


/buildAgent/work/99bede84aa0a52c2/source/gpuarticulation/src/PxgArticulationCore.cpp (1064) : internal error : GPU averageDeltaV fail to launch kernel!!


/buildAgent/work/99bede84aa0a52c2/source/gpuarticulation/src/PxgArticulationCore.cpp (1074) : internal error : GPU averageDeltaV fail to launch kernel!!


/buildAgent/work/99bede84aa0a52c2/source/gpusolver/src/PxgTGSCudaSolverCore.cpp (1612) : internal error : GPU mArtiSolvePartitionFunction fail to launch kernel!!


/buildAgent/work/99bede84aa0a52c2/source/gpuarticulation/src/PxgArticulationCore.cpp (1064) : internal error : GPU averageDeltaV fail to launch kernel!!


/buildAgent/work/99bede84aa0a52c2/source/gpuarticulation/src/PxgArticulationCore.cpp (1074) : internal error : GPU averageDeltaV fail to launch kernel!!


/buildAgent/work/99bede84aa0a52c2/source/gpusolver/src/PxgTGSCudaSolverCore.cpp (1612) : internal error : GPU mArtiSolvePartitionFunction fail to launch kernel!!


/buildAgent/work/99bede84aa0a52c2/source/gpuarticulation/src/PxgArticulationCore.cpp (1064) : internal error : GPU averageDeltaV fail to launch kernel!!


/buildAgent/work/99bede84aa0a52c2/source/gpuarticulation/src/PxgArticulationCore.cpp (1074) : internal error : GPU averageDeltaV fail to launch kernel!!


/buildAgent/work/99bede84aa0a52c2/source/gpusolver/src/PxgTGSCudaSolverCore.cpp (1612) : internal error : GPU mArtiSolvePartitionFunction fail to launch kernel!!


/buildAgent/work/99bede84aa0a52c2/source/gpuarticulation/src/PxgArticulationCore.cpp (1064) : internal error : GPU averageDeltaV fail to launch kernel!!


/buildAgent/work/99bede84aa0a52c2/source/gpuarticulation/src/PxgArticulationCore.cpp (1074) : internal error : GPU averageDeltaV fail to launch kernel!!


/buildAgent/work/99bede84aa0a52c2/source/gpusolver/src/PxgTGSCudaSolverCore.cpp (1612) : internal error : GPU mArtiSolvePartitionFunction fail to launch kernel!!


/buildAgent/work/99bede84aa0a52c2/source/gpuarticulation/src/PxgArticulationCore.cpp (1064) : internal error : GPU averageDeltaV fail to launch kernel!!


/buildAgent/work/99bede84aa0a52c2/source/gpuarticulation/src/PxgArticulationCore.cpp (1074) : internal error : GPU averageDeltaV fail to launch kernel!!


/buildAgent/work/99bede84aa0a52c2/source/gpusolver/src/PxgTGSCudaSolverCore.cpp (1612) : internal error : GPU mArtiSolvePartitionFunction fail to launch kernel!!


/buildAgent/work/99bede84aa0a52c2/source/gpusolver/src/PxgTGSCudaSolverCore.cpp (1697) : internal error : GPU compute solver bodies average velocities fail to launch kernel!!


/buildAgent/work/99bede84aa0a52c2/source/gpuarticulation/src/PxgArticulationCore.cpp (859) : internal error : GPU solveSelfConstraints fail to launch kernel!!


/buildAgent/work/99bede84aa0a52c2/source/gpuarticulation/src/PxgArticulationCore.cpp (879) : internal error : GPU artiSolveInternalTendonConstraints1T fail to launch kernel!!


/buildAgent/work/99bede84aa0a52c2/source/gpuarticulation/src/PxgArticulationCore.cpp (907) : internal error : GPU solveInternalConstraints fail to launch kernel!!


/buildAgent/work/99bede84aa0a52c2/source/gpusolver/src/PxgTGSCudaSolverCore.cpp (1784) : internal error : GPU propagate solver bodies average velocities fail to launch kernel!!


/buildAgent/work/99bede84aa0a52c2/source/gpuarticulation/src/PxgArticulationCore.cpp (1064) : internal error : GPU averageDeltaV fail to launch kernel!!


/buildAgent/work/99bede84aa0a52c2/source/gpuarticulation/src/PxgArticulationCore.cpp (1074) : internal error : GPU averageDeltaV fail to launch kernel!!


/buildAgent/work/99bede84aa0a52c2/source/gpusolver/src/PxgTGSCudaSolverCore.cpp (1612) : internal error : GPU mArtiSolvePartitionFunction fail to launch kernel!!


/buildAgent/work/99bede84aa0a52c2/source/gpuarticulation/src/PxgArticulationCore.cpp (1064) : internal error : GPU averageDeltaV fail to launch kernel!!


/buildAgent/work/99bede84aa0a52c2/source/gpuarticulation/src/PxgArticulationCore.cpp (1074) : internal error : GPU averageDeltaV fail to launch kernel!!


/buildAgent/work/99bede84aa0a52c2/source/gpusolver/src/PxgTGSCudaSolverCore.cpp (1612) : internal error : GPU mArtiSolvePartitionFunction fail to launch kernel!!


/buildAgent/work/99bede84aa0a52c2/source/gpuarticulation/src/PxgArticulationCore.cpp (1064) : internal error : GPU averageDeltaV fail to launch kernel!!


/buildAgent/work/99bede84aa0a52c2/source/gpuarticulation/src/PxgArticulationCore.cpp (1074) : internal error : GPU averageDeltaV fail to launch kernel!!


/buildAgent/work/99bede84aa0a52c2/source/gpusolver/src/PxgTGSCudaSolverCore.cpp (1612) : internal error : GPU mArtiSolvePartitionFunction fail to launch kernel!!


/buildAgent/work/99bede84aa0a52c2/source/gpuarticulation/src/PxgArticulationCore.cpp (1064) : internal error : GPU averageDeltaV fail to launch kernel!!


/buildAgent/work/99bede84aa0a52c2/source/gpuarticulation/src/PxgArticulationCore.cpp (1074) : internal error : GPU averageDeltaV fail to launch kernel!!


/buildAgent/work/99bede84aa0a52c2/source/gpusolver/src/PxgTGSCudaSolverCore.cpp (1612) : internal error : GPU mArtiSolvePartitionFunction fail to launch kernel!!


/buildAgent/work/99bede84aa0a52c2/source/gpuarticulation/src/PxgArticulationCore.cpp (1064) : internal error : GPU averageDeltaV fail to launch kernel!!


/buildAgent/work/99bede84aa0a52c2/source/gpuarticulation/src/PxgArticulationCore.cpp (1074) : internal error : GPU averageDeltaV fail to launch kernel!!


/buildAgent/work/99bede84aa0a52c2/source/gpusolver/src/PxgTGSCudaSolverCore.cpp (1612) : internal error : GPU mArtiSolvePartitionFunction fail to launch kernel!!


/buildAgent/work/99bede84aa0a52c2/source/gpuarticulation/src/PxgArticulationCore.cpp (1064) : internal error : GPU averageDeltaV fail to launch kernel!!


/buildAgent/work/99bede84aa0a52c2/source/gpuarticulation/src/PxgArticulationCore.cpp (1074) : internal error : GPU averageDeltaV fail to launch kernel!!


/buildAgent/work/99bede84aa0a52c2/source/gpusolver/src/PxgTGSCudaSolverCore.cpp (1612) : internal error : GPU mArtiSolvePartitionFunction fail to launch kernel!!


/buildAgent/work/99bede84aa0a52c2/source/gpuarticulation/src/PxgArticulationCore.cpp (1064) : internal error : GPU averageDeltaV fail to launch kernel!!


/buildAgent/work/99bede84aa0a52c2/source/gpuarticulation/src/PxgArticulationCore.cpp (1074) : internal error : GPU averageDeltaV fail to launch kernel!!


/buildAgent/work/99bede84aa0a52c2/source/gpusolver/src/PxgTGSCudaSolverCore.cpp (1612) : internal error : GPU mArtiSolvePartitionFunction fail to launch kernel!!


/buildAgent/work/99bede84aa0a52c2/source/gpuarticulation/src/PxgArticulationCore.cpp (1064) : internal error : GPU averageDeltaV fail to launch kernel!!


/buildAgent/work/99bede84aa0a52c2/source/gpuarticulation/src/PxgArticulationCore.cpp (1074) : internal error : GPU averageDeltaV fail to launch kernel!!


/buildAgent/work/99bede84aa0a52c2/source/gpusolver/src/PxgTGSCudaSolverCore.cpp (1612) : internal error : GPU mArtiSolvePartitionFunction fail to launch kernel!!


/buildAgent/work/99bede84aa0a52c2/source/gpusolver/src/PxgTGSCudaSolverCore.cpp (1697) : internal error : GPU compute solver bodies average velocities fail to launch kernel!!


/buildAgent/work/99bede84aa0a52c2/source/gpuarticulation/src/PxgArticulationCore.cpp (859) : internal error : GPU solveSelfConstraints fail to launch kernel!!


/buildAgent/work/99bede84aa0a52c2/source/gpuarticulation/src/PxgArticulationCore.cpp (879) : internal error : GPU artiSolveInternalTendonConstraints1T fail to launch kernel!!


/buildAgent/work/99bede84aa0a52c2/source/gpuarticulation/src/PxgArticulationCore.cpp (907) : internal error : GPU solveInternalConstraints fail to launch kernel!!


/buildAgent/work/99bede84aa0a52c2/source/gpusolver/src/PxgTGSCudaSolverCore.cpp (1784) : internal error : GPU propagate solver bodies average velocities fail to launch kernel!!


/buildAgent/work/99bede84aa0a52c2/source/gpuarticulation/src/PxgArticulationCore.cpp (1064) : internal error : GPU averageDeltaV fail to launch kernel!!


/buildAgent/work/99bede84aa0a52c2/source/gpuarticulation/src/PxgArticulationCore.cpp (1074) : internal error : GPU averageDeltaV fail to launch kernel!!


/buildAgent/work/99bede84aa0a52c2/source/gpusolver/src/PxgTGSCudaSolverCore.cpp (1612) : internal error : GPU mArtiSolvePartitionFunction fail to launch kernel!!


/buildAgent/work/99bede84aa0a52c2/source/gpuarticulation/src/PxgArticulationCore.cpp (1064) : internal error : GPU averageDeltaV fail to launch kernel!!


/buildAgent/work/99bede84aa0a52c2/source/gpuarticulation/src/PxgArticulationCore.cpp (1074) : internal error : GPU averageDeltaV fail to launch kernel!!


/buildAgent/work/99bede84aa0a52c2/source/gpusolver/src/PxgTGSCudaSolverCore.cpp (1612) : internal error : GPU mArtiSolvePartitionFunction fail to launch kernel!!


/buildAgent/work/99bede84aa0a52c2/source/gpuarticulation/src/PxgArticulationCore.cpp (1064) : internal error : GPU averageDeltaV fail to launch kernel!!


/buildAgent/work/99bede84aa0a52c2/source/gpuarticulation/src/PxgArticulationCore.cpp (1074) : internal error : GPU averageDeltaV fail to launch kernel!!


/buildAgent/work/99bede84aa0a52c2/source/gpusolver/src/PxgTGSCudaSolverCore.cpp (1612) : internal error : GPU mArtiSolvePartitionFunction fail to launch kernel!!


/buildAgent/work/99bede84aa0a52c2/source/gpuarticulation/src/PxgArticulationCore.cpp (1064) : internal error : GPU averageDeltaV fail to launch kernel!!


/buildAgent/work/99bede84aa0a52c2/source/gpuarticulation/src/PxgArticulationCore.cpp (1074) : internal error : GPU averageDeltaV fail to launch kernel!!


/buildAgent/work/99bede84aa0a52c2/source/gpusolver/src/PxgTGSCudaSolverCore.cpp (1612) : internal error : GPU mArtiSolvePartitionFunction fail to launch kernel!!


/buildAgent/work/99bede84aa0a52c2/source/gpuarticulation/src/PxgArticulationCore.cpp (1064) : internal error : GPU averageDeltaV fail to launch kernel!!


/buildAgent/work/99bede84aa0a52c2/source/gpuarticulation/src/PxgArticulationCore.cpp (1074) : internal error : GPU averageDeltaV fail to launch kernel!!


/buildAgent/work/99bede84aa0a52c2/source/gpusolver/src/PxgTGSCudaSolverCore.cpp (1612) : internal error : GPU mArtiSolvePartitionFunction fail to launch kernel!!


/buildAgent/work/99bede84aa0a52c2/source/gpuarticulation/src/PxgArticulationCore.cpp (1064) : internal error : GPU averageDeltaV fail to launch kernel!!


/buildAgent/work/99bede84aa0a52c2/source/gpuarticulation/src/PxgArticulationCore.cpp (1074) : internal error : GPU averageDeltaV fail to launch kernel!!


/buildAgent/work/99bede84aa0a52c2/source/gpusolver/src/PxgTGSCudaSolverCore.cpp (1612) : internal error : GPU mArtiSolvePartitionFunction fail to launch kernel!!


/buildAgent/work/99bede84aa0a52c2/source/gpuarticulation/src/PxgArticulationCore.cpp (1064) : internal error : GPU averageDeltaV fail to launch kernel!!


/buildAgent/work/99bede84aa0a52c2/source/gpuarticulation/src/PxgArticulationCore.cpp (1074) : internal error : GPU averageDeltaV fail to launch kernel!!


/buildAgent/work/99bede84aa0a52c2/source/gpusolver/src/PxgTGSCudaSolverCore.cpp (1612) : internal error : GPU mArtiSolvePartitionFunction fail to launch kernel!!


/buildAgent/work/99bede84aa0a52c2/source/gpuarticulation/src/PxgArticulationCore.cpp (1064) : internal error : GPU averageDeltaV fail to launch kernel!!


/buildAgent/work/99bede84aa0a52c2/source/gpuarticulation/src/PxgArticulationCore.cpp (1074) : internal error : GPU averageDeltaV fail to launch kernel!!


/buildAgent/work/99bede84aa0a52c2/source/gpusolver/src/PxgTGSCudaSolverCore.cpp (1612) : internal error : GPU mArtiSolvePartitionFunction fail to launch kernel!!


/buildAgent/work/99bede84aa0a52c2/source/gpusolver/src/PxgTGSCudaSolverCore.cpp (1697) : internal error : GPU compute solver bodies average velocities fail to launch kernel!!


/buildAgent/work/99bede84aa0a52c2/source/gpuarticulation/src/PxgArticulationCore.cpp (859) : internal error : GPU solveSelfConstraints fail to launch kernel!!


/buildAgent/work/99bede84aa0a52c2/source/gpuarticulation/src/PxgArticulationCore.cpp (879) : internal error : GPU artiSolveInternalTendonConstraints1T fail to launch kernel!!


/buildAgent/work/99bede84aa0a52c2/source/gpuarticulation/src/PxgArticulationCore.cpp (907) : internal error : GPU solveInternalConstraints fail to launch kernel!!


/buildAgent/work/99bede84aa0a52c2/source/gpusolver/src/PxgTGSCudaSolverCore.cpp (1784) : internal error : GPU propagate solver bodies average velocities fail to launch kernel!!


/buildAgent/work/99bede84aa0a52c2/source/gpuarticulation/src/PxgArticulationCore.cpp (1064) : internal error : GPU averageDeltaV fail to launch kernel!!


/buildAgent/work/99bede84aa0a52c2/source/gpuarticulation/src/PxgArticulationCore.cpp (1074) : internal error : GPU averageDeltaV fail to launch kernel!!


/buildAgent/work/99bede84aa0a52c2/source/gpusolver/src/PxgTGSCudaSolverCore.cpp (1612) : internal error : GPU mArtiSolvePartitionFunction fail to launch kernel!!


/buildAgent/work/99bede84aa0a52c2/source/gpuarticulation/src/PxgArticulationCore.cpp (1064) : internal error : GPU averageDeltaV fail to launch kernel!!


/buildAgent/work/99bede84aa0a52c2/source/gpuarticulation/src/PxgArticulationCore.cpp (1074) : internal error : GPU averageDeltaV fail to launch kernel!!


/buildAgent/work/99bede84aa0a52c2/source/gpusolver/src/PxgTGSCudaSolverCore.cpp (1612) : internal error : GPU mArtiSolvePartitionFunction fail to launch kernel!!


/buildAgent/work/99bede84aa0a52c2/source/gpuarticulation/src/PxgArticulationCore.cpp (1064) : internal error : GPU averageDeltaV fail to launch kernel!!


/buildAgent/work/99bede84aa0a52c2/source/gpuarticulation/src/PxgArticulationCore.cpp (1074) : internal error : GPU averageDeltaV fail to launch kernel!!


/buildAgent/work/99bede84aa0a52c2/source/gpusolver/src/PxgTGSCudaSolverCore.cpp (1612) : internal error : GPU mArtiSolvePartitionFunction fail to launch kernel!!


/buildAgent/work/99bede84aa0a52c2/source/gpuarticulation/src/PxgArticulationCore.cpp (1064) : internal error : GPU averageDeltaV fail to launch kernel!!


/buildAgent/work/99bede84aa0a52c2/source/gpuarticulation/src/PxgArticulationCore.cpp (1074) : internal error : GPU averageDeltaV fail to launch kernel!!


/buildAgent/work/99bede84aa0a52c2/source/gpusolver/src/PxgTGSCudaSolverCore.cpp (1612) : internal error : GPU mArtiSolvePartitionFunction fail to launch kernel!!


/buildAgent/work/99bede84aa0a52c2/source/gpuarticulation/src/PxgArticulationCore.cpp (1064) : internal error : GPU averageDeltaV fail to launch kernel!!


/buildAgent/work/99bede84aa0a52c2/source/gpuarticulation/src/PxgArticulationCore.cpp (1074) : internal error : GPU averageDeltaV fail to launch kernel!!


/buildAgent/work/99bede84aa0a52c2/source/gpusolver/src/PxgTGSCudaSolverCore.cpp (1612) : internal error : GPU mArtiSolvePartitionFunction fail to launch kernel!!


/buildAgent/work/99bede84aa0a52c2/source/gpuarticulation/src/PxgArticulationCore.cpp (1064) : internal error : GPU averageDeltaV fail to launch kernel!!


/buildAgent/work/99bede84aa0a52c2/source/gpuarticulation/src/PxgArticulationCore.cpp (1074) : internal error : GPU averageDeltaV fail to launch kernel!!


/buildAgent/work/99bede84aa0a52c2/source/gpusolver/src/PxgTGSCudaSolverCore.cpp (1612) : internal error : GPU mArtiSolvePartitionFunction fail to launch kernel!!


/buildAgent/work/99bede84aa0a52c2/source/gpuarticulation/src/PxgArticulationCore.cpp (1064) : internal error : GPU averageDeltaV fail to launch kernel!!


/buildAgent/work/99bede84aa0a52c2/source/gpuarticulation/src/PxgArticulationCore.cpp (1074) : internal error : GPU averageDeltaV fail to launch kernel!!


/buildAgent/work/99bede84aa0a52c2/source/gpusolver/src/PxgTGSCudaSolverCore.cpp (1612) : internal error : GPU mArtiSolvePartitionFunction fail to launch kernel!!


/buildAgent/work/99bede84aa0a52c2/source/gpuarticulation/src/PxgArticulationCore.cpp (1064) : internal error : GPU averageDeltaV fail to launch kernel!!


/buildAgent/work/99bede84aa0a52c2/source/gpuarticulation/src/PxgArticulationCore.cpp (1074) : internal error : GPU averageDeltaV fail to launch kernel!!


/buildAgent/work/99bede84aa0a52c2/source/gpusolver/src/PxgTGSCudaSolverCore.cpp (1612) : internal error : GPU mArtiSolvePartitionFunction fail to launch kernel!!


/buildAgent/work/99bede84aa0a52c2/source/gpusolver/src/PxgTGSCudaSolverCore.cpp (1697) : internal error : GPU compute solver bodies average velocities fail to launch kernel!!


/buildAgent/work/99bede84aa0a52c2/source/gpuarticulation/src/PxgArticulationCore.cpp (859) : internal error : GPU solveSelfConstraints fail to launch kernel!!


/buildAgent/work/99bede84aa0a52c2/source/gpuarticulation/src/PxgArticulationCore.cpp (879) : internal error : GPU artiSolveInternalTendonConstraints1T fail to launch kernel!!


/buildAgent/work/99bede84aa0a52c2/source/gpuarticulation/src/PxgArticulationCore.cpp (907) : internal error : GPU solveInternalConstraints fail to launch kernel!!


/buildAgent/work/99bede84aa0a52c2/source/gpusolver/src/PxgTGSCudaSolverCore.cpp (1784) : internal error : GPU propagate solver bodies average velocities fail to launch kernel!!


/buildAgent/work/99bede84aa0a52c2/source/gpusolver/src/PxgTGSCudaSolverCore.cpp (1814) : internal error : GPU concludeBlockFunction fail to launch kernel!!


/buildAgent/work/99bede84aa0a52c2/source/gpusolver/src/PxgTGSCudaSolverCore.cpp (2116) : internal error : GPU mWritebackBlockFunction fail to launch kernel!!


/buildAgent/work/99bede84aa0a52c2/source/gpucommon/include/PxgCudaUtils.h (80) : internal error : SynchronizeStreams failed


/buildAgent/work/99bede84aa0a52c2/source/gpucommon/include/PxgCudaUtils.h (80) : internal error : SynchronizeStreams failed


/buildAgent/work/99bede84aa0a52c2/source/gpucommon/include/PxgCudaUtils.h (80) : internal error : SynchronizeStreams failed


/buildAgent/work/99bede84aa0a52c2/source/physx/src/NpScene.cpp (3509) : internal error : PhysX Internal CUDA error. Simulation can not continue!

/buildAgent/work/99bede84aa0a52c2/source/gpunarrowphase/src/PxgNarrowphaseCore.cpp (11310) : internal error : GPU compressContactStage1 fail to launch kernel stage 1!!


/buildAgent/work/99bede84aa0a52c2/source/gpunarrowphase/src/PxgNarrowphaseCore.cpp (11347) : internal error : GPU compressContactStage2 fail to launch kernel stage 1!!


[Error] [carb.gym.plugin] Gym cuda error: an illegal memory access was encountered: ../../../source/plugins/carb/gym/impl/Gym/GymPhysX.cpp: 4202
[Error] [carb.gym.plugin] Gym cuda error: an illegal memory access was encountered: ../../../source/plugins/carb/gym/impl/Gym/GymPhysX.cpp: 4210
[Error] [carb.gym.plugin] Gym cuda error: an illegal memory access was encountered: ../../../source/plugins/carb/gym/impl/Gym/GymPhysX.cpp: 3480
[Error] [carb.gym.plugin] Gym cuda error: an illegal memory access was encountered: ../../../source/plugins/carb/gym/impl/Gym/GymPhysX.cpp: 3499
[Error] [carb.gym.plugin] Gym cuda error: an illegal memory access was encountered: ../../../source/plugins/carb/gym/impl/Gym/GymPhysX.cpp: 3500
[Error] [carb.gym.plugin] Gym cuda error: an illegal memory access was encountered: ../../../source/plugins/carb/gym/impl/Gym/GymPhysX.cpp: 3535
[Error] [carb.gym.plugin] Gym cuda error: an illegal memory access was encountered: ../../../source/plugins/carb/gym/impl/Gym/GymPhysX.cpp: 3546
[Error] [carb.gym.plugin] Gym cuda error: an illegal memory access was encountered: ../../../source/plugins/carb/gym/impl/Gym/GymPhysX.cpp: 5754
[Error] [carb.gym.plugin] Gym cuda error: an illegal memory access was encountered: ../../../source/plugins/carb/gym/impl/Gym/GymPhysXCuda.cu: 926
[Error] [carb.gym.plugin] Failed to fill rigid body state tensor
[Error] [carb.gym.plugin] Gym cuda error: an illegal memory access was encountered: ../../../source/plugins/carb/gym/impl/Gym/GymPhysX.cpp: 3560
[Error] [carb.gym.plugin] Gym cuda error: an illegal memory access was encountered: ../../../source/plugins/carb/gym/impl/Gym/GymPhysX.cpp: 3610
[cuda-debug] CUDA failure first observed while synchronizing stage=after_fetch_results step=9111 substep=4: CUDA error: an illegal memory access was encountered last_valid_tensors='stage=before_simulate step=9111 substep=4 actions[min=-6.2519,max=6.5234,abs=6.5234] torques[min=-117.17,max=117.29,abs=117.29] joint_pos_target[min=-2.9671,max=2.9367,abs=2.9671] forces[min=-70,max=70,abs=70] root_states[min=-3.5982,max=70.342,abs=70.342] dof_pos[min=-6.2826,max=6.2828,abs=6.2828] dof_vel[min=-67.241,max=44.376,abs=67.241]' last_dof_diagnostics='stage=dof_diagnostics step=9111 substep=4 hard_limit_violation=[env=3822,item=RAR_ABAD_JOINT,value=0.00034022;env=1861,item=ROBOT_ARM_JOINT2,value=0.00032643;env=1861,item=ROBOT_ARM_JOINT3,value=0.00027347;env=235,item=FAR_ABAD_JOINT,value=0.00019258;env=2417,item=ROBOT_ARM_JOINT3,value=0.00017548] target_clamp=[env=504,item=ROBOT_ARM_JOINT3,value=3.1119;env=3386,item=ROBOT_ARM_JOINT3,value=2.7707;env=1681,item=ROBOT_ARM_JOINT5,value=2.7672;env=244,item=ROBOT_ARM_JOINT6,value=2.7194;env=2451,item=ROBOT_ARM_JOINT5,value=2.6246] velocity_excess=[env=2788,item=ROBOT_ARM_JOINT5,value=0.10736;env=1722,item=ROBOT_ARM_JOINT1,value=0.049316;env=3649,item=ROBOT_ARM_JOINT4,value=0.045638;env=210,item=ROBOT_ARM_JOINT5,value=0.027666;env=3077,item=ROBOT_ARM_JOINT4,value=0.026755]' last_contact_diagnostics='stage=contact_diagnostics step=9111 substep=3 top_contacts=[env=736,item=RBL_FOOT_LINK,value=15074;env=3676,item=ROBOT_ARM_LINK7,value=11778;env=2042,item=RBL_FOOT_LINK,value=10351;env=2210,item=FAR_FOOT_LINK,value=9899.1;env=2554,item=FBL_FOOT_LINK,value=9870.8]'
[Error] [carb.gym.plugin] Gym cuda error: an illegal memory access was encountered: ../../../source/plugins/carb/gym/impl/Gym/TensorUtils.cpp: 156
[Error] [carb.gym.plugin] Gym cuda error: an illegal memory access was encountered: ../../../source/plugins/carb/gym/impl/Gym/TensorUtils.cpp: 156
[Error] [carb.gym.plugin] Gym cuda error: an illegal memory access was encountered: ../../../source/plugins/carb/gym/impl/Gym/TensorUtils.cpp: 156
[Error] [carb.gym.plugin] Gym cuda error: an illegal memory access was encountered: ../../../source/plugins/carb/gym/impl/Gym/TensorUtils.cpp: 156
PxgCudaDeviceMemoryDeallocate fail to deallocate memory!!
PxgCudaDeviceMemoryDeallocate fail to deallocate memory!!
PxgCudaDeviceMemoryDeallocate fail to deallocate memory!!
PxgCudaDeviceMemoryDeallocate fail to deallocate memory!!
PxgCudaDeviceMemoryDeallocate fail to deallocate memory!!
PxgCudaDeviceMemoryDeallocate fail to deallocate memory!!
PxgCudaDeviceMemoryDeallocate fail to deallocate memory!!
PxgCudaDeviceMemoryDeallocate fail to deallocate memory!!
PxgCudaDeviceMemoryDeallocate fail to deallocate memory!!
PxgCudaDeviceMemoryDeallocate fail to deallocate memory!!
PxgCudaDeviceMemoryDeallocate fail to deallocate memory!!
PxgCudaDeviceMemoryDeallocate fail to deallocate memory!!
PxgCudaDeviceMemoryDeallocate fail to deallocate memory!!
PxgCudaDeviceMemoryDeallocate fail to deallocate memory!!
PxgCudaDeviceMemoryDeallocate fail to deallocate memory!!
PxgCudaDeviceMemoryDeallocate fail to deallocate memory!!
PxgCudaDeviceMemoryDeallocate fail to deallocate memory!!
PxgCudaDeviceMemoryDeallocate fail to deallocate memory!!
PxgCudaDeviceMemoryDeallocate fail to deallocate memory!!
PxgCudaDeviceMemoryDeallocate fail to deallocate memory!!
PxgCudaDeviceMemoryDeallocate fail to deallocate memory!!
PxgCudaDeviceMemoryDeallocate fail to deallocate memory!!
PxgCudaDeviceMemoryDeallocate fail to deallocate memory!!
PxgCudaDeviceMemoryDeallocate fail to deallocate memory!!
PxgCudaDeviceMemoryDeallocate fail to deallocate memory!!
PxgCudaDeviceMemoryDeallocate fail to deallocate memory!!
PxgCudaDeviceMemoryDeallocate fail to deallocate memory!!
PxgCudaDeviceMemoryDeallocate fail to deallocate memory!!
PxgCudaDeviceMemoryDeallocate fail to deallocate memory!!
PxgCudaDeviceMemoryDeallocate fail to deallocate memory!!
PxgCudaDeviceMemoryDeallocate fail to deallocate memory!!
PxgCudaDeviceMemoryDeallocate fail to deallocate memory!!
PxgCudaDeviceMemoryDeallocate fail to deallocate memory!!
PxgCudaDeviceMemoryDeallocate fail to deallocate memory!!
PxgCudaDeviceMemoryDeallocate fail to deallocate memory!!
PxgCudaDeviceMemoryDeallocate fail to deallocate memory!!
PxgCudaDeviceMemoryDeallocate fail to deallocate memory!!
PxgCudaDeviceMemoryDeallocate fail to deallocate memory!!
PxgCudaDeviceMemoryDeallocate fail to deallocate memory!!
PxgCudaDeviceMemoryDeallocate fail to deallocate memory!!
PxgCudaDeviceMemoryDeallocate fail to deallocate memory!!
PxgCudaDeviceMemoryDeallocate fail to deallocate memory!!
PxgCudaDeviceMemoryDeallocate fail to deallocate memory!!
PxgCudaDeviceMemoryDeallocate fail to deallocate memory!!
PxgCudaDeviceMemoryDeallocate fail to deallocate memory!!
PxgCudaDeviceMemoryDeallocate fail to deallocate memory!!
PxgCudaDeviceMemoryDeallocate fail to deallocate memory!!
PxgCudaDeviceMemoryDeallocate fail to deallocate memory!!
PxgCudaDeviceMemoryDeallocate fail to deallocate memory!!
PxgCudaDeviceMemoryDeallocate fail to deallocate memory!!
PxgCudaDeviceMemoryDeallocate fail to deallocate memory!!
PxgCudaDeviceMemoryDeallocate fail to deallocate memory!!
PxgCudaDeviceMemoryDeallocate fail to deallocate memory!!
Traceback (most recent call last):
  File "scripts/train.py", line 94, in <module>
    train(get_args())
  File "scripts/train.py", line 52, in train
    runner.learn(
  File "/home/ubuntu/zskj/learning-compliance/wbc_compliance_rl/runners/on_policy_runner.py", line 180, in learn
    obs_dict, rewards, dones, infos = self.env.step(actions)
  File "/home/ubuntu/zskj/learning-compliance/wbc_compliance_gym/envs/wrappers/history_wrapper.py", line 26, in step
    obs, rew, done, info = self.env.step(action)
  File "/home/ubuntu/zskj/learning-compliance/wbc_compliance_gym/envs/base/velocity_tracking_env.py", line 32, in step
    self.obs_buf, self.privileged_obs_buf, self.rew_buf, self.reset_buf, self.extras = super().step(actions)
  File "/home/ubuntu/zskj/learning-compliance/wbc_compliance_gym/envs/base/legged_robot.py", line 196, in step
    cuda_debugger.stage(
  File "/home/ubuntu/zskj/learning-compliance/wbc_compliance_gym/utils/cuda_debug.py", line 131, in stage
    torch.cuda.synchronize(self.device)
  File "/home/ubuntu/miniconda3/envs/compliance/lib/python3.8/site-packages/torch/cuda/__init__.py", line 566, in synchronize
    return torch._C._cuda_synchronize()
RuntimeError: CUDA error: an illegal memory access was encountered
